origin_datetime,regime_status,primary_score,secondary_score,seasonal_zscore_instantaneous,lower_threshold,period
2020-01-01 00:00:00,NORMAL,0.817396413754042,-0.07774595468093516,0.7329012246998237,-1.3607364107541395,pre_covid
2020-01-01 01:00:00,NORMAL,0.8164223806991528,-0.08111256077851639,1.3068991326549706,-1.3607364107541395,pre_covid
2020-01-01 02:00:00,NORMAL,0.8148485572699454,-0.08343986085010603,1.5912122649094589,-1.3607364107541395,pre_covid
2020-01-01 03:00:00,NORMAL,0.8116601537228088,-0.08458937223094566,1.8446719304226724,-1.3607364107541395,pre_covid
2020-01-01 04:00:00,NORMAL,0.8117728891753344,-0.08576043352224166,1.6734003259586412,-1.3607364107541395,pre_covid
2020-01-01 05:00:00,NORMAL,0.811659266343723,-0.08701501119752462,1.0289757495928562,-1.3607364107541395,pre_covid
2020-01-01 06:00:00,NORMAL,0.8091513551681226,-0.09128231206922797,-0.47294009092711137,-1.3607364107541395,pre_covid
2020-01-01 07:00:00,NORMAL,0.8082822015740545,-0.0959696829376987,-1.9569343862360709,-1.3607364107541395,pre_covid
2020-01-01 08:00:00,NORMAL,0.8052498963013245,-0.10028034828167838,-2.9962521842361522,-1.3607364107541395,pre_covid
2020-01-01 09:00:00,NORMAL,0.8009944869447472,-0.10494847237246761,-3.269322237966186,-1.3607364107541395,pre_covid
2020-01-01 10:00:00,NORMAL,0.7977331667423367,-0.11158974181224612,-3.459460080428619,-1.3607364107541395,pre_covid
2020-01-01 11:00:00,NORMAL,0.7917685081184194,-0.11774693466003117,-3.736581014409504,-1.3607364107541395,pre_covid
2020-01-01 12:00:00,NORMAL,0.7863686999169838,-0.12141140137291205,-3.666140624915057,-1.3607364107541395,pre_covid
2020-01-01 13:00:00,NORMAL,0.7799321778419465,-0.12334350180414055,-3.8042996375207463,-1.3607364107541395,pre_covid
2020-01-01 14:00:00,NORMAL,0.7726110070692236,-0.12571475612636038,-3.7057153444496684,-1.3607364107541395,pre_covid
2020-01-01 15:00:00,NORMAL,0.7665537922210456,-0.1277062856363684,-3.420640040990267,-1.3607364107541395,pre_covid
2020-01-01 16:00:00,NORMAL,0.7617890996001904,-0.13056747249242343,-3.300415411693146,-1.3607364107541395,pre_covid
2020-01-01 17:00:00,NORMAL,0.756996093905945,-0.134121077312066,-3.077908606863474,-1.3607364107541395,pre_covid
2020-01-01 18:00:00,NORMAL,0.7563888115755161,-0.13803263492225895,-2.2585737785631776,-1.3607364107541395,pre_covid
2020-01-01 19:00:00,NORMAL,0.7542468855995579,-0.1411628945990335,-2.1885674657476186,-1.3607364107541395,pre_covid
2020-01-01 20:00:00,NORMAL,0.7521360898328608,-0.14225646636839348,-1.5680647968535992,-1.3607364107541395,pre_covid
2020-01-01 21:00:00,NORMAL,0.7492245804867101,-0.14099724078753892,-1.0563764904166189,-1.3607364107541395,pre_covid
2020-01-01 22:00:00,NORMAL,0.7448799169742224,-0.13892499288515456,-1.1548694282275742,-1.3607364107541395,pre_covid
2020-01-01 23:00:00,NORMAL,0.7442561099831316,-0.13571794080844862,0.25204052380454106,-1.3607364107541395,pre_covid
2020-01-02 00:00:00,NORMAL,0.7419129263899267,-0.13206363523440204,0.4955489030469404,-1.3607364107541395,pre_covid
2020-01-02 01:00:00,NORMAL,0.7407725763925629,-0.13043708188806546,0.636147411938811,-1.3607364107541395,pre_covid
2020-01-02 02:00:00,NORMAL,0.7440517206843695,-0.12837963844788575,1.3961766358719978,-1.3607364107541395,pre_covid
2020-01-02 03:00:00,NORMAL,0.7423634675711447,-0.12918111858820203,0.46897130719026836,-1.3607364107541395,pre_covid
2020-01-02 04:00:00,NORMAL,0.7391085847057877,-0.12932464999479526,0.4572467881847488,-1.3607364107541395,pre_covid
2020-01-02 05:00:00,NORMAL,0.7421479605862685,-0.12692145864252077,1.041757555865386,-1.3607364107541395,pre_covid
2020-01-02 06:00:00,NORMAL,0.7421411575808156,-0.11891811517478361,1.1035601910482518,-1.3607364107541395,pre_covid
2020-01-02 07:00:00,NORMAL,0.7447308417071786,-0.10532126881463545,0.7339947166629288,-1.3607364107541395,pre_covid
2020-01-02 08:00:00,NORMAL,0.7429432432963822,-0.08459020299705881,0.41842936350178533,-1.3607364107541395,pre_covid
2020-01-02 09:00:00,NORMAL,0.7393663343537809,-0.06218420256789225,0.17514386700889864,-1.3607364107541395,pre_covid
2020-01-02 10:00:00,NORMAL,0.7361260725207867,-0.03511098623395909,0.16212134357820474,-1.3607364107541395,pre_covid
2020-01-02 11:00:00,NORMAL,0.7316763412739531,-0.007346636444738802,0.21297567106224852,-1.3607364107541395,pre_covid
2020-01-02 12:00:00,NORMAL,0.7282233958825929,0.020088068436483655,0.4379499673196894,-1.3607364107541395,pre_covid
2020-01-02 13:00:00,NORMAL,0.7219477107181228,0.04659113375736441,0.04860484872310485,-1.3607364107541395,pre_covid
2020-01-02 14:00:00,NORMAL,0.7160553052347802,0.07346588746983483,0.07516436025838413,-1.3607364107541395,pre_covid
2020-01-02 15:00:00,NORMAL,0.7085057858462582,0.0977126014562238,-0.0720991603915368,-1.3607364107541395,pre_covid
2020-01-02 16:00:00,NORMAL,0.701192716957904,0.11911387019303539,-0.07433719900696499,-1.3607364107541395,pre_covid
2020-01-02 17:00:00,NORMAL,0.6972912584836211,0.13762806845899359,0.5634913280533573,-1.3607364107541395,pre_covid
2020-01-02 18:00:00,NORMAL,0.696298938666014,0.15260942212523027,1.346717775166251,-1.3607364107541395,pre_covid
2020-01-02 19:00:00,NORMAL,0.6954807329574484,0.16653752095937716,1.6522844095177682,-1.3607364107541395,pre_covid
2020-01-02 20:00:00,NORMAL,0.6924238509877502,0.1763029526617275,1.3005867089782033,-1.3607364107541395,pre_covid
2020-01-02 21:00:00,NORMAL,0.6902606251305284,0.18383727554605922,1.5168995726934857,-1.3607364107541395,pre_covid
2020-01-02 22:00:00,NORMAL,0.6872500352589812,0.19070113193717794,1.327000261573166,-1.3607364107541395,pre_covid
2020-01-02 23:00:00,NORMAL,0.6875037920054899,0.19354775623894718,1.6981467695708627,-1.3607364107541395,pre_covid
2020-01-03 00:00:00,NORMAL,0.6847464288827213,0.19614200065985474,1.713362434138937,-1.3607364107541395,pre_covid
2020-01-03 01:00:00,NORMAL,0.6807619161975135,0.19923678264188494,1.721432667252754,-1.3607364107541395,pre_covid
2020-01-03 02:00:00,NORMAL,0.6744534854756475,0.19977239095767707,1.5061518349135183,-1.3607364107541395,pre_covid
2020-01-03 03:00:00,NORMAL,0.6669553535726794,0.2039894821550916,1.4850969350470857,-1.3607364107541395,pre_covid
2020-01-03 04:00:00,NORMAL,0.6585404506064519,0.20781475616246606,1.4659665783796114,-1.3607364107541395,pre_covid
2020-01-03 05:00:00,NORMAL,0.6506893211224727,0.20822769113641296,1.2978805584594415,-1.3607364107541395,pre_covid
2020-01-03 06:00:00,NORMAL,0.6423681181347421,0.2048541403490638,0.8567910430589548,-1.3607364107541395,pre_covid
2020-01-03 07:00:00,NORMAL,0.6388992298140936,0.19815041582929496,0.8561744433327309,-1.3607364107541395,pre_covid
2020-01-03 08:00:00,NORMAL,0.6367179011742341,0.18625398210901292,0.58263452289364,-1.3607364107541395,pre_covid
2020-01-03 09:00:00,NORMAL,0.6357594513365298,0.17335388797832832,0.48575701615563915,-1.3607364107541395,pre_covid
2020-01-03 10:00:00,NORMAL,0.6347161809536175,0.1581867031724977,0.5988243271176906,-1.3607364107541395,pre_covid
2020-01-03 11:00:00,NORMAL,0.6341226088661711,0.14223174275048403,0.6461219518234738,-1.3607364107541395,pre_covid
2020-01-03 12:00:00,NORMAL,0.6343025880285708,0.12506714272950104,0.780342129731609,-1.3607364107541395,pre_covid
2020-01-03 13:00:00,NORMAL,0.6352710070313249,0.11042616422660478,1.021904788024803,-1.3607364107541395,pre_covid
2020-01-03 14:00:00,NORMAL,0.6363603892612886,0.09525314090645344,0.9197235174623284,-1.3607364107541395,pre_covid
2020-01-03 15:00:00,NORMAL,0.6349289354198331,0.08170471925805105,0.6378200342947621,-1.3607364107541395,pre_covid
2020-01-03 16:00:00,NORMAL,0.6336291751053609,0.07103727818559236,0.8433370986664438,-1.3607364107541395,pre_covid
2020-01-03 17:00:00,NORMAL,0.6341083847162908,0.061370180025633346,1.2505257385556976,-1.3607364107541395,pre_covid
2020-01-03 18:00:00,NORMAL,0.6369614103917209,0.05416557338366976,2.003929244042226,-1.3607364107541395,pre_covid
2020-01-03 19:00:00,NORMAL,0.6393208668543258,0.046255638099200684,1.8751728190704142,-1.3607364107541395,pre_covid
2020-01-03 20:00:00,NORMAL,0.6403681684865239,0.04131949941287023,1.7649726181393897,-1.3607364107541395,pre_covid
2020-01-03 21:00:00,NORMAL,0.641212958062529,0.03648797262521785,1.6673957683207492,-1.3607364107541395,pre_covid
2020-01-03 22:00:00,NORMAL,0.638650736744375,0.03169102808901197,1.2813105067394688,-1.3607364107541395,pre_covid
2020-01-03 23:00:00,NORMAL,0.6360004275622073,0.028912108584382572,1.5660196298119817,-1.3607364107541395,pre_covid
2020-01-04 00:00:00,NORMAL,0.6363724288174987,0.026509699676437085,1.6357315449048104,-1.3607364107541395,pre_covid
2020-01-04 01:00:00,NORMAL,0.6373055581355683,0.024431732567817166,1.7272926251590839,-1.3607364107541395,pre_covid
2020-01-04 02:00:00,NORMAL,0.6384644510114974,0.024660547581425895,1.9582695658873088,-1.3607364107541395,pre_covid
2020-01-04 03:00:00,NORMAL,0.6389409152043093,0.022890360826578332,1.6801258242237034,-1.3607364107541395,pre_covid
2020-01-04 04:00:00,NORMAL,0.6398797416321144,0.021317207780667605,2.1316247133007105,-1.3607364107541395,pre_covid
2020-01-04 05:00:00,NORMAL,0.6394687908855954,0.02061152281971859,1.9305229804021027,-1.3607364107541395,pre_covid
2020-01-04 06:00:00,NORMAL,0.635840006789152,0.019697184193986444,1.5311530065389833,-1.3607364107541395,pre_covid
2020-01-04 07:00:00,NORMAL,0.6324735306378981,0.01538213121472392,1.4201634045548803,-1.3607364107541395,pre_covid
2020-01-04 08:00:00,NORMAL,0.6303630646782475,0.010640804543174722,1.3570167896232197,-1.3607364107541395,pre_covid
2020-01-04 09:00:00,NORMAL,0.6282801507432386,0.006021458438952926,1.3966349003272536,-1.3607364107541395,pre_covid
2020-01-04 10:00:00,NORMAL,0.6281454990670685,0.001119255329744975,1.4852773792290788,-1.3607364107541395,pre_covid
2020-01-04 11:00:00,NORMAL,0.6250842474461071,-0.003650944904170625,1.6642824206180444,-1.3607364107541395,pre_covid
2020-01-04 12:00:00,NORMAL,0.6245520026079162,-0.008760667145469329,1.9306533610529153,-1.3607364107541395,pre_covid
2020-01-04 13:00:00,NORMAL,0.6272740357448322,-0.01744723122688673,2.179336314435696,-1.3607364107541395,pre_covid
2020-01-04 14:00:00,NORMAL,0.6328989049188332,-0.025494433148161588,2.5108895611961537,-1.3607364107541395,pre_covid
2020-01-04 15:00:00,NORMAL,0.6372784895561535,-0.032453338052770925,2.427524748437746,-1.3607364107541395,pre_covid
2020-01-04 16:00:00,NORMAL,0.6419668086541913,-0.039167684421129965,2.4118701001984406,-1.3607364107541395,pre_covid
2020-01-04 17:00:00,NORMAL,0.6398538246784184,-0.04310738025322259,1.5448367417767281,-1.3607364107541395,pre_covid
2020-01-04 18:00:00,NORMAL,0.6421652759890093,-0.04649501335491674,2.45854598752554,-1.3607364107541395,pre_covid
2020-01-04 19:00:00,NORMAL,0.6467743347411471,-0.04802390288330572,2.653614377415846,-1.3607364107541395,pre_covid
2020-01-04 20:00:00,NORMAL,0.6501009028274407,-0.04966440255104245,2.350746590016112,-1.3607364107541395,pre_covid
2020-01-04 21:00:00,NORMAL,0.6510459733268296,-0.05135900773164184,1.9240140722726473,-1.3607364107541395,pre_covid
2020-01-04 22:00:00,NORMAL,0.6507302971577429,-0.051741432035175526,1.8170506676549123,-1.3607364107541395,pre_covid
2020-01-04 23:00:00,NORMAL,0.6547525271934809,-0.051669915773788884,1.9251331611320182,-1.3607364107541395,pre_covid
2020-01-05 00:00:00,NORMAL,0.6592523977527807,-0.050795244801817734,2.029703540297205,-1.3607364107541395,pre_covid
2020-01-05 01:00:00,NORMAL,0.6604875719240608,-0.05036977845588914,1.9054288002109412,-1.3607364107541395,pre_covid
2020-01-05 02:00:00,NORMAL,0.6638754771525727,-0.0505144788340201,2.1378244058994893,-1.3607364107541395,pre_covid
2020-01-05 03:00:00,NORMAL,0.6663122371503958,-0.04986446079968771,2.1253389989452054,-1.3607364107541395,pre_covid
2020-01-05 04:00:00,NORMAL,0.6679787691451473,-0.050114979560035654,2.1033110391754817,-1.3607364107541395,pre_covid
2020-01-05 05:00:00,NORMAL,0.6706945500128791,-0.04963102200851565,2.0682022419129567,-1.3607364107541395,pre_covid
2020-01-05 06:00:00,NORMAL,0.6685659975990573,-0.049279725339195495,1.022847493924477,-1.3607364107541395,pre_covid
2020-01-05 07:00:00,NORMAL,0.6689286126346377,-0.04710485519171278,0.6570241476702775,-1.3607364107541395,pre_covid
2020-01-05 08:00:00,NORMAL,0.6683154689420191,-0.04797226807571984,-0.09684567127945834,-1.3607364107541395,pre_covid
2020-01-05 09:00:00,NORMAL,0.6675836501596285,-0.05072449242939419,-0.26158030524481934,-1.3607364107541395,pre_covid
2020-01-05 10:00:00,NORMAL,0.665149011364261,-0.05443496842384238,-0.373700925400881,-1.3607364107541395,pre_covid
2020-01-05 11:00:00,NORMAL,0.6598345578343616,-0.0581550314026938,-0.40321953425283025,-1.3607364107541395,pre_covid
2020-01-05 12:00:00,NORMAL,0.6551745844850987,-0.06043301345075319,-0.18346190974592222,-1.3607364107541395,pre_covid
2020-01-05 13:00:00,NORMAL,0.6500531693633742,-0.0611880906413027,-0.20489432852959963,-1.3607364107541395,pre_covid
2020-01-05 14:00:00,NORMAL,0.6449208992939403,-0.06225451622772396,-0.034397050953908596,-1.3607364107541395,pre_covid
2020-01-05 15:00:00,NORMAL,0.6409248682873694,-0.06288008192994755,0.34486009568535775,-1.3607364107541395,pre_covid
2020-01-05 16:00:00,NORMAL,0.6361739663972651,-0.06430436786254938,0.35476988086828154,-1.3607364107541395,pre_covid
2020-01-05 17:00:00,NORMAL,0.6339128970223008,-0.06544608023917628,0.6707989502000766,-1.3607364107541395,pre_covid
2020-01-05 18:00:00,NORMAL,0.6379443229871131,-0.06539329553165299,1.5253194953646267,-1.3607364107541395,pre_covid
2020-01-05 19:00:00,NORMAL,0.6391695015380731,-0.06655384532912727,1.5141853744820317,-1.3607364107541395,pre_covid
2020-01-05 20:00:00,NORMAL,0.6412987467906397,-0.06655185825369282,1.946432227085572,-1.3607364107541395,pre_covid
2020-01-05 21:00:00,NORMAL,0.6407334829019343,-0.06502954328092901,1.9711649543082,-1.3607364107541395,pre_covid
2020-01-05 22:00:00,NORMAL,0.6390217993410364,-0.06419751393248582,2.002188937320022,-1.3607364107541395,pre_covid
2020-01-05 23:00:00,NORMAL,0.63628429392322,-0.06486550049493132,1.510815586821571,-1.3607364107541395,pre_covid
2020-01-06 00:00:00,NORMAL,0.6376093328641147,-0.06558641178214805,1.914251180850021,-1.3607364107541395,pre_covid
2020-01-06 01:00:00,NORMAL,0.6393941689265713,-0.0657983360621791,1.8413402340741234,-1.3607364107541395,pre_covid
2020-01-06 02:00:00,NORMAL,0.6387883664212725,-0.06584675110991273,2.03984465030369,-1.3607364107541395,pre_covid
2020-01-06 03:00:00,NORMAL,0.6391219109178461,-0.06620874540012238,2.1682913902391547,-1.3607364107541395,pre_covid
2020-01-06 04:00:00,NORMAL,0.6351878228159764,-0.06574722388819203,1.8134700528264827,-1.3607364107541395,pre_covid
2020-01-06 05:00:00,NORMAL,0.6342818928791879,-0.06434208105774371,2.2244948879243958,-1.3607364107541395,pre_covid
2020-01-06 06:00:00,NORMAL,0.6312850843085092,-0.05849318956491556,2.1512995142552223,-1.3607364107541395,pre_covid
2020-01-06 07:00:00,NORMAL,0.6354580737387403,-0.047572945908596204,1.7968067138337347,-1.3607364107541395,pre_covid
2020-01-06 08:00:00,NORMAL,0.6380592926557327,-0.028617852782573342,1.289230497973717,-1.3607364107541395,pre_covid
2020-01-06 09:00:00,NORMAL,0.642724673750313,-0.00747253096613221,1.0928312092084522,-1.3607364107541395,pre_covid
2020-01-06 10:00:00,NORMAL,0.6465919172411337,0.014919081594970232,1.0677986162797943,-1.3607364107541395,pre_covid
2020-01-06 11:00:00,NORMAL,0.6496972759971479,0.03675980128679354,1.0387162342316594,-1.3607364107541395,pre_covid
2020-01-06 12:00:00,NORMAL,0.6539304253345394,0.057632986460873524,1.2343726022454773,-1.3607364107541395,pre_covid
2020-01-06 13:00:00,NORMAL,0.6590986963091477,0.08035728483786332,1.3887042166216474,-1.3607364107541395,pre_covid
2020-01-06 14:00:00,NORMAL,0.6635007595201952,0.10251306251076302,1.2410934728637544,-1.3607364107541395,pre_covid
2020-01-06 15:00:00,NORMAL,0.667913124368374,0.12169761373392181,1.220761458572131,-1.3607364107541395,pre_covid
2020-01-06 16:00:00,NORMAL,0.6730003348524567,0.13927123809838857,1.269813505455708,-1.3607364107541395,pre_covid
2020-01-06 17:00:00,NORMAL,0.6783154406853104,0.14963023707909107,1.4949881112681864,-1.3607364107541395,pre_covid
2020-01-06 18:00:00,NORMAL,0.6846288651536463,0.15603195932635183,1.9418002573401063,-1.3607364107541395,pre_covid
2020-01-06 19:00:00,NORMAL,0.6903881559727176,0.1619609500837046,1.8732135784562671,-1.3607364107541395,pre_covid
2020-01-06 20:00:00,NORMAL,0.6957526935073688,0.16447005988705002,1.7635010192295644,-1.3607364107541395,pre_covid
2020-01-06 21:00:00,NORMAL,0.6985609482577733,0.16565533634934865,1.6095956909985942,-1.3607364107541395,pre_covid
2020-01-06 22:00:00,NORMAL,0.7113342260261525,0.16918105834568342,3.4994953755347553,-1.3607364107541395,pre_covid
2020-01-06 23:00:00,NORMAL,0.7260145859768138,0.1748168563792577,3.800839141715191,-1.3607364107541395,pre_covid
2020-01-07 00:00:00,NORMAL,0.7385126128489412,0.17878372000924314,4.2268122504819985,-1.3607364107541395,pre_covid
2020-01-07 01:00:00,NORMAL,0.7520900896915118,0.18266621806265837,4.173815517090605,-1.3607364107541395,pre_covid
2020-01-07 02:00:00,NORMAL,0.763071205226983,0.1857042628221132,3.941522925526208,-1.3607364107541395,pre_covid
2020-01-07 03:00:00,NORMAL,0.7771312577888684,0.1887907843724104,4.205624440204284,-1.3607364107541395,pre_covid
2020-01-07 04:00:00,NORMAL,0.7861131973153102,0.19115614251009763,3.4806995344216083,-1.3607364107541395,pre_covid
2020-01-07 05:00:00,NORMAL,0.797628550054573,0.1916007114495776,3.49850630932205,-1.3607364107541395,pre_covid
2020-01-07 06:00:00,NORMAL,0.8045233411006277,0.18856652065829882,3.241588162540062,-1.3607364107541395,pre_covid
2020-01-07 07:00:00,NORMAL,0.8138598104577133,0.1795194048359969,1.7988185252895887,-1.3607364107541395,pre_covid
2020-01-07 08:00:00,NORMAL,0.8245586971277867,0.16557708785631256,1.2369996366716132,-1.3607364107541395,pre_covid
2020-01-07 09:00:00,NORMAL,0.8341566513896874,0.14976299864931636,0.7025564550308115,-1.3607364107541395,pre_covid
2020-01-07 10:00:00,NORMAL,0.8414737303952312,0.13271286637033672,0.46644984670093464,-1.3607364107541395,pre_covid
2020-01-07 11:00:00,NORMAL,0.8487184249978341,0.11620979898773816,0.4171860434320549,-1.3607364107541395,pre_covid
2020-01-07 12:00:00,NORMAL,0.8589204379452924,0.09954850947057048,0.5081992201622153,-1.3607364107541395,pre_covid
2020-01-07 13:00:00,NORMAL,0.870704018619697,0.08053200403080985,0.5068827740354253,-1.3607364107541395,pre_covid
2020-01-07 14:00:00,NORMAL,0.8829576628626438,0.06308579957176971,0.7151176289994428,-1.3607364107541395,pre_covid
2020-01-07 15:00:00,NORMAL,0.8965535499973702,0.04814915615744086,0.9367379559731726,-1.3607364107541395,pre_covid
2020-01-07 16:00:00,NORMAL,0.9077520894520726,0.03420252198266778,0.7149019957713447,-1.3607364107541395,pre_covid
2020-01-07 17:00:00,NORMAL,0.9185911083639381,0.02608101401697061,0.9951285965280472,-1.3607364107541395,pre_covid
2020-01-07 18:00:00,NORMAL,0.9279398011506969,0.020372955022538303,1.2295790025284083,-1.3607364107541395,pre_covid
2020-01-07 19:00:00,NORMAL,0.938350503024277,0.015932216073646262,1.4260929869925894,-1.3607364107541395,pre_covid
2020-01-07 20:00:00,NORMAL,0.9506053430526911,0.01365018236410156,1.420537636346912,-1.3607364107541395,pre_covid
2020-01-07 21:00:00,NORMAL,0.963354331416103,0.01177102811580495,1.2679798458986427,-1.3607364107541395,pre_covid
2020-01-07 22:00:00,NORMAL,0.980062788316855,0.005172587342368192,1.7771187386637486,-1.3607364107541395,pre_covid
2020-01-07 23:00:00,NORMAL,0.9939712934797791,-0.0029549617872729923,1.6491692465930186,-1.3607364107541395,pre_covid
2020-01-08 00:00:00,NORMAL,0.9993292721607131,-0.010841026394440456,1.6330416430967503,-1.3607364107541395,pre_covid
2020-01-08 01:00:00,NORMAL,1.0014595284797383,-0.01867462087504036,1.6647821942512495,-1.3607364107541395,pre_covid
2020-01-08 02:00:00,NORMAL,1.0012483054789958,-0.025744142160601103,1.5557268007846679,-1.3607364107541395,pre_covid
2020-01-08 03:00:00,NORMAL,0.998572516350905,-0.03360334352118079,1.395139356903411,-1.3607364107541395,pre_covid
2020-01-08 04:00:00,NORMAL,0.9991625784712289,-0.03906350878022769,1.7725307621730815,-1.3607364107541395,pre_covid
2020-01-08 05:00:00,NORMAL,1.0041206107158753,-0.043650773342732485,1.8619251666934469,-1.3607364107541395,pre_covid
2020-01-08 06:00:00,NORMAL,1.0152055173086436,-0.04843677681212013,1.3893242166579642,-1.3607364107541395,pre_covid
2020-01-08 07:00:00,NORMAL,1.0365567016371267,-0.048795578602446765,1.6300645809490688,-1.3607364107541395,pre_covid
2020-01-08 08:00:00,NORMAL,1.0605658893045191,-0.04918620181582765,1.0372913438857783,-1.3607364107541395,pre_covid
2020-01-08 09:00:00,NORMAL,1.0841735813011693,-0.04809937586780799,0.6967700174710596,-1.3607364107541395,pre_covid
2020-01-08 10:00:00,NORMAL,1.1083656764095362,-0.045816609108568385,0.60481189777701,-1.3607364107541395,pre_covid
2020-01-08 11:00:00,NORMAL,1.1372545240322813,-0.04187191202008458,1.1167453862116974,-1.3607364107541395,pre_covid
2020-01-08 12:00:00,NORMAL,1.1642196094316644,-0.038660397071216886,0.8639937221813052,-1.3607364107541395,pre_covid
2020-01-08 13:00:00,NORMAL,1.1933484440574802,-0.034255997023823016,1.089344579616272,-1.3607364107541395,pre_covid
2020-01-08 14:00:00,NORMAL,1.2228249964474784,-0.030978427326672903,1.2463454570700663,-1.3607364107541395,pre_covid
2020-01-08 15:00:00,NORMAL,1.251346329310603,-0.028709359163331477,1.3709438800146458,-1.3607364107541395,pre_covid
2020-01-08 16:00:00,NORMAL,1.2807086756632686,-0.024363344281789757,1.632458775554665,-1.3607364107541395,pre_covid
2020-01-08 17:00:00,NORMAL,1.3100587343478467,-0.021153178885021804,1.8529012521456485,-1.3607364107541395,pre_covid
2020-01-08 18:00:00,NORMAL,1.3351705399913403,-0.018360457300564625,1.9602095695437438,-1.3607364107541395,pre_covid
2020-01-08 19:00:00,NORMAL,1.3627982261384477,-0.01569054369750635,2.4528838069664403,-1.3607364107541395,pre_covid
2020-01-08 20:00:00,NORMAL,1.3860850147163544,-0.01347794638767181,2.3441156842347373,-1.3607364107541395,pre_covid
2020-01-08 21:00:00,NORMAL,1.4053259043867092,-0.011257585595840933,2.176092974202971,-1.3607364107541395,pre_covid
2020-01-08 22:00:00,NORMAL,1.4271990828090662,-0.007310932362600484,2.5198245467283864,-1.3607364107541395,pre_covid
2020-01-08 23:00:00,NORMAL,1.4407196275957082,-0.0025421150780087147,2.523492047960429,-1.3607364107541395,pre_covid
2020-01-09 00:00:00,NORMAL,1.4565326039223332,0.004037630107097693,3.15212892591995,-1.3607364107541395,pre_covid
2020-01-09 01:00:00,NORMAL,1.4721740523248295,0.010648485430990512,3.263910743558177,-1.3607364107541395,pre_covid
2020-01-09 02:00:00,NORMAL,1.4848168287552765,0.017894624254685618,3.52016307618712,-1.3607364107541395,pre_covid
2020-01-09 03:00:00,NORMAL,1.503571288639329,0.02619416517491102,3.619720567711059,-1.3607364107541395,pre_covid
2020-01-09 04:00:00,NORMAL,1.5213666226163807,0.031670795120381214,3.44686289632944,-1.3607364107541395,pre_covid
2020-01-09 05:00:00,NORMAL,1.532576129928095,0.03594107317108363,2.9249547842333814,-1.3607364107541395,pre_covid
2020-01-09 06:00:00,NORMAL,1.5343487304209258,0.038926461244294074,1.401357073843762,-1.3607364107541395,pre_covid
2020-01-09 07:00:00,NORMAL,1.528262104448124,0.035215155898849285,-0.28855844676772124,-1.3607364107541395,pre_covid
2020-01-09 08:00:00,NORMAL,1.518258919079454,0.029582087664700416,-1.2621057784347718,-1.3607364107541395,pre_covid
2020-01-09 09:00:00,NORMAL,1.5076507444981875,0.022904167505279627,-1.607029462643891,-1.3607364107541395,pre_covid
2020-01-09 10:00:00,NORMAL,1.4972824091120078,0.01554216344744908,-1.5797590012999352,-1.3607364107541395,pre_covid
2020-01-09 11:00:00,NORMAL,1.4870820115758283,0.005819375274267023,-1.5006911150159299,-1.3607364107541395,pre_covid
2020-01-09 12:00:00,NORMAL,1.477049328271379,-0.0015969660426505712,-1.2475408278277882,-1.3607364107541395,pre_covid
2020-01-09 13:00:00,NORMAL,1.4686181025147405,-0.010773337362012655,-1.3678410783921737,-1.3607364107541395,pre_covid
2020-01-09 14:00:00,NORMAL,1.4603841615830284,-0.020213165800830577,-1.308137716269226,-1.3607364107541395,pre_covid
2020-01-09 15:00:00,NORMAL,1.453868808181404,-0.029421704276488173,-1.166678531864464,-1.3607364107541395,pre_covid
2020-01-09 16:00:00,NORMAL,1.448211143402948,-0.03963529297514767,-1.024824881787521,-1.3607364107541395,pre_covid
2020-01-09 17:00:00,NORMAL,1.4426342052317223,-0.04675402354993948,-0.37343428471260026,-1.3607364107541395,pre_covid
2020-01-09 18:00:00,NORMAL,1.4339708073905584,-0.052125483684945316,-0.1087330621492881,-1.3607364107541395,pre_covid
2020-01-09 19:00:00,NORMAL,1.4257412702166803,-0.05780323795466075,0.2697221643062492,-1.3607364107541395,pre_covid
2020-01-09 20:00:00,NORMAL,1.424997640781243,-0.06139540423321777,1.1756569638247016,-1.3607364107541395,pre_covid
2020-01-09 21:00:00,NORMAL,1.4264856673855393,-0.06371779322161757,1.7668880422152704,-1.3607364107541395,pre_covid
2020-01-09 22:00:00,NORMAL,1.430391185442126,-0.06583720717565704,1.9831272950797543,-1.3607364107541395,pre_covid
2020-01-09 23:00:00,NORMAL,1.4391057393968705,-0.06626688085180736,3.1621918339679387,-1.3607364107541395,pre_covid
2020-01-10 00:00:00,NORMAL,1.4467614276037895,-0.06909810832161971,2.999518052901289,-1.3607364107541395,pre_covid
2020-01-10 01:00:00,NORMAL,1.4550188591358857,-0.07207528747558291,3.108681164644967,-1.3607364107541395,pre_covid
2020-01-10 02:00:00,NORMAL,1.464239341453661,-0.07627282637565562,3.055192864299764,-1.3607364107541395,pre_covid
2020-01-10 03:00:00,NORMAL,1.4737518506408078,-0.08102897732933209,3.0831984784877653,-1.3607364107541395,pre_covid
2020-01-10 04:00:00,NORMAL,1.4854060415221237,-0.0838667816392752,3.423870646440684,-1.3607364107541395,pre_covid
2020-01-10 05:00:00,NORMAL,1.4986972689362128,-0.0846575326103849,3.53080676402638,-1.3607364107541395,pre_covid
2020-01-10 06:00:00,NORMAL,1.513859451915874,-0.08122903903454784,3.4040377836420315,-1.3607364107541395,pre_covid
2020-01-10 07:00:00,NORMAL,1.5245326635566205,-0.07026419809078661,2.6492739989781575,-1.3607364107541395,pre_covid
2020-01-10 08:00:00,NORMAL,1.5322589230490002,-0.054220143512063224,1.8806461176134146,-1.3607364107541395,pre_covid
2020-01-10 09:00:00,NORMAL,1.5384195197829433,-0.03669633149405778,1.5207372674580948,-1.3607364107541395,pre_covid
2020-01-10 10:00:00,NORMAL,1.5441733360163297,-0.017831814313378366,1.5654654543266215,-1.3607364107541395,pre_covid
2020-01-10 11:00:00,NORMAL,1.5494064288976888,0.0004881041959377506,1.5252815558917963,-1.3607364107541395,pre_covid
2020-01-10 12:00:00,NORMAL,1.554587951521255,0.01704291614132304,1.6508379304907144,-1.3607364107541395,pre_covid
2020-01-10 13:00:00,NORMAL,1.5578297412798676,0.03506791603737897,1.5665254674717561,-1.3607364107541395,pre_covid
2020-01-10 14:00:00,NORMAL,1.5617906007164368,0.05363097519602913,1.5851479028058961,-1.3607364107541395,pre_covid
2020-01-10 15:00:00,NORMAL,1.567201188121508,0.07175832844425938,1.5467987183467533,-1.3607364107541395,pre_covid
2020-01-10 16:00:00,NORMAL,1.571760223056518,0.08823995172242553,1.6092549677480772,-1.3607364107541395,pre_covid
2020-01-10 17:00:00,NORMAL,1.5750055435805632,0.09893294536103187,1.7957395865953731,-1.3607364107541395,pre_covid
2020-01-10 18:00:00,NORMAL,1.577907600695001,0.10832711666710933,2.4914748392677613,-1.3607364107541395,pre_covid
2020-01-10 19:00:00,NORMAL,1.58383674385186,0.1171266127103756,2.871268869422659,-1.3607364107541395,pre_covid
2020-01-10 20:00:00,NORMAL,1.592572705616294,0.12274397319084739,3.2326141945643125,-1.3607364107541395,pre_covid
2020-01-10 21:00:00,NORMAL,1.5991450589383953,0.1252011054501166,2.7715511264337964,-1.3607364107541395,pre_covid
2020-01-10 22:00:00,NORMAL,1.6117879727998203,0.12844039512135683,3.4053200354588675,-1.3607364107541395,pre_covid
2020-01-10 23:00:00,NORMAL,1.6247020370574106,0.12831267053749526,3.735582425087181,-1.3607364107541395,pre_covid
2020-01-11 00:00:00,NORMAL,1.6397692694715917,0.13019487651736428,4.167026590487228,-1.3607364107541395,pre_covid
2020-01-11 01:00:00,NORMAL,1.656630012429391,0.13228186512458548,4.55989744206934,-1.3607364107541395,pre_covid
2020-01-11 02:00:00,NORMAL,1.6703957455203113,0.1342752484989286,4.270912725161957,-1.3607364107541395,pre_covid
2020-01-11 03:00:00,NORMAL,1.6848524879536064,0.13634684585925202,4.108858553017271,-1.3607364107541395,pre_covid
2020-01-11 04:00:00,NORMAL,1.700920899232369,0.1371952318748584,4.831117808132811,-1.3607364107541395,pre_covid
2020-01-11 05:00:00,NORMAL,1.7162927324224642,0.13619119196441468,4.512990956338091,-1.3607364107541395,pre_covid
2020-01-11 06:00:00,NORMAL,1.730177732446657,0.13145886372258228,3.8638330106034173,-1.3607364107541395,pre_covid
2020-01-11 07:00:00,NORMAL,1.744163837792021,0.1219994341056183,3.769829102575993,-1.3607364107541395,pre_covid
2020-01-11 08:00:00,NORMAL,1.7518036730137176,0.10863017822151262,2.640509106868215,-1.3607364107541395,pre_covid
2020-01-11 09:00:00,NORMAL,1.7577041619796803,0.0947930738964105,2.387917046609024,-1.3607364107541395,pre_covid
2020-01-11 10:00:00,NORMAL,1.7635954851607618,0.08002614702480508,2.475019673650785,-1.3607364107541395,pre_covid
2020-01-11 11:00:00,NORMAL,1.7687122008502552,0.0661575049641996,2.523890656452901,-1.3607364107541395,pre_covid
2020-01-11 12:00:00,NORMAL,1.7731563639147876,0.051544974871504494,2.67727275589439,-1.3607364107541395,pre_covid
2020-01-11 13:00:00,NORMAL,1.7771245431279474,0.03544011841044817,2.8459904222465013,-1.3607364107541395,pre_covid
2020-01-11 14:00:00,NORMAL,1.7806981871698806,0.01891062680183622,3.1112617602409705,-1.3607364107541395,pre_covid
2020-01-11 15:00:00,NORMAL,1.784683829165385,0.0030069634974081486,3.0971126036824943,-1.3607364107541395,pre_covid
2020-01-11 16:00:00,NORMAL,1.7890471407016033,-0.010163855893463128,3.1449064382830576,-1.3607364107541395,pre_covid
2020-01-11 17:00:00,NORMAL,1.7918815160417305,-0.017523151374789613,2.021011798918141,-1.3607364107541395,pre_covid
2020-01-11 18:00:00,NORMAL,1.7960319438613592,-0.024522303008737353,3.1558178612231735,-1.3607364107541395,pre_covid
2020-01-11 19:00:00,NORMAL,1.7991367824463733,-0.031325515073573916,3.175227259698209,-1.3607364107541395,pre_covid
2020-01-11 20:00:00,NORMAL,1.801955736723172,-0.03724915219513199,2.8243309085182475,-1.3607364107541395,pre_covid
2020-01-11 21:00:00,NORMAL,1.805489640354882,-0.04113527880520763,2.5177098823999287,-1.3607364107541395,pre_covid
2020-01-11 22:00:00,NORMAL,1.8097817950892745,-0.04595065572436341,2.538132663032901,-1.3607364107541395,pre_covid
2020-01-11 23:00:00,NORMAL,1.8149009487336283,-0.048780756260681075,2.7851509733834354,-1.3607364107541395,pre_covid
2020-01-12 00:00:00,NORMAL,1.823721573776207,-0.051396977583945715,3.5115685474503815,-1.3607364107541395,pre_covid
2020-01-12 01:00:00,NORMAL,1.8356486078116736,-0.05416171766366113,3.9091705181693506,-1.3607364107541395,pre_covid
2020-01-12 02:00:00,NORMAL,1.8460076839526773,-0.05596251167014173,3.8781491975881606,-1.3607364107541395,pre_covid
2020-01-12 03:00:00,NORMAL,1.852957842298863,-0.0583985902732554,3.292965601104408,-1.3607364107541395,pre_covid
2020-01-12 04:00:00,NORMAL,1.8638075903209055,-0.060424834984776854,3.9260687068786018,-1.3607364107541395,pre_covid
2020-01-12 05:00:00,NORMAL,1.8712631494294683,-0.06205814348359876,3.3207361721514848,-1.3607364107541395,pre_covid
2020-01-12 06:00:00,NORMAL,1.880006004139089,-0.06319217303729482,2.491647085140742,-1.3607364107541395,pre_covid
2020-01-12 07:00:00,NORMAL,1.8847676337383592,-0.06560848979697688,1.456977920347701,-1.3607364107541395,pre_covid
2020-01-12 08:00:00,NORMAL,1.888174573543943,-0.06903700786329255,0.47552021605863576,-1.3607364107541395,pre_covid
2020-01-12 09:00:00,NORMAL,1.891102021966856,-0.07369440912052322,0.23023102980453267,-1.3607364107541395,pre_covid
2020-01-12 10:00:00,NORMAL,1.8940437235255796,-0.07920404428569139,0.12050493646467966,-1.3607364107541395,pre_covid
2020-01-12 11:00:00,NORMAL,1.8990214372646395,-0.0828141234217873,0.4330363739092479,-1.3607364107541395,pre_covid
2020-01-12 12:00:00,NORMAL,1.9036048920755566,-0.08437464899269155,0.5865584984881702,-1.3607364107541395,pre_covid
2020-01-12 13:00:00,NORMAL,1.9115522970399312,-0.08328290072948077,1.1302697054852753,-1.3607364107541395,pre_covid
2020-01-12 14:00:00,NORMAL,1.9202176736341845,-0.08159935060551533,1.4213862168806723,-1.3607364107541395,pre_covid
2020-01-12 15:00:00,NORMAL,1.9270379401092732,-0.07980677136390303,1.4906648635002786,-1.3607364107541395,pre_covid
2020-01-12 16:00:00,NORMAL,1.9351269507699544,-0.07913164291448832,1.7137236718627495,-1.3607364107541395,pre_covid
2020-01-12 17:00:00,NORMAL,1.939445693256454,-0.07972132943552852,1.3963476879320054,-1.3607364107541395,pre_covid
2020-01-12 18:00:00,NORMAL,1.9424338259390073,-0.08057220524992419,2.0273257860335234,-1.3607364107541395,pre_covid
2020-01-12 19:00:00,NORMAL,1.9484983603731643,-0.0800191543509839,2.533027159420458,-1.3607364107541395,pre_covid
2020-01-12 20:00:00,NORMAL,1.9526350174763958,-0.07810306277027086,2.6413906204284836,-1.3607364107541395,pre_covid
2020-01-12 21:00:00,NORMAL,1.957580460541107,-0.07542425619286959,2.80199938917965,-1.3607364107541395,pre_covid
2020-01-12 22:00:00,NORMAL,1.9613900353612936,-0.07277241360162466,2.642197507111343,-1.3607364107541395,pre_covid
2020-01-12 23:00:00,NORMAL,1.9702473746824962,-0.0704404749843548,2.998848592783639,-1.3607364107541395,pre_covid
2020-01-13 00:00:00,NORMAL,1.9693177056936149,-0.07204575621944798,1.7580667907179623,-1.3607364107541395,pre_covid
2020-01-13 01:00:00,NORMAL,1.9692643338718896,-0.07398683093603371,1.8323737680242964,-1.3607364107541395,pre_covid
2020-01-13 02:00:00,NORMAL,1.9663712231228623,-0.07651672419918638,1.5538020444670728,-1.3607364107541395,pre_covid
2020-01-13 03:00:00,NORMAL,1.9614594065304845,-0.0780947255802514,1.34310620271966,-1.3607364107541395,pre_covid
2020-01-13 04:00:00,NORMAL,1.958434322677655,-0.07981018054653932,1.305255965551168,-1.3607364107541395,pre_covid
2020-01-13 05:00:00,NORMAL,1.9525915224008694,-0.08000102000688107,1.2429044414243948,-1.3607364107541395,pre_covid
2020-01-13 06:00:00,NORMAL,1.9487135492487504,-0.07693014564331027,1.4998000246992178,-1.3607364107541395,pre_covid
2020-01-13 07:00:00,NORMAL,1.9454537431756407,-0.0666165639120486,1.2491592935513605,-1.3607364107541395,pre_covid
2020-01-13 08:00:00,NORMAL,1.9438064780108548,-0.04973540461925748,1.0124899502896163,-1.3607364107541395,pre_covid
2020-01-13 09:00:00,NORMAL,1.9439397735471746,-0.030175287453106183,1.1152248593101668,-1.3607364107541395,pre_covid
2020-01-13 10:00:00,NORMAL,1.943354720081452,-0.010006444188019192,0.9695096340384592,-1.3607364107541395,pre_covid
2020-01-13 11:00:00,NORMAL,1.9437282461366605,0.007305041149577438,1.1014686115066805,-1.3607364107541395,pre_covid
2020-01-13 12:00:00,NORMAL,1.9434730766740373,0.024188211169764048,1.1915041325247246,-1.3607364107541395,pre_covid
2020-01-13 13:00:00,NORMAL,1.9416824275365756,0.038583834566089326,1.0878751615281144,-1.3607364107541395,pre_covid
2020-01-13 14:00:00,NORMAL,1.9412247617143599,0.052857134720169154,1.1642056147315354,-1.3607364107541395,pre_covid
2020-01-13 15:00:00,NORMAL,1.9407647729413415,0.06641953795402139,1.1434833447050472,-1.3607364107541395,pre_covid
2020-01-13 16:00:00,NORMAL,1.939785344557435,0.0770129663117435,1.1052695369593664,-1.3607364107541395,pre_covid
2020-01-13 17:00:00,NORMAL,1.9390563164532213,0.08265126872309254,1.3725113897603027,-1.3607364107541395,pre_covid
2020-01-13 18:00:00,NORMAL,1.9370169487426872,0.08744752347568276,1.5991864819703616,-1.3607364107541395,pre_covid
2020-01-13 19:00:00,NORMAL,1.9354979185420231,0.08963834281054027,1.6180165047447133,-1.3607364107541395,pre_covid
2020-01-13 20:00:00,NORMAL,1.9352821785199301,0.09018100273212783,1.7272566955179758,-1.3607364107541395,pre_covid
2020-01-13 21:00:00,NORMAL,1.9353742930732036,0.08931237822954534,1.6250709359485478,-1.3607364107541395,pre_covid
2020-01-13 22:00:00,NORMAL,1.9264940547425344,0.08917423266457199,2.007615335982296,-1.3607364107541395,pre_covid
2020-01-13 23:00:00,NORMAL,1.9161201881777987,0.08768474295619959,2.0580295588396447,-1.3607364107541395,pre_covid
2020-01-14 00:00:00,NORMAL,1.91247989527869,0.09341485995482451,3.6152430434317075,-1.3607364107541395,pre_covid
2020-01-14 01:00:00,NORMAL,1.907906442481294,0.09894815954335745,3.405475447128054,-1.3607364107541395,pre_covid
2020-01-14 02:00:00,NORMAL,1.9053183907104094,0.10546310110570244,3.5067302280175907,-1.3607364107541395,pre_covid
2020-01-14 03:00:00,NORMAL,1.9019590377121314,0.11229942228158722,3.641253136493585,-1.3607364107541395,pre_covid
2020-01-14 04:00:00,NORMAL,1.9015865254376443,0.1188319735918763,3.418117472307786,-1.3607364107541395,pre_covid
2020-01-14 05:00:00,NORMAL,1.903641674738516,0.12508304533171374,3.84377139186848,-1.3607364107541395,pre_covid
2020-01-14 06:00:00,NORMAL,1.90701174005899,0.12838820200473164,3.8077591363797674,-1.3607364107541395,pre_covid
2020-01-14 07:00:00,NORMAL,1.9107350858070693,0.12559100827438927,2.4243406109668015,-1.3607364107541395,pre_covid
2020-01-14 08:00:00,NORMAL,1.911995024917704,0.11679562963520292,1.4486694072583013,-1.3607364107541395,pre_covid
2020-01-14 09:00:00,NORMAL,1.915806410700845,0.10554369942026037,1.3428692665985407,-1.3607364107541395,pre_covid
2020-01-14 10:00:00,NORMAL,1.9195628766015413,0.09410057352401667,1.09753611801788,-1.3607364107541395,pre_covid
2020-01-14 11:00:00,NORMAL,1.9243914584539143,0.0839066450110551,1.2283877946306971,-1.3607364107541395,pre_covid
2020-01-14 12:00:00,NORMAL,1.9283384671555488,0.07290556093103193,1.1712966820368191,-1.3607364107541395,pre_covid
2020-01-14 13:00:00,NORMAL,1.932488752326621,0.06320254169687763,1.20413068277553,-1.3607364107541395,pre_covid
2020-01-14 14:00:00,NORMAL,1.9358737618092785,0.053338508576705766,1.2837992220859438,-1.3607364107541395,pre_covid
2020-01-14 15:00:00,NORMAL,1.9374171661682742,0.043749789611318195,1.1960298882844411,-1.3607364107541395,pre_covid
2020-01-14 16:00:00,NORMAL,1.9405803619712236,0.03704700110788066,1.2463188906668696,-1.3607364107541395,pre_covid
2020-01-14 17:00:00,NORMAL,1.943837422960017,0.034131239744524075,1.542314842645356,-1.3607364107541395,pre_covid
2020-01-14 18:00:00,NORMAL,1.9450735713578782,0.031411959281096684,1.4372519333690064,-1.3607364107541395,pre_covid
2020-01-14 19:00:00,NORMAL,1.9457066651265105,0.030324093816367474,1.5324527401227774,-1.3607364107541395,pre_covid
2020-01-14 20:00:00,NORMAL,1.9476781142456712,0.030186481687636612,1.7517410883659263,-1.3607364107541395,pre_covid
2020-01-14 21:00:00,NORMAL,1.9501312825572164,0.030604579037953192,1.6801121222382633,-1.3607364107541395,pre_covid
2020-01-14 22:00:00,NORMAL,1.9493601251262018,0.02994262883899826,1.6475642902533625,-1.3607364107541395,pre_covid
2020-01-14 23:00:00,NORMAL,1.9540678233436526,0.031655139614031956,2.440062547124696,-1.3607364107541395,pre_covid
2020-01-15 00:00:00,NORMAL,1.9626326571451074,0.027653205560250926,3.071933721741173,-1.3607364107541395,pre_covid
2020-01-15 01:00:00,NORMAL,1.9710752573709318,0.024473916166258866,3.0831390321897407,-1.3607364107541395,pre_covid
2020-01-15 02:00:00,NORMAL,1.978797507966241,0.019990125372612997,2.8530649007966007,-1.3607364107541395,pre_covid
2020-01-15 03:00:00,NORMAL,1.9892464870884201,0.01517036093301434,3.1505678494295166,-1.3607364107541395,pre_covid
2020-01-15 04:00:00,NORMAL,1.9963381860909801,0.010854279811861234,2.963936194603176,-1.3607364107541395,pre_covid
2020-01-15 05:00:00,NORMAL,2.0059007155416744,0.005904806584255784,3.468430114410128,-1.3607364107541395,pre_covid
2020-01-15 06:00:00,NORMAL,2.0159448467583436,0.0008007698348829898,3.076738261058382,-1.3607364107541395,pre_covid
2020-01-15 07:00:00,NORMAL,2.0193988931985354,-0.002174718135037104,2.2103443829012726,-1.3607364107541395,pre_covid
2020-01-15 08:00:00,NORMAL,2.0222744733039413,-0.0031581380469368884,1.520388801593962,-1.3607364107541395,pre_covid
2020-01-15 09:00:00,NORMAL,2.025039825042494,-0.004305647456963623,1.1613491095478465,-1.3607364107541395,pre_covid
2020-01-15 10:00:00,NORMAL,2.0291750135948954,-0.004083551568780619,1.2995235745804805,-1.3607364107541395,pre_covid
2020-01-15 11:00:00,NORMAL,2.0291562041051794,-0.004782345380300465,1.113585391939401,-1.3607364107541395,pre_covid
2020-01-15 12:00:00,NORMAL,2.0315736498300376,-0.00443368171421915,1.2701246039575262,-1.3607364107541395,pre_covid
2020-01-15 13:00:00,NORMAL,2.031825118119475,-0.004997162969049851,1.1315912522417488,-1.3607364107541395,pre_covid
2020-01-15 14:00:00,NORMAL,2.0319460120597372,-0.00541463585632752,1.2666556390341022,-1.3607364107541395,pre_covid
2020-01-15 15:00:00,NORMAL,2.031693445760374,-0.005165556709681663,1.3285127417216853,-1.3607364107541395,pre_covid
2020-01-15 16:00:00,NORMAL,2.029712631452968,-0.005422510947742802,1.2996819719103763,-1.3607364107541395,pre_covid
2020-01-15 17:00:00,NORMAL,2.0305954934656465,-0.004756589013702468,2.001222070275688,-1.3607364107541395,pre_covid
2020-01-15 18:00:00,NORMAL,2.0312917693325296,-0.00319688683070948,2.0771839151801257,-1.3607364107541395,pre_covid
2020-01-15 19:00:00,NORMAL,2.031462671678547,-0.0013209061145698284,2.4815954010972896,-1.3607364107541395,pre_covid
2020-01-15 20:00:00,NORMAL,2.033764259459861,0.0003300588345765346,2.7307824314955034,-1.3607364107541395,pre_covid
2020-01-15 21:00:00,NORMAL,2.0400232361304775,0.002945763661877931,3.22760105486652,-1.3607364107541395,pre_covid
2020-01-15 22:00:00,NORMAL,2.0449345032777724,0.006405365018692512,3.344917427473995,-1.3607364107541395,pre_covid
2020-01-15 23:00:00,NORMAL,2.0549510829570217,0.00863693834543332,4.206277434074302,-1.3607364107541395,pre_covid
2020-01-16 00:00:00,NORMAL,2.0608662514069502,0.011219777282821216,4.1458772255078635,-1.3607364107541395,pre_covid
2020-01-16 01:00:00,NORMAL,2.0632297701736153,0.012665029578826715,3.660981896357983,-1.3607364107541395,pre_covid
2020-01-16 02:00:00,NORMAL,2.0611134474107593,0.01424223296740663,3.164620852027258,-1.3607364107541395,pre_covid
2020-01-16 03:00:00,NORMAL,2.059133175533629,0.015250206142767966,3.2870348923531463,-1.3607364107541395,pre_covid
2020-01-16 04:00:00,NORMAL,2.0571813882978485,0.01621066867612348,3.1189626407183466,-1.3607364107541395,pre_covid
2020-01-16 05:00:00,NORMAL,2.059550994340274,0.01655785408606096,3.323048599360893,-1.3607364107541395,pre_covid
2020-01-16 06:00:00,NORMAL,2.0753136074799645,0.01926983344595461,4.049476081311763,-1.3607364107541395,pre_covid
2020-01-16 07:00:00,NORMAL,2.0921307225588204,0.02037752866272993,2.5367168864800806,-1.3607364107541395,pre_covid
2020-01-16 08:00:00,NORMAL,2.1107495801433234,0.02108813388042284,1.865862295761697,-1.3607364107541395,pre_covid
2020-01-16 09:00:00,NORMAL,2.128390022494271,0.022142361925241185,1.356564852315309,-1.3607364107541395,pre_covid
2020-01-16 10:00:00,NORMAL,2.146804690695197,0.02217065555692091,1.5139052564556834,-1.3607364107541395,pre_covid
2020-01-16 11:00:00,NORMAL,2.164502488884772,0.023542163633277508,1.4725389808326126,-1.3607364107541395,pre_covid
2020-01-16 12:00:00,NORMAL,2.1815108325546517,0.024241103591149976,1.6098609087120181,-1.3607364107541395,pre_covid
2020-01-16 13:00:00,NORMAL,2.1993699970019143,0.025951593789827296,1.6324985487479589,-1.3607364107541395,pre_covid
2020-01-16 14:00:00,NORMAL,2.217158728150589,0.02725859347446047,1.6803691167081396,-1.3607364107541395,pre_covid
2020-01-16 15:00:00,NORMAL,2.233970424451473,0.02786295934020132,1.657686446683979,-1.3607364107541395,pre_covid
2020-01-16 16:00:00,NORMAL,2.2517124661981196,0.029594823942224277,1.9558381316491438,-1.3607364107541395,pre_covid
2020-01-16 17:00:00,NORMAL,2.2683501622383107,0.029481574574925857,2.4216986500394917,-1.3607364107541395,pre_covid
2020-01-16 18:00:00,NORMAL,2.2852907657182935,0.029483516019071912,2.7372883224878186,-1.3607364107541395,pre_covid
2020-01-16 19:00:00,NORMAL,2.3009678046077484,0.028496891586415423,2.90346469773468,-1.3607364107541395,pre_covid
2020-01-16 20:00:00,NORMAL,2.3135070263125463,0.027720100857848234,3.282246210230809,-1.3607364107541395,pre_covid
2020-01-16 21:00:00,NORMAL,2.32312292558196,0.025262374709696292,3.382359119476739,-1.3607364107541395,pre_covid
2020-01-16 22:00:00,NORMAL,2.333496684585328,0.023002031878445506,3.7259188076455985,-1.3607364107541395,pre_covid
2020-01-16 23:00:00,NORMAL,2.338675828125939,0.01987906750686842,4.032287948790582,-1.3607364107541395,pre_covid
2020-01-17 00:00:00,NORMAL,2.3464000046667026,0.018385639018917554,4.297179711749543,-1.3607364107541395,pre_covid
2020-01-17 01:00:00,NORMAL,2.3560501986584486,0.019139876311491246,4.729913755258266,-1.3607364107541395,pre_covid
2020-01-17 02:00:00,NORMAL,2.360506784466477,0.019671714114720337,3.8038992800486073,-1.3607364107541395,pre_covid
2020-01-17 03:00:00,NORMAL,2.3681482242392304,0.021201395877294592,4.3669603603103315,-1.3607364107541395,pre_covid
2020-01-17 04:00:00,NORMAL,2.3748909459051712,0.023236172296566018,4.556647886318752,-1.3607364107541395,pre_covid
2020-01-17 05:00:00,NORMAL,2.382259355577099,0.025705382403426482,4.768699588910154,-1.3607364107541395,pre_covid
2020-01-17 06:00:00,NORMAL,2.3879799546829146,0.02462850442835379,4.365098433419113,-1.3607364107541395,pre_covid
2020-01-17 07:00:00,NORMAL,2.3894175424713873,0.02467395647442469,2.8907887474415497,-1.3607364107541395,pre_covid
2020-01-17 08:00:00,NORMAL,2.391523735178148,0.024713914048576865,2.2344864923492027,-1.3607364107541395,pre_covid
2020-01-17 09:00:00,NORMAL,2.39252384302804,0.025087293509807013,1.6887553862399352,-1.3607364107541395,pre_covid
2020-01-17 10:00:00,NORMAL,2.395222773927478,0.025938374168645913,2.0188858454321923,-1.3607364107541395,pre_covid
2020-01-17 11:00:00,NORMAL,2.399348100496237,0.027007693905060966,2.218336419443285,-1.3607364107541395,pre_covid
2020-01-17 12:00:00,NORMAL,2.405184526260457,0.028922443126716272,2.6313574588797874,-1.3607364107541395,pre_covid
2020-01-17 13:00:00,NORMAL,2.41266474886832,0.03085822430703336,2.8232028655927164,-1.3607364107541395,pre_covid
2020-01-17 14:00:00,NORMAL,2.420463598767644,0.033181218281233237,2.8953546858923596,-1.3607364107541395,pre_covid
2020-01-17 15:00:00,NORMAL,2.428668605546745,0.035990433684606464,2.925239857235688,-1.3607364107541395,pre_covid
2020-01-17 16:00:00,NORMAL,2.435949006009074,0.036514695443811515,2.832362245419366,-1.3607364107541395,pre_covid
2020-01-17 17:00:00,NORMAL,2.4486200676632754,0.03888369026444241,3.9244779445011186,-1.3607364107541395,pre_covid
2020-01-17 18:00:00,NORMAL,2.469527821408629,0.04363416585016927,6.003977468487206,-1.3607364107541395,pre_covid
2020-01-17 19:00:00,NORMAL,2.4907062591230305,0.048933714372017045,6.429246405442116,-1.3607364107541395,pre_covid
2020-01-17 20:00:00,NORMAL,2.513208299932011,0.054084348811622975,7.0129570504730125,-1.3607364107541395,pre_covid
2020-01-17 21:00:00,NORMAL,2.5413021579944663,0.06055049987761978,7.491319280926352,-1.3607364107541395,pre_covid
2020-01-17 22:00:00,NORMAL,2.5650851344180365,0.0656640830171812,7.4008600746186834,-1.3607364107541395,pre_covid
2020-01-17 23:00:00,NORMAL,2.5899417643464098,0.0718419481257704,7.911496253053886,-1.3607364107541395,pre_covid
2020-01-18 00:00:00,NORMAL,2.618040247243841,0.07814998286304105,8.887571717255664,-1.3607364107541395,pre_covid
2020-01-18 01:00:00,NORMAL,2.6462666671547646,0.08236864896860725,9.30193598710442,-1.3607364107541395,pre_covid
2020-01-18 02:00:00,NORMAL,2.677187813432327,0.08873765653851556,9.465665299792489,-1.3607364107541395,pre_covid
2020-01-18 03:00:00,NORMAL,2.7046598151696437,0.09292335236192943,8.724154844886494,-1.3607364107541395,pre_covid
2020-01-18 04:00:00,NORMAL,2.7357744183169936,0.09657053028538491,10.058371136887645,-1.3607364107541395,pre_covid
2020-01-18 05:00:00,NORMAL,2.7665181180448717,0.09941630137068387,9.677932510621527,-1.3607364107541395,pre_covid
2020-01-18 06:00:00,NORMAL,2.7923571667795852,0.10336297137674766,8.204793198035375,-1.3607364107541395,pre_covid
2020-01-18 07:00:00,NORMAL,2.8080110985584747,0.10488369566744445,6.399689641429352,-1.3607364107541395,pre_covid
2020-01-18 08:00:00,NORMAL,2.817439239108837,0.104190482324583,4.224436719329076,-1.3607364107541395,pre_covid
2020-01-18 09:00:00,NORMAL,2.8232589317803773,0.10302325115425955,3.3656254154278322,-1.3607364107541395,pre_covid
2020-01-18 10:00:00,NORMAL,2.827618378574353,0.09983757801067222,3.207406735038625,-1.3607364107541395,pre_covid
2020-01-18 11:00:00,NORMAL,2.833732958765061,0.09579073058857403,3.5511401284919355,-1.3607364107541395,pre_covid
2020-01-18 12:00:00,NORMAL,2.843486126895544,0.09008164843822536,4.315805001815421,-1.3607364107541395,pre_covid
2020-01-18 13:00:00,NORMAL,2.8547469352991617,0.08213646052552549,4.737806234054348,-1.3607364107541395,pre_covid
2020-01-18 14:00:00,NORMAL,2.8662892751915314,0.07342722400606046,5.0503748621590585,-1.3607364107541395,pre_covid
2020-01-18 15:00:00,NORMAL,2.8679816955651103,0.06122878096966488,3.381439226443747,-1.3607364107541395,pre_covid
2020-01-18 16:00:00,NORMAL,2.87440116595664,0.0539823087398398,4.223377464060162,-1.3607364107541395,pre_covid
2020-01-18 17:00:00,NORMAL,2.8799776476458754,0.04774795968861895,2.9578607227095475,-1.3607364107541395,pre_covid
2020-01-18 18:00:00,NORMAL,2.8905962578261692,0.03792565708933553,4.939744371512593,-1.3607364107541395,pre_covid
2020-01-18 19:00:00,NORMAL,2.903466365599525,0.02852579026814824,5.337405365622053,-1.3607364107541395,pre_covid
2020-01-18 20:00:00,NORMAL,2.9179826816965755,0.019088340925266397,5.263072012822682,-1.3607364107541395,pre_covid
2020-01-18 21:00:00,NORMAL,2.9356866089463947,0.008493936366442035,5.4919696603694845,-1.3607364107541395,pre_covid
2020-01-18 22:00:00,NORMAL,2.9543205869219267,0.00015240405189169992,5.668640962922317,-1.3607364107541395,pre_covid
2020-01-18 23:00:00,NORMAL,2.9756472252610697,-0.007399801409954526,6.368026214359537,-1.3607364107541395,pre_covid
2020-01-19 00:00:00,NORMAL,2.998458700495687,-0.01591288065091798,7.343896386866023,-1.3607364107541395,pre_covid
2020-01-19 01:00:00,NORMAL,3.0253548702539854,-0.022888599016211996,8.427727037563509,-1.3607364107541395,pre_covid
2020-01-19 02:00:00,NORMAL,3.050085775434972,-0.03204309330747905,8.032941267993804,-1.3607364107541395,pre_covid
2020-01-19 03:00:00,NORMAL,3.0792097294721597,-0.03867361207625739,8.185789879351974,-1.3607364107541395,pre_covid
2020-01-19 04:00:00,NORMAL,3.1077278509712674,-0.04614300579391289,8.717113118728658,-1.3607364107541395,pre_covid
2020-01-19 05:00:00,NORMAL,3.1384424214943456,-0.052671319838575155,8.480784020028825,-1.3607364107541395,pre_covid
2020-01-19 06:00:00,NORMAL,3.1607749057976795,-0.060027081748662725,6.2435044481007465,-1.3607364107541395,pre_covid
2020-01-19 07:00:00,NORMAL,3.1781183265073545,-0.06610903481486248,4.370672599573111,-1.3607364107541395,pre_covid
2020-01-19 08:00:00,NORMAL,3.1887711947031674,-0.0719339797731339,2.2652020729551734,-1.3607364107541395,pre_covid
2020-01-19 09:00:00,NORMAL,3.1976920128561384,-0.07705674605110475,1.7289284795035647,-1.3607364107541395,pre_covid
2020-01-19 10:00:00,NORMAL,3.2063665433187984,-0.08079554746304783,1.5778260541916578,-1.3607364107541395,pre_covid
2020-01-19 11:00:00,NORMAL,3.2124562513803583,-0.08512327502957005,1.4561073282512567,-1.3607364107541395,pre_covid
2020-01-19 12:00:00,NORMAL,3.222091878378141,-0.08771191457312999,2.2053438341157183,-1.3607364107541395,pre_covid
2020-01-19 13:00:00,NORMAL,3.23027929834008,-0.08826675918794279,2.5057562590909646,-1.3607364107541395,pre_covid
2020-01-19 14:00:00,NORMAL,3.2387625249736667,-0.08788067550209776,2.8465682913232855,-1.3607364107541395,pre_covid
2020-01-19 15:00:00,NORMAL,3.2470927327802945,-0.08065602291598228,2.8901397750137554,-1.3607364107541395,pre_covid
2020-01-19 16:00:00,NORMAL,3.2540134744816336,-0.07890070690469396,2.8764082776877267,-1.3607364107541395,pre_covid
2020-01-19 17:00:00,NORMAL,3.2569860290415926,-0.0796337155301889,1.8957368540051447,-1.3607364107541395,pre_covid
2020-01-19 18:00:00,NORMAL,3.263249800931367,-0.07942247730149425,3.0796394635155333,-1.3607364107541395,pre_covid
2020-01-19 19:00:00,NORMAL,3.2686029506790826,-0.07944327537116196,3.4323563170366165,-1.3607364107541395,pre_covid
2020-01-19 20:00:00,NORMAL,3.2806328166842613,-0.07713997192989741,4.662408109298614,-1.3607364107541395,pre_covid
2020-01-19 21:00:00,NORMAL,3.2965817882764554,-0.07328423853742781,5.481426616668294,-1.3607364107541395,pre_covid
2020-01-19 22:00:00,NORMAL,3.3166566890053377,-0.07007131297532623,6.014780829563527,-1.3607364107541395,pre_covid
2020-01-19 23:00:00,NORMAL,3.336268921574144,-0.0685544467038197,6.293703664343081,-1.3607364107541395,pre_covid
2020-01-20 00:00:00,NORMAL,3.3691904848516065,-0.06628080910164516,7.288889421331646,-1.3607364107541395,pre_covid
2020-01-20 01:00:00,NORMAL,3.400450566328799,-0.06621049630278139,7.084067456192678,-1.3607364107541395,pre_covid
2020-01-20 02:00:00,NORMAL,3.4302185785761568,-0.06533185263163448,6.554828102023226,-1.3607364107541395,pre_covid
2020-01-20 03:00:00,NORMAL,3.45936384348843,-0.06662502892604498,6.239510707981444,-1.3607364107541395,pre_covid
2020-01-20 04:00:00,NORMAL,3.49181233100485,-0.06586639070528023,6.756601868309813,-1.3607364107541395,pre_covid
2020-01-20 05:00:00,NORMAL,3.527595497842589,-0.06425735610783023,7.254476470164575,-1.3607364107541395,pre_covid
2020-01-20 06:00:00,NORMAL,3.5621702306842167,-0.05812210357072426,7.308355142092607,-1.3607364107541395,pre_covid
2020-01-20 07:00:00,NORMAL,3.5850743132892453,-0.04778975826723641,5.097045171196143,-1.3607364107541395,pre_covid
2020-01-20 08:00:00,NORMAL,3.600265184104689,-0.0322481308050429,3.5645562472841585,-1.3607364107541395,pre_covid
2020-01-20 09:00:00,NORMAL,3.612374465908019,-0.01585379248974189,3.1495842022696063,-1.3607364107541395,pre_covid
2020-01-20 10:00:00,NORMAL,3.624124583717266,0.0010101252391771995,2.943529425992014,-1.3607364107541395,pre_covid
2020-01-20 11:00:00,NORMAL,3.632486545107549,0.01799399430520918,2.5062781250743065,-1.3607364107541395,pre_covid
2020-01-20 12:00:00,NORMAL,3.6417043130547206,0.03339694100559177,2.7400891476493876,-1.3607364107541395,pre_covid
2020-01-20 13:00:00,NORMAL,3.65179519943528,0.04986531290227209,2.7831440734621378,-1.3607364107541395,pre_covid
2020-01-20 14:00:00,NORMAL,3.6598644725960385,0.06525855127910526,2.519843505739012,-1.3607364107541395,pre_covid
2020-01-20 15:00:00,NORMAL,3.667083266385675,0.07633060483539587,2.3562407013639453,-1.3607364107541395,pre_covid
2020-01-20 16:00:00,NORMAL,3.6752703579179786,0.08753060141193007,2.480700914386417,-1.3607364107541395,pre_covid
2020-01-20 17:00:00,NORMAL,3.6892575272808985,0.09812662441326607,3.7223558427308503,-1.3607364107541395,pre_covid
2020-01-20 18:00:00,NORMAL,3.7094443527376506,0.1083414270061885,4.99057315870465,-1.3607364107541395,pre_covid
2020-01-20 19:00:00,NORMAL,3.7295943641635874,0.1168745451088037,5.003218424302119,-1.3607364107541395,pre_covid
2020-01-20 20:00:00,NORMAL,3.7519344249843662,0.12037041594571785,5.480386913408824,-1.3607364107541395,pre_covid
2020-01-20 21:00:00,NORMAL,3.7770854525762383,0.1221294472820918,5.850443571383105,-1.3607364107541395,pre_covid
2020-01-20 22:00:00,NORMAL,3.8054062886074695,0.12281600975026007,6.7655157892291,-1.3607364107541395,pre_covid
2020-01-20 23:00:00,NORMAL,3.8346048307844867,0.12344694416149062,6.963384644578553,-1.3607364107541395,pre_covid
2020-01-21 00:00:00,NORMAL,3.8578868819376604,0.12347352184135575,7.526627637164831,-1.3607364107541395,pre_covid
2020-01-21 01:00:00,NORMAL,3.882896633286145,0.1252045586292532,7.6071136736735125,-1.3607364107541395,pre_covid
2020-01-21 02:00:00,NORMAL,3.906388284708884,0.12736318044705738,7.453327667037691,-1.3607364107541395,pre_covid
2020-01-21 03:00:00,NORMAL,3.929770398052652,0.13128432035614881,7.569448178246672,-1.3607364107541395,pre_covid
2020-01-21 04:00:00,NORMAL,3.9548582158480237,0.13328731177060205,7.63287086193011,-1.3607364107541395,pre_covid
2020-01-21 05:00:00,NORMAL,3.977620332428404,0.1336759061170776,7.667806977372367,-1.3607364107541395,pre_covid
2020-01-21 06:00:00,NORMAL,3.990730950877488,0.12866293694774625,6.010343035825951,-1.3607364107541395,pre_covid
2020-01-21 07:00:00,NORMAL,3.9986151515417028,0.11974584314850704,3.7488863225549007,-1.3607364107541395,pre_covid
2020-01-21 08:00:00,NORMAL,4.007841185321905,0.10848018016569538,2.9986430823323555,-1.3607364107541395,pre_covid
2020-01-21 09:00:00,NORMAL,4.018484616945072,0.09740677547001599,3.1309657792905883,-1.3607364107541395,pre_covid
2020-01-21 10:00:00,NORMAL,4.0259341784850555,0.08437267062341795,2.349062456735026,-1.3607364107541395,pre_covid
2020-01-21 11:00:00,NORMAL,4.032040397742183,0.0729864421127865,2.254232629828067,-1.3607364107541395,pre_covid
2020-01-21 12:00:00,NORMAL,4.038405723338284,0.06166016609581015,2.2406713821819273,-1.3607364107541395,pre_covid
2020-01-21 13:00:00,NORMAL,4.045499169600703,0.04922720428781658,2.3958296548617803,-1.3607364107541395,pre_covid
2020-01-21 14:00:00,NORMAL,4.052186737429209,0.038266227521591076,2.4073106172750713,-1.3607364107541395,pre_covid
2020-01-21 15:00:00,NORMAL,4.0588139721581085,0.02820588596261708,2.309405322739531,-1.3607364107541395,pre_covid
2020-01-21 16:00:00,NORMAL,4.066729030878756,0.02034037553427803,2.5760487557356058,-1.3607364107541395,pre_covid
2020-01-21 17:00:00,NORMAL,4.077784425819379,0.012726203910579404,3.399621192670098,-1.3607364107541395,pre_covid
2020-01-21 18:00:00,NORMAL,4.092939792783632,0.004440847975937963,3.983353583363341,-1.3607364107541395,pre_covid
2020-01-21 19:00:00,NORMAL,4.108853677046505,-0.001962016495742904,4.205985296285607,-1.3607364107541395,pre_covid
2020-01-21 20:00:00,NORMAL,4.127414766176569,-0.005305162347582351,4.87000406221656,-1.3607364107541395,pre_covid
2020-01-21 21:00:00,NORMAL,4.147438506997731,-0.0082487515068942,5.044100580193442,-1.3607364107541395,pre_covid
2020-01-21 22:00:00,NORMAL,4.168601706243408,-0.011703516338456621,5.20298176352726,-1.3607364107541395,pre_covid
2020-01-21 23:00:00,NORMAL,4.191071811797091,-0.013243808400873379,6.21504028014339,-1.3607364107541395,pre_covid
2020-01-22 00:00:00,NORMAL,4.210779190546453,-0.01514223335304817,6.382773351633906,-1.3607364107541395,pre_covid
2020-01-22 01:00:00,NORMAL,4.231888886101396,-0.017214145124030748,6.62956788542028,-1.3607364107541395,pre_covid
2020-01-22 02:00:00,NORMAL,4.255066330033857,-0.019508184298946303,6.746875481450174,-1.3607364107541395,pre_covid
2020-01-22 03:00:00,NORMAL,4.269284087365203,-0.024267130365551465,5.539151081095448,-1.3607364107541395,pre_covid
2020-01-22 04:00:00,NORMAL,4.289163244599854,-0.0272894138849613,6.303634610024627,-1.3607364107541395,pre_covid
2020-01-22 05:00:00,NORMAL,4.30749837889261,-0.029344667133132912,6.548732675592963,-1.3607364107541395,pre_covid
2020-01-22 06:00:00,NORMAL,4.330311441180001,-0.026247264536061982,6.909332725340153,-1.3607364107541395,pre_covid
2020-01-22 07:00:00,NORMAL,4.345092887817544,-0.02201124748405567,4.6936274180085285,-1.3607364107541395,pre_covid
2020-01-22 08:00:00,NORMAL,4.351194025528321,-0.021785357630840104,2.545379937004494,-1.3607364107541395,pre_covid
2020-01-22 09:00:00,NORMAL,4.355865492792137,-0.024682476551046998,1.9461556098690136,-1.3607364107541395,pre_covid
2020-01-22 10:00:00,NORMAL,4.359225686680061,-0.02444020979356228,1.8640361477516338,-1.3607364107541395,pre_covid
2020-01-22 11:00:00,NORMAL,4.363730841046241,-0.024805039284240226,1.8704513254577357,-1.3607364107541395,pre_covid
2020-01-22 12:00:00,NORMAL,4.36715188525818,-0.024565763949466312,1.8448600315632047,-1.3607364107541395,pre_covid
2020-01-22 13:00:00,NORMAL,4.37075952522056,-0.02533332996424696,1.7376747659215848,-1.3607364107541395,pre_covid
2020-01-22 14:00:00,NORMAL,4.37377630819721,-0.026795875063098204,1.773475179111395,-1.3607364107541395,pre_covid
2020-01-22 15:00:00,NORMAL,4.372488482486416,-0.030113398390537133,1.1121580223080985,-1.3607364107541395,pre_covid
2020-01-22 16:00:00,NORMAL,4.3712652744317,-0.034281069761240894,1.0941830187181127,-1.3607364107541395,pre_covid
2020-01-22 17:00:00,NORMAL,4.3717571821892545,-0.036376845203570006,2.083862573544847,-1.3607364107541395,pre_covid
2020-01-22 18:00:00,NORMAL,4.3736765728426725,-0.037451221041615974,2.3996415449544166,-1.3607364107541395,pre_covid
2020-01-22 19:00:00,NORMAL,4.374167003756189,-0.03886263781755401,2.563987794568056,-1.3607364107541395,pre_covid
2020-01-22 20:00:00,NORMAL,4.374466008403597,-0.04114745927210869,2.7810152122600167,-1.3607364107541395,pre_covid
2020-01-22 21:00:00,NORMAL,4.373498081423208,-0.04298396016670388,3.0649893221612343,-1.3607364107541395,pre_covid
2020-01-22 22:00:00,NORMAL,4.372794184793192,-0.04371439220110012,3.226662793631306,-1.3607364107541395,pre_covid
2020-01-22 23:00:00,NORMAL,4.3653204839877535,-0.04729272938188658,2.9506956987606068,-1.3607364107541395,pre_covid
2020-01-23 00:00:00,NORMAL,4.364174299984357,-0.04918735953739481,3.9533183129371525,-1.3607364107541395,pre_covid
2020-01-23 01:00:00,NORMAL,4.373627249063218,-0.04980336478700731,5.249077341606761,-1.3607364107541395,pre_covid
2020-01-23 02:00:00,NORMAL,4.385155733883377,-0.051178879154027246,5.101406301814001,-1.3607364107541395,pre_covid
2020-01-23 03:00:00,NORMAL,4.394237614491052,-0.04943893812704068,4.812790834442516,-1.3607364107541395,pre_covid
2020-01-23 04:00:00,NORMAL,4.407866549441532,-0.04890551027866649,5.408623712398746,-1.3607364107541395,pre_covid
2020-01-23 05:00:00,NORMAL,4.42664987915987,-0.04750717733165694,6.478647992041715,-1.3607364107541395,pre_covid
2020-01-23 06:00:00,NORMAL,4.438414631871371,-0.050047029899500044,6.025954536844001,-1.3607364107541395,pre_covid
2020-01-23 07:00:00,NORMAL,4.446879980421305,-0.053201452078151766,3.9588954428691236,-1.3607364107541395,pre_covid
2020-01-23 08:00:00,NORMAL,4.4523898546072465,-0.05152169224105033,2.7915211589999185,-1.3607364107541395,pre_covid
2020-01-23 09:00:00,NORMAL,4.458081002356896,-0.047598646420937495,2.3126776742563053,-1.3607364107541395,pre_covid
2020-01-23 10:00:00,NORMAL,4.460813429122235,-0.04592744466840568,1.9729529530327818,-1.3607364107541395,pre_covid
2020-01-23 11:00:00,NORMAL,4.463244938615729,-0.044867004455447536,1.8810325757395796,-1.3607364107541395,pre_covid
2020-01-23 12:00:00,NORMAL,4.463144809599224,-0.044492879952394725,1.5930392339390231,-1.3607364107541395,pre_covid
2020-01-23 13:00:00,NORMAL,4.46193523562974,-0.04357372676082096,1.4292901218747585,-1.3607364107541395,pre_covid
2020-01-23 14:00:00,NORMAL,4.460211870337774,-0.04291779873228339,1.3908437476578426,-1.3607364107541395,pre_covid
2020-01-23 15:00:00,NORMAL,4.453413770213983,-0.04134114626186234,0.5156056258869564,-1.3607364107541395,pre_covid
2020-01-23 16:00:00,NORMAL,4.443300325474769,-0.03986817135088443,0.2567794154612397,-1.3607364107541395,pre_covid
2020-01-23 17:00:00,NORMAL,4.44009322185449,-0.03755751858962141,1.8829052418327694,-1.3607364107541395,pre_covid
2020-01-23 18:00:00,NORMAL,4.441075200295879,-0.03386359222896323,2.902260700640999,-1.3607364107541395,pre_covid
2020-01-23 19:00:00,NORMAL,4.443651120156557,-0.029855717389157956,3.336219234328673,-1.3607364107541395,pre_covid
2020-01-23 20:00:00,NORMAL,4.446279401846022,-0.025092848241082225,3.723797534060928,-1.3607364107541395,pre_covid
2020-01-23 21:00:00,NORMAL,4.44902629392178,-0.020763951787314605,3.84383698820396,-1.3607364107541395,pre_covid
2020-01-23 22:00:00,NORMAL,4.4507118770879055,-0.016611505063722613,4.00909677955478,-1.3607364107541395,pre_covid
2020-01-23 23:00:00,NORMAL,4.445488233752697,-0.011678879736279507,3.1547158684756758,-1.3607364107541395,pre_covid
2020-01-24 00:00:00,NORMAL,4.449004937761224,-0.006760992392691605,4.887985985181844,-1.3607364107541395,pre_covid
2020-01-24 01:00:00,NORMAL,4.449813594049566,-0.005373784340258259,4.865768011699891,-1.3607364107541395,pre_covid
2020-01-24 02:00:00,NORMAL,4.456495279279433,-0.0032728426803573557,4.926422398666164,-1.3607364107541395,pre_covid
2020-01-24 03:00:00,NORMAL,4.4603210187089575,-0.0018877121734266506,5.0096845844706,-1.3607364107541395,pre_covid
2020-01-24 04:00:00,NORMAL,4.465632460161879,-0.0005617045345355116,5.448970050409399,-1.3607364107541395,pre_covid
2020-01-24 05:00:00,NORMAL,4.469812068592571,-0.001864701671380143,5.470873805266517,-1.3607364107541395,pre_covid
2020-01-24 06:00:00,NORMAL,4.477413964643945,-0.0011802580309373423,5.642216970049862,-1.3607364107541395,pre_covid
2020-01-24 07:00:00,NORMAL,4.482756904726835,-0.00015617798644567096,3.7884026813671037,-1.3607364107541395,pre_covid
2020-01-24 08:00:00,NORMAL,4.4855258331627965,-0.0009786009650269523,2.699666469590837,-1.3607364107541395,pre_covid
2020-01-24 09:00:00,NORMAL,4.489006756965036,-0.0020605123657905307,2.2735505850161633,-1.3607364107541395,pre_covid
2020-01-24 10:00:00,NORMAL,4.487733213836879,-0.0028573853486562437,1.80493059990172,-1.3607364107541395,pre_covid
2020-01-24 11:00:00,NORMAL,4.485236152708567,-0.0031128799624503957,1.798830149886758,-1.3607364107541395,pre_covid
2020-01-24 12:00:00,NORMAL,4.477214594964794,-0.0032885549997233227,1.2837357579259647,-1.3607364107541395,pre_covid
2020-01-24 13:00:00,NORMAL,4.467765225111357,-0.0029721288520373323,1.2357087302154937,-1.3607364107541395,pre_covid
2020-01-24 14:00:00,NORMAL,4.461650562925531,-0.0004178480968792797,1.8680914386734888,-1.3607364107541395,pre_covid
2020-01-24 15:00:00,NORMAL,4.454297621271335,0.005323609381240311,1.6899456593308728,-1.3607364107541395,pre_covid
2020-01-24 16:00:00,NORMAL,4.450021953601466,0.013516464910316689,2.1140500768812154,-1.3607364107541395,pre_covid
2020-01-24 17:00:00,NORMAL,4.439898564745096,0.01474319805830534,2.223748616630961,-1.3607364107541395,pre_covid
2020-01-24 18:00:00,NORMAL,4.41993191526078,0.013345552355752209,2.649580355122125,-1.3607364107541395,pre_covid
2020-01-24 19:00:00,NORMAL,4.400532677413487,0.011725985598586805,3.170174447096897,-1.3607364107541395,pre_covid
2020-01-24 20:00:00,NORMAL,4.3802422452241325,0.009970897393702558,3.6041644426615025,-1.3607364107541395,pre_covid
2020-01-24 21:00:00,NORMAL,4.359873286508953,0.009043174426430621,4.0693342167762845,-1.3607364107541395,pre_covid
2020-01-24 22:00:00,NORMAL,4.344544453857224,0.009059799102406868,4.825616189128121,-1.3607364107541395,pre_covid
2020-01-24 23:00:00,NORMAL,4.327330335010955,0.011673358395781583,5.019524286880742,-1.3607364107541395,pre_covid
2020-01-25 00:00:00,NORMAL,4.308457176306154,0.011148965118195362,5.716881054849068,-1.3607364107541395,pre_covid
2020-01-25 01:00:00,NORMAL,4.281161052784566,0.011007609277945784,4.71618723547755,-1.3607364107541395,pre_covid
2020-01-25 02:00:00,NORMAL,4.254094145183105,0.010441774457205968,4.918424822747087,-1.3607364107541395,pre_covid
2020-01-25 03:00:00,NORMAL,4.230719758655409,0.009325726093324374,4.797257908233652,-1.3607364107541395,pre_covid
2020-01-25 04:00:00,NORMAL,4.203769648996433,0.007957730392492134,5.5307527141795045,-1.3607364107541395,pre_covid
2020-01-25 05:00:00,NORMAL,4.174894003338139,0.0069356042464395196,4.826824040028191,-1.3607364107541395,pre_covid
2020-01-25 06:00:00,NORMAL,4.153691956366505,0.004253779920194044,4.642849306801002,-1.3607364107541395,pre_covid
2020-01-25 07:00:00,NORMAL,4.145000411094014,0.0022137261437138985,4.939510035650787,-1.3607364107541395,pre_covid
2020-01-25 08:00:00,NORMAL,4.138401798023377,-0.0015433916030192418,3.1158697234620845,-1.3607364107541395,pre_covid
2020-01-25 09:00:00,NORMAL,4.1341865314188215,-0.005431415063780052,2.6574606258623925,-1.3607364107541395,pre_covid
2020-01-25 10:00:00,NORMAL,4.131491286772293,-0.00751197371333117,2.754605634421774,-1.3607364107541395,pre_covid
2020-01-25 11:00:00,NORMAL,4.127448030895902,-0.010105167513021948,2.871873141258489,-1.3607364107541395,pre_covid
2020-01-25 12:00:00,NORMAL,4.116645063242397,-0.013110827582918252,2.5009064360265554,-1.3607364107541395,pre_covid
2020-01-25 13:00:00,NORMAL,4.102519175570285,-0.01821386447760333,2.3646571051393854,-1.3607364107541395,pre_covid
2020-01-25 14:00:00,NORMAL,4.084996975160142,-0.02811788584309577,2.1066451932552157,-1.3607364107541395,pre_covid
2020-01-25 15:00:00,NORMAL,4.076958669332414,-0.04012385476216592,2.031003847385216,-1.3607364107541395,pre_covid
2020-01-25 16:00:00,NORMAL,4.071228685137275,-0.05102174211734378,3.2607401192768757,-1.3607364107541395,pre_covid
2020-01-25 17:00:00,NORMAL,4.068421098067658,-0.05282627575886864,2.4861860950140424,-1.3607364107541395,pre_covid
2020-01-25 18:00:00,NORMAL,4.0603502405918945,-0.05331856479696143,3.5838403155842813,-1.3607364107541395,pre_covid
2020-01-25 19:00:00,NORMAL,4.051475044869701,-0.054092131245670756,3.8463724842934,-1.3607364107541395,pre_covid
2020-01-25 20:00:00,NORMAL,4.041675528086664,-0.05528003082216242,3.6167531932725083,-1.3607364107541395,pre_covid
2020-01-25 21:00:00,NORMAL,4.0306375904679115,-0.0577912084118034,3.6375961404191455,-1.3607364107541395,pre_covid
2020-01-25 22:00:00,NORMAL,4.016845258512575,-0.06208508962397061,3.3515291944257544,-1.3607364107541395,pre_covid
2020-01-25 23:00:00,NORMAL,4.000475913178557,-0.06731521622272855,3.6179761982446164,-1.3607364107541395,pre_covid
2020-01-26 00:00:00,NORMAL,3.9816231787014185,-0.07042322561567506,4.176636994706657,-1.3607364107541395,pre_covid
2020-01-26 01:00:00,NORMAL,3.9567032995262976,-0.07038413611678686,4.241187336143151,-1.3607364107541395,pre_covid
2020-01-26 02:00:00,NORMAL,3.935815235638963,-0.07010228143453526,4.523746534921511,-1.3607364107541395,pre_covid
2020-01-26 03:00:00,NORMAL,3.9131422839923866,-0.06990336427987007,4.376734002727159,-1.3607364107541395,pre_covid
2020-01-26 04:00:00,NORMAL,3.8899769648766855,-0.06951958510053245,4.825339507290931,-1.3607364107541395,pre_covid
2020-01-26 05:00:00,NORMAL,3.869105247695817,-0.06689134397617673,4.974335533642871,-1.3607364107541395,pre_covid
2020-01-26 06:00:00,NORMAL,3.8560467669186447,-0.06466623467708603,4.049679677535915,-1.3607364107541395,pre_covid
2020-01-26 07:00:00,NORMAL,3.83920594092616,-0.06919862393478392,1.5414138328356315,-1.3607364107541395,pre_covid
2020-01-26 08:00:00,NORMAL,3.824664739755283,-0.07537042641707688,-0.17771972375210512,-1.3607364107541395,pre_covid
2020-01-26 09:00:00,NORMAL,3.811837787738143,-0.08208845914536574,-0.42599945937606504,-1.3607364107541395,pre_covid
2020-01-26 10:00:00,NORMAL,3.8001624048830385,-0.09037261963613309,-0.3836382654658156,-1.3607364107541395,pre_covid
2020-01-26 11:00:00,NORMAL,3.7964381666494638,-0.09396970523501579,0.8304353050107225,-1.3607364107541395,pre_covid
2020-01-26 12:00:00,NORMAL,3.7908578014961427,-0.09363062424405237,1.267842488357782,-1.3607364107541395,pre_covid
2020-01-26 13:00:00,NORMAL,3.7857879066870774,-0.08981555708328597,1.6540139311679514,-1.3607364107541395,pre_covid
2020-01-26 14:00:00,NORMAL,3.776735421190677,-0.08332938838925195,1.3257507279279963,-1.3607364107541395,pre_covid
2020-01-26 15:00:00,NORMAL,3.7648232071373893,-0.07807223476200416,0.8888878140614104,-1.3607364107541395,pre_covid
2020-01-26 16:00:00,NORMAL,3.7530661628331243,-0.07862426333850574,0.9012248345712389,-1.3607364107541395,pre_covid
2020-01-26 17:00:00,NORMAL,3.7456804417731138,-0.08413982643303769,0.6549357159233595,-1.3607364107541395,pre_covid
2020-01-26 18:00:00,NORMAL,3.732538916855324,-0.0888083149731626,0.8718632773268457,-1.3607364107541395,pre_covid
2020-01-26 19:00:00,NORMAL,3.7188072818746036,-0.09292074251904527,1.1254416402756098,-1.3607364107541395,pre_covid
2020-01-26 20:00:00,NORMAL,3.702030930040159,-0.09492820245897145,1.843981001111831,-1.3607364107541395,pre_covid
2020-01-26 21:00:00,NORMAL,3.679215576239316,-0.096419843272669,1.6484471781266352,-1.3607364107541395,pre_covid
2020-01-26 22:00:00,NORMAL,3.6500466859731775,-0.0975632457235504,1.1144072648523267,-1.3607364107541395,pre_covid
2020-01-26 23:00:00,NORMAL,3.6207904753741773,-0.09935748418422145,1.3786602837111637,-1.3607364107541395,pre_covid
2020-01-27 00:00:00,NORMAL,3.586866541361905,-0.10095501249480515,1.589668507269872,-1.3607364107541395,pre_covid
2020-01-27 01:00:00,NORMAL,3.5521300147764197,-0.1045058702425496,1.2483309898311012,-1.3607364107541395,pre_covid
2020-01-27 02:00:00,NORMAL,3.521603242493273,-0.1080932462484425,1.4263303584544718,-1.3607364107541395,pre_covid
2020-01-27 03:00:00,NORMAL,3.4913576381936546,-0.11207252997132645,1.1582491856457169,-1.3607364107541395,pre_covid
2020-01-27 04:00:00,NORMAL,3.4601110603290186,-0.11488728775516989,1.507176787050826,-1.3607364107541395,pre_covid
2020-01-27 05:00:00,NORMAL,3.424894193231465,-0.11901636068417815,1.3380427977756677,-1.3607364107541395,pre_covid
2020-01-27 06:00:00,NORMAL,3.392616906176669,-0.1194883782686227,1.8857709168869803,-1.3607364107541395,pre_covid
2020-01-27 07:00:00,NORMAL,3.370832942676812,-0.10703122452822579,1.4373393032201363,-1.3607364107541395,pre_covid
2020-01-27 08:00:00,NORMAL,3.355720762392073,-0.08357025924051763,1.0257099594479078,-1.3607364107541395,pre_covid
2020-01-27 09:00:00,NORMAL,3.3439116757359475,-0.056827958658800616,1.1656576440406201,-1.3607364107541395,pre_covid
2020-01-27 10:00:00,NORMAL,3.3308516523911202,-0.03203863780199774,0.7494455040609435,-1.3607364107541395,pre_covid
2020-01-27 11:00:00,NORMAL,3.322092067398774,-0.0171448681204464,1.0346678463600572,-1.3607364107541395,pre_covid
2020-01-27 12:00:00,NORMAL,3.3105703832184434,-0.006716873238372421,0.8044462053539622,-1.3607364107541395,pre_covid
2020-01-27 13:00:00,NORMAL,3.2983293693590503,0.002116858634806998,0.726653745084103,-1.3607364107541395,pre_covid
2020-01-27 14:00:00,NORMAL,3.28699344281595,0.012545090547244411,0.6154078464981368,-1.3607364107541395,pre_covid
2020-01-27 15:00:00,NORMAL,3.2765332322806104,0.025004970904594314,0.5989253314268782,-1.3607364107541395,pre_covid
2020-01-27 16:00:00,NORMAL,3.2664961706131175,0.03936043742113277,0.7944745542476063,-1.3607364107541395,pre_covid
2020-01-27 17:00:00,NORMAL,3.2509245780230547,0.05188963834951819,1.1063282876003024,-1.3607364107541395,pre_covid
2020-01-27 18:00:00,NORMAL,3.2298396156157607,0.06251669464935289,1.4482994742793276,-1.3607364107541395,pre_covid
2020-01-27 19:00:00,NORMAL,3.2097963850828073,0.07176922428852757,1.63595569476585,-1.3607364107541395,pre_covid
2020-01-27 20:00:00,NORMAL,3.1844778368513795,0.07609639563041641,1.226870810529097,-1.3607364107541395,pre_covid
2020-01-27 21:00:00,NORMAL,3.157313736386208,0.08108875017602664,1.286874693234133,-1.3607364107541395,pre_covid
2020-01-27 22:00:00,NORMAL,3.127096861074315,0.0879413827982344,1.6890807368310852,-1.3607364107541395,pre_covid
2020-01-27 23:00:00,NORMAL,3.097146507948103,0.09391876042287996,1.9317253193749684,-1.3607364107541395,pre_covid
2020-01-28 00:00:00,NORMAL,3.061320286338114,0.09755544782297748,1.5078224066866335,-1.3607364107541395,pre_covid
2020-01-28 01:00:00,NORMAL,3.023915717585423,0.10190877058373045,1.3231461232215174,-1.3607364107541395,pre_covid
2020-01-28 02:00:00,NORMAL,2.989092472618377,0.10635862501991039,1.603022512573921,-1.3607364107541395,pre_covid
2020-01-28 03:00:00,NORMAL,2.9539253779634573,0.11184365111294882,1.6613762762202036,-1.3607364107541395,pre_covid
2020-01-28 04:00:00,NORMAL,2.920968888737094,0.11657994419586158,2.0961806719009974,-1.3607364107541395,pre_covid
2020-01-28 05:00:00,NORMAL,2.887757979875632,0.1217611630537584,2.0883742886467926,-1.3607364107541395,pre_covid
2020-01-28 06:00:00,NORMAL,2.86258306335612,0.12306776671926757,1.7809570605478697,-1.3607364107541395,pre_covid
2020-01-28 07:00:00,NORMAL,2.848262786220153,0.11730436722504362,1.3430797637125054,-1.3607364107541395,pre_covid
2020-01-28 08:00:00,NORMAL,2.8353264249660737,0.10345617943970237,0.8253343916470552,-1.3607364107541395,pre_covid
2020-01-28 09:00:00,NORMAL,2.821511218260935,0.08642135535950819,0.8100110528273446,-1.3607364107541395,pre_covid
2020-01-28 10:00:00,NORMAL,2.811452917939941,0.07219628356866208,0.6592680028079686,-1.3607364107541395,pre_covid
2020-01-28 11:00:00,NORMAL,2.8027344660352846,0.0630041807277573,0.7895327098458097,-1.3607364107541395,pre_covid
2020-01-28 12:00:00,NORMAL,2.7945699643406,0.05631709953748213,0.869035097474869,-1.3607364107541395,pre_covid
2020-01-28 13:00:00,NORMAL,2.7868682899653927,0.05049070382103547,1.101948359826973,-1.3607364107541395,pre_covid
2020-01-28 14:00:00,NORMAL,2.7783412467590116,0.04318993174359237,0.9747673586030979,-1.3607364107541395,pre_covid
2020-01-28 15:00:00,NORMAL,2.7705655462719854,0.03493470674442679,1.0030876409190954,-1.3607364107541395,pre_covid
2020-01-28 16:00:00,NORMAL,2.7610473263263566,0.026821091528968624,0.976987804869974,-1.3607364107541395,pre_covid
2020-01-28 17:00:00,NORMAL,2.7494417319791324,0.021652702545341462,1.4498813423364214,-1.3607364107541395,pre_covid
2020-01-28 18:00:00,NORMAL,2.7364582879442407,0.01733603488862755,1.8021349855015367,-1.3607364107541395,pre_covid
2020-01-28 19:00:00,NORMAL,2.724520005004226,0.014267726725372873,2.2003537623631457,-1.3607364107541395,pre_covid
2020-01-28 20:00:00,NORMAL,2.7091047527149654,0.015189672896695877,2.280241677620741,-1.3607364107541395,pre_covid
2020-01-28 21:00:00,NORMAL,2.691773713695356,0.01534496372969413,2.132486024899133,-1.3607364107541395,pre_covid
2020-01-28 22:00:00,NORMAL,2.6745104608935217,0.013705973509427344,2.30275529281909,-1.3607364107541395,pre_covid
2020-01-28 23:00:00,NORMAL,2.650708992810122,0.012285676776556136,2.2163936421322137,-1.3607364107541395,pre_covid
2020-01-29 00:00:00,NORMAL,2.6237388741014667,0.013013979263638781,1.8517934085798167,-1.3607364107541395,pre_covid
2020-01-29 01:00:00,NORMAL,2.592780360306838,0.0130664882967024,1.4285375679226624,-1.3607364107541395,pre_covid
2020-01-29 02:00:00,NORMAL,2.561416343383804,0.012535703420195962,1.4777206383804142,-1.3607364107541395,pre_covid
2020-01-29 03:00:00,NORMAL,2.5373055852655875,0.011346134906281516,1.488543717235054,-1.3607364107541395,pre_covid
2020-01-29 04:00:00,NORMAL,2.510190126840636,0.009775142982043126,1.7482375946327762,-1.3607364107541395,pre_covid
2020-01-29 05:00:00,NORMAL,2.4850109825060773,0.00889179971719605,2.31863642738713,-1.3607364107541395,pre_covid
2020-01-29 06:00:00,NORMAL,2.4568422975019724,0.009740336168614855,2.1769936446505582,-1.3607364107541395,pre_covid
2020-01-29 07:00:00,NORMAL,2.4371108213594246,0.010018753141245668,1.3787394260605015,-1.3607364107541395,pre_covid
2020-01-29 08:00:00,NORMAL,2.4286249353693883,0.01135589063387868,1.1197510906783525,-1.3607364107541395,pre_covid
2020-01-29 09:00:00,NORMAL,2.4228249547477256,0.012823003770925682,0.9717588654296389,-1.3607364107541395,pre_covid
2020-01-29 10:00:00,NORMAL,2.417222129759604,0.013936627637178357,0.9227615497472885,-1.3607364107541395,pre_covid
2020-01-29 11:00:00,NORMAL,2.4114554781076887,0.014984296947792691,0.9016538479359998,-1.3607364107541395,pre_covid
2020-01-29 12:00:00,NORMAL,2.4054345364007768,0.014683210807113387,0.8333418248019279,-1.3607364107541395,pre_covid
2020-01-29 13:00:00,NORMAL,2.4007513142464325,0.013077752369483824,0.9508934439917895,-1.3607364107541395,pre_covid
2020-01-29 14:00:00,NORMAL,2.396507894732753,0.01219930081536224,1.0605807008132233,-1.3607364107541395,pre_covid
2020-01-29 15:00:00,NORMAL,2.397092538848392,0.011534583583287142,1.2103782337354336,-1.3607364107541395,pre_covid
2020-01-29 16:00:00,NORMAL,2.3982989645611568,0.0119313507516084,1.296862538462571,-1.3607364107541395,pre_covid
2020-01-29 17:00:00,NORMAL,2.395520162435715,0.011504951622064297,1.6170238164706494,-1.3607364107541395,pre_covid
2020-01-29 18:00:00,NORMAL,2.3904125372629044,0.010316923119265832,1.5415605159222268,-1.3607364107541395,pre_covid
2020-01-29 19:00:00,NORMAL,2.3852983501960825,0.008424569405562035,1.7048043673419746,-1.3607364107541395,pre_covid
2020-01-29 20:00:00,NORMAL,2.3782478464185215,0.005404907764255275,1.5965305776297756,-1.3607364107541395,pre_covid
2020-01-29 21:00:00,NORMAL,2.3706980739051717,0.0033201168167965246,1.7966275399184508,-1.3607364107541395,pre_covid
2020-01-29 22:00:00,NORMAL,2.3587299699356206,0.0005026574179655333,1.2160213267467568,-1.3607364107541395,pre_covid
2020-01-29 23:00:00,NORMAL,2.348687437465957,-0.001523595390019195,1.2635502438571542,-1.3607364107541395,pre_covid
2020-01-30 00:00:00,NORMAL,2.3372854686585365,-0.0017984023557585584,2.037787553290442,-1.3607364107541395,pre_covid
2020-01-30 01:00:00,NORMAL,2.3152840470652967,-0.001766616733886257,1.5528385139424947,-1.3607364107541395,pre_covid
2020-01-30 02:00:00,NORMAL,2.294248303811704,-0.0013895784587412833,1.567401435210438,-1.3607364107541395,pre_covid
2020-01-30 03:00:00,NORMAL,2.2767285784775537,-0.000425527549947676,1.8694769783053153,-1.3607364107541395,pre_covid
2020-01-30 04:00:00,NORMAL,2.255315192791646,0.00025465385991136095,1.811174917166179,-1.3607364107541395,pre_covid
2020-01-30 05:00:00,NORMAL,2.2262472545507674,-0.0012870396749322015,1.5952343675741454,-1.3607364107541395,pre_covid
2020-01-30 06:00:00,NORMAL,2.2008362937535626,-0.002659629462663076,1.7569131229135901,-1.3607364107541395,pre_covid
2020-01-30 07:00:00,NORMAL,2.18454656812985,-0.0030722994813584766,1.222221538085438,-1.3607364107541395,pre_covid
2020-01-30 08:00:00,NORMAL,2.1720882468221085,-0.004994874156581297,0.6985231792993336,-1.3607364107541395,pre_covid
2020-01-30 09:00:00,NORMAL,2.1627618544903022,-0.006105366781158589,0.7458437625128741,-1.3607364107541395,pre_covid
2020-01-30 10:00:00,NORMAL,2.1562035193088724,-0.007096082268538452,0.8711526425524906,-1.3607364107541395,pre_covid
2020-01-30 11:00:00,NORMAL,2.1514026842696223,-0.006919967951136086,1.0744922891456108,-1.3607364107541395,pre_covid
2020-01-30 12:00:00,NORMAL,2.148279541221948,-0.0061078375788982614,1.0683512019297834,-1.3607364107541395,pre_covid
2020-01-30 13:00:00,NORMAL,2.146857127707228,-0.00493199305392169,1.1903246514017893,-1.3607364107541395,pre_covid
2020-01-30 14:00:00,NORMAL,2.1469157377398216,-0.004150486626984729,1.4006902331334863,-1.3607364107541395,pre_covid
2020-01-30 15:00:00,NORMAL,2.1513300813443506,-0.0046614213952658285,1.257215351447836,-1.3607364107541395,pre_covid
2020-01-30 16:00:00,NORMAL,2.1577675173972404,-0.005482647081291188,1.3382686723467105,-1.3607364107541395,pre_covid
2020-01-30 17:00:00,NORMAL,2.155539212618863,-0.006122035810251797,1.5085500390653546,-1.3607364107541395,pre_covid
2020-01-30 18:00:00,NORMAL,2.148404080806345,-0.0053088911367338175,1.7035585561380082,-1.3607364107541395,pre_covid
2020-01-30 19:00:00,NORMAL,2.139980052407203,-0.004046402056369338,1.9209824632728731,-1.3607364107541395,pre_covid
2020-01-30 20:00:00,NORMAL,2.128722946270642,-0.0024782756803192144,1.832603703118665,-1.3607364107541395,pre_covid
2020-01-30 21:00:00,NORMAL,2.115775225283966,-0.0021238585077384413,1.6686198624423385,-1.3607364107541395,pre_covid
2020-01-30 22:00:00,NORMAL,2.1032464199979364,0.000841646348136558,1.9042574915018735,-1.3607364107541395,pre_covid
2020-01-30 23:00:00,NORMAL,2.0974036451245084,0.003940838300858851,2.17312968973971,-1.3607364107541395,pre_covid
2020-01-31 00:00:00,NORMAL,2.080336594261829,0.0035983645056245003,2.020721440251749,-1.3607364107541395,pre_covid
2020-01-31 01:00:00,NORMAL,2.0665876076298226,0.005103667878601781,2.5559382575228513,-1.3607364107541395,pre_covid
2020-01-31 02:00:00,NORMAL,2.051393798330532,0.006359278613382935,2.373862436385307,-1.3607364107541395,pre_covid
2020-01-31 03:00:00,NORMAL,2.0373330277591473,0.007030768640139631,2.647475128477989,-1.3607364107541395,pre_covid
2020-01-31 04:00:00,NORMAL,2.0190916253184743,0.007883096780236609,2.384414440376311,-1.3607364107541395,pre_covid
2020-01-31 05:00:00,NORMAL,2.0041180787419406,0.011307174822695483,2.9553179804088385,-1.3607364107541395,pre_covid
2020-01-31 06:00:00,NORMAL,1.9859550844043088,0.013423669283050764,2.590833921327759,-1.3607364107541395,pre_covid
2020-01-31 07:00:00,NORMAL,1.9748211586664806,0.015265143947620928,1.9179031574119267,-1.3607364107541395,pre_covid
2020-01-31 08:00:00,NORMAL,1.9644781301843754,0.017109737504038606,0.9620376845971604,-1.3607364107541395,pre_covid
2020-01-31 09:00:00,NORMAL,1.956791919735384,0.01843857363904881,0.9822672295855958,-1.3607364107541395,pre_covid
2020-01-31 10:00:00,NORMAL,1.9517160296306981,0.018849721201075254,0.9521810623145189,-1.3607364107541395,pre_covid
2020-01-31 11:00:00,NORMAL,1.9463313288832775,0.017816518771575234,0.8942004243200892,-1.3607364107541395,pre_covid
2020-01-31 12:00:00,NORMAL,1.9436454907838348,0.016415246012289487,0.8325149572195698,-1.3607364107541395,pre_covid
2020-01-31 13:00:00,NORMAL,1.9420792107166522,0.01504401124786363,0.9725736789288456,-1.3607364107541395,pre_covid
2020-01-31 14:00:00,NORMAL,1.9372638339932908,0.012970303758619134,1.0591081491487757,-1.3607364107541395,pre_covid
2020-01-31 15:00:00,NORMAL,1.9340308849498182,0.012480796688821967,1.1468102200274835,-1.3607364107541395,pre_covid
2020-01-31 16:00:00,NORMAL,1.9273193827601962,0.011353521032636272,0.9865177090247103,-1.3607364107541395,pre_covid
2020-01-31 17:00:00,NORMAL,1.9219196547451467,0.01115827079475662,1.3165943101026365,-1.3607364107541395,pre_covid
2020-01-31 18:00:00,NORMAL,1.9174403465423973,0.011216530252375291,1.8970565770602241,-1.3607364107541395,pre_covid
2020-01-31 19:00:00,NORMAL,1.9110668817092382,0.011145643055048116,2.099432355126151,-1.3607364107541395,pre_covid
2020-01-31 20:00:00,NORMAL,1.9041309406076425,0.011779872945240638,2.4389263375934367,-1.3607364107541395,pre_covid
2020-01-31 21:00:00,NORMAL,1.894122429236468,0.013264502880959832,2.387904306418969,-1.3607364107541395,pre_covid
2020-01-31 22:00:00,NORMAL,1.8801859401762466,0.013051422171528047,2.4842860270109455,-1.3607364107541395,pre_covid
2020-01-31 23:00:00,NORMAL,1.867405974012757,0.012652419829748381,2.872489971414498,-1.3607364107541395,pre_covid
2020-02-01 00:00:00,NORMAL,1.8456706134406213,0.014769210593630613,2.0653404787302727,-1.3607364107541395,pre_covid
2020-02-01 01:00:00,NORMAL,1.8323468141299168,0.014597023191391735,2.477788951279213,-1.3607364107541395,pre_covid
2020-02-01 02:00:00,NORMAL,1.8143440519521141,0.013823235299170358,1.8939607768761841,-1.3607364107541395,pre_covid
2020-02-01 03:00:00,NORMAL,1.7983972333597003,0.012923886824863574,2.1181923847081703,-1.3607364107541395,pre_covid
2020-02-01 04:00:00,NORMAL,1.7792937298993552,0.013032026958517845,2.3213641328414663,-1.3607364107541395,pre_covid
2020-02-01 05:00:00,NORMAL,1.7677045633944968,0.010686982635474983,2.879844067212,-1.3607364107541395,pre_covid
2020-02-01 06:00:00,NORMAL,1.7562937894535695,0.008264796925224404,2.7258392847252497,-1.3607364107541395,pre_covid
2020-02-01 07:00:00,NORMAL,1.7415668923018233,0.003799452385377242,2.4653913141573676,-1.3607364107541395,pre_covid
2020-02-01 08:00:00,NORMAL,1.7336000765892556,-0.0005275369070286915,1.777444683750748,-1.3607364107541395,pre_covid
2020-02-01 09:00:00,NORMAL,1.7276366560832828,-0.004906108346212036,1.6556059808589632,-1.3607364107541395,pre_covid
2020-02-01 10:00:00,NORMAL,1.7225749060291533,-0.0077614140397090125,1.904231625328032,-1.3607364107541395,pre_covid
2020-02-01 11:00:00,NORMAL,1.7176485749408588,-0.00994649111964732,2.0442495184250262,-1.3607364107541395,pre_covid
2020-02-01 12:00:00,NORMAL,1.7148290778119855,-0.01295261505179135,2.027230918375745,-1.3607364107541395,pre_covid
2020-02-01 13:00:00,NORMAL,1.7124784559856248,-0.017663939784914075,1.9697526383109063,-1.3607364107541395,pre_covid
2020-02-01 14:00:00,NORMAL,1.712616093060868,-0.022146163316522794,2.129768221896011,-1.3607364107541395,pre_covid
2020-02-01 15:00:00,NORMAL,1.7131502655689705,-0.02778489807257717,2.120744828746461,-1.3607364107541395,pre_covid
2020-02-01 16:00:00,NORMAL,1.7062618816482509,-0.031169743772767922,2.103491620596025,-1.3607364107541395,pre_covid
2020-02-01 17:00:00,NORMAL,1.7043034155810044,-0.03330816398528929,2.157163795716587,-1.3607364107541395,pre_covid
2020-02-01 18:00:00,NORMAL,1.6978365454825979,-0.03593435325038506,2.497406139051955,-1.3607364107541395,pre_covid
2020-02-01 19:00:00,NORMAL,1.6880331940578819,-0.03861772802874267,2.199409444941108,-1.3607364107541395,pre_covid
2020-02-01 20:00:00,NORMAL,1.6788915855823294,-0.04227045433821697,2.0809629693797214,-1.3607364107541395,pre_covid
2020-02-01 21:00:00,NORMAL,1.6692074209921521,-0.04598679576427345,2.0106564892693917,-1.3607364107541395,pre_covid
2020-02-01 22:00:00,NORMAL,1.6605052322594558,-0.04898015193080002,1.8895614873327014,-1.3607364107541395,pre_covid
2020-02-01 23:00:00,NORMAL,1.6518595213069227,-0.05172548893199139,2.165496758219127,-1.3607364107541395,pre_covid
2020-02-02 00:00:00,NORMAL,1.6338121922333453,-0.05601838243136523,1.1446857103456463,-1.3607364107541395,pre_covid
2020-02-02 01:00:00,NORMAL,1.619371586932127,-0.059009193610525396,1.8151656455384224,-1.3607364107541395,pre_covid
2020-02-02 02:00:00,NORMAL,1.602542195828841,-0.06012246067889523,1.6964088295694635,-1.3607364107541395,pre_covid
2020-02-02 03:00:00,NORMAL,1.5877918173247398,-0.06105049549471364,1.89867041403819,-1.3607364107541395,pre_covid
2020-02-02 04:00:00,NORMAL,1.5711822586546416,-0.0627283053373804,2.0349336507144393,-1.3607364107541395,pre_covid
2020-02-02 05:00:00,NORMAL,1.5542154638303205,-0.06400601496044814,2.123914003156912,-1.3607364107541395,pre_covid
2020-02-02 06:00:00,NORMAL,1.5404273450952748,-0.06502367219709772,1.733275730048231,-1.3607364107541395,pre_covid
2020-02-02 07:00:00,NORMAL,1.537362791045178,-0.06574152666805361,1.0265687524194025,-1.3607364107541395,pre_covid
2020-02-02 08:00:00,NORMAL,1.5403547661126689,-0.06731904257458064,0.32493208758633324,-1.3607364107541395,pre_covid
2020-02-02 09:00:00,NORMAL,1.5437732554621182,-0.06968480957260852,0.14830675133144733,-1.3607364107541395,pre_covid
2020-02-02 10:00:00,NORMAL,1.5461372195830947,-0.07450317879114739,0.013507706858171712,-1.3607364107541395,pre_covid
2020-02-02 11:00:00,NORMAL,1.54336146079686,-0.07758711368286962,0.3641078289232878,-1.3607364107541395,pre_covid
2020-02-02 12:00:00,NORMAL,1.5402330052110622,-0.07788219194401673,0.7422619499437768,-1.3607364107541395,pre_covid
2020-02-02 13:00:00,NORMAL,1.536104437601134,-0.07552584976174063,0.9604145726999724,-1.3607364107541395,pre_covid
2020-02-02 14:00:00,NORMAL,1.5343810839430194,-0.07328869038260548,1.0362273133648205,-1.3607364107541395,pre_covid
2020-02-02 15:00:00,NORMAL,1.5363962957692887,-0.06977579967846427,1.227443400874599,-1.3607364107541395,pre_covid
2020-02-02 16:00:00,NORMAL,1.5392836891182613,-0.06732266315053138,1.3863069171986657,-1.3607364107541395,pre_covid
2020-02-02 17:00:00,NORMAL,1.5439153791980604,-0.06655749153365371,1.4330596493296541,-1.3607364107541395,pre_covid
2020-02-02 18:00:00,NORMAL,1.5481502545098313,-0.0662773487273935,1.5833223297043373,-1.3607364107541395,pre_covid
2020-02-02 19:00:00,NORMAL,1.5520165759765603,-0.0647858137963302,1.7749836466860462,-1.3607364107541395,pre_covid
2020-02-02 20:00:00,NORMAL,1.5540914349129873,-0.06196103555825202,2.192557302431571,-1.3607364107541395,pre_covid
2020-02-02 21:00:00,NORMAL,1.5602792397848702,-0.05818024047553946,2.6879983966029677,-1.3607364107541395,pre_covid
2020-02-02 22:00:00,NORMAL,1.5687700100362307,-0.054819253601602135,2.5408566670808703,-1.3607364107541395,pre_covid
2020-02-02 23:00:00,NORMAL,1.5770095165096316,-0.052074720891559206,2.7628973712425453,-1.3607364107541395,pre_covid
2020-02-03 00:00:00,NORMAL,1.5785138757817572,-0.048182503166786815,1.8424008649869394,-1.3607364107541395,pre_covid
2020-02-03 01:00:00,NORMAL,1.5823486796969402,-0.04615469966791352,1.8925780475818894,-1.3607364107541395,pre_covid
2020-02-03 02:00:00,NORMAL,1.5837416730155416,-0.045665104584825734,1.6603532359795212,-1.3607364107541395,pre_covid
2020-02-03 03:00:00,NORMAL,1.5876885405388899,-0.04517054665461107,1.8213229295681697,-1.3607364107541395,pre_covid
2020-02-03 04:00:00,NORMAL,1.5904135910040258,-0.04435607145562993,1.9649852651937243,-1.3607364107541395,pre_covid
2020-02-03 05:00:00,NORMAL,1.5935103865887403,-0.04155139805665154,1.858304456007658,-1.3607364107541395,pre_covid
2020-02-03 06:00:00,NORMAL,1.5949579731539973,-0.0350245631125723,2.1289654598501735,-1.3607364107541395,pre_covid
2020-02-03 07:00:00,NORMAL,1.5961675815267866,-0.02241273721222173,1.6405535098487491,-1.3607364107541395,pre_covid
2020-02-03 08:00:00,NORMAL,1.5984022512953824,-0.003527186582695347,1.4011344805720054,-1.3607364107541395,pre_covid
2020-02-03 09:00:00,NORMAL,1.5979840865773327,0.016268277982095257,1.095405971408249,-1.3607364107541395,pre_covid
2020-02-03 10:00:00,NORMAL,1.599187115456801,0.03744994716009261,0.9515543558116152,-1.3607364107541395,pre_covid
2020-02-03 11:00:00,NORMAL,1.5996107659662555,0.05556924744617337,1.1058411319484023,-1.3607364107541395,pre_covid
2020-02-03 12:00:00,NORMAL,1.6008453661487887,0.07043620327586832,1.0118590360196063,-1.3607364107541395,pre_covid
2020-02-03 13:00:00,NORMAL,1.6020586456894497,0.08446343575816406,0.930484707915102,-1.3607364107541395,pre_covid
2020-02-03 14:00:00,NORMAL,1.6046152102958064,0.0996295694953857,1.0449107003660534,-1.3607364107541395,pre_covid
2020-02-03 15:00:00,NORMAL,1.6076922772660653,0.11321193187186386,1.1158725824304205,-1.3607364107541395,pre_covid
2020-02-03 16:00:00,NORMAL,1.6102978556347982,0.12434102639711743,1.2322117201946705,-1.3607364107541395,pre_covid
2020-02-03 17:00:00,NORMAL,1.6114220703924471,0.13197662278651345,1.2951963668853907,-1.3607364107541395,pre_covid
2020-02-03 18:00:00,NORMAL,1.614992392942145,0.13968098479947802,2.0481136626285568,-1.3607364107541395,pre_covid
2020-02-03 19:00:00,NORMAL,1.6171779834931823,0.14495426212228868,2.003134907340067,-1.3607364107541395,pre_covid
2020-02-03 20:00:00,NORMAL,1.6233495122793,0.14833335303533876,2.263687646596925,-1.3607364107541395,pre_covid
2020-02-03 21:00:00,NORMAL,1.6300891453607005,0.14944394089697158,2.4191330509093247,-1.3607364107541395,pre_covid
2020-02-03 22:00:00,NORMAL,1.6336956525552768,0.1500943677306306,2.294973945519962,-1.3607364107541395,pre_covid
2020-02-03 23:00:00,NORMAL,1.638117994953337,0.15076614440182473,2.674678842249043,-1.3607364107541395,pre_covid
2020-02-04 00:00:00,NORMAL,1.641115390338985,0.1494667097749624,2.011384831475547,-1.3607364107541395,pre_covid
2020-02-04 01:00:00,NORMAL,1.6447536230274138,0.14898100767498731,1.9343692148775382,-1.3607364107541395,pre_covid
2020-02-04 02:00:00,NORMAL,1.6479874431366912,0.15010621260734727,2.146304290932539,-1.3607364107541395,pre_covid
2020-02-04 03:00:00,NORMAL,1.650603454156848,0.15073863170760007,2.1008661276065173,-1.3607364107541395,pre_covid
2020-02-04 04:00:00,NORMAL,1.6490773981807707,0.15025947106727186,1.8398032679200187,-1.3607364107541395,pre_covid
2020-02-04 05:00:00,NORMAL,1.649664807130596,0.14960630289580473,2.187058992217429,-1.3607364107541395,pre_covid
2020-02-04 06:00:00,NORMAL,1.652779967367253,0.1455358483341635,2.304303980306275,-1.3607364107541395,pre_covid
2020-02-04 07:00:00,NORMAL,1.6546388944848085,0.13664759715255972,1.6553795194618204,-1.3607364107541395,pre_covid
2020-02-04 08:00:00,NORMAL,1.657811807605132,0.12278860945773512,1.358383795861358,-1.3607364107541395,pre_covid
2020-02-04 09:00:00,NORMAL,1.6600043550885555,0.10937848740191373,1.1783590300425082,-1.3607364107541395,pre_covid
2020-02-04 10:00:00,NORMAL,1.6628308690893154,0.09636521989607894,1.1341223549357218,-1.3607364107541395,pre_covid
2020-02-04 11:00:00,NORMAL,1.664782129670922,0.08408477339242698,1.1173444875556633,-1.3607364107541395,pre_covid
2020-02-04 12:00:00,NORMAL,1.665881071959518,0.07337871865637809,1.0536574019590232,-1.3607364107541395,pre_covid
2020-02-04 13:00:00,NORMAL,1.6658609232659323,0.063025976545455,1.0985633793045044,-1.3607364107541395,pre_covid
2020-02-04 14:00:00,NORMAL,1.6663705070408694,0.05119286045727007,1.0603774327925568,-1.3607364107541395,pre_covid
2020-02-04 15:00:00,NORMAL,1.6672433681683276,0.04021079443873601,1.1497283103321254,-1.3607364107541395,pre_covid
2020-02-04 16:00:00,NORMAL,1.6688277202313453,0.031060395775572514,1.2431589514569004,-1.3607364107541395,pre_covid
2020-02-04 17:00:00,NORMAL,1.6701865399654021,0.026392606227410558,1.6781630576579687,-1.3607364107541395,pre_covid
2020-02-04 18:00:00,NORMAL,1.6716310719804246,0.02065361753305844,2.044816364025322,-1.3607364107541395,pre_covid
2020-02-04 19:00:00,NORMAL,1.6711897069197574,0.016546569967183396,2.1262044321710443,-1.3607364107541395,pre_covid
2020-02-04 20:00:00,NORMAL,1.6720188519556127,0.013305059856886882,2.419538043644468,-1.3607364107541395,pre_covid
2020-02-04 21:00:00,NORMAL,1.6749263889883415,0.011310157207680948,2.620952246397519,-1.3607364107541395,pre_covid
2020-02-04 22:00:00,NORMAL,1.676039064623677,0.009763993533952945,2.489684799555441,-1.3607364107541395,pre_covid
2020-02-04 23:00:00,NORMAL,1.6783760844145326,0.007815013524570714,2.609012966996009,-1.3607364107541395,pre_covid
2020-02-05 00:00:00,NORMAL,1.6813446777129317,0.008198594490745911,2.350517082710803,-1.3607364107541395,pre_covid
2020-02-05 01:00:00,NORMAL,1.6856024226893171,0.008592930529431187,2.1438387239554757,-1.3607364107541395,pre_covid
2020-02-05 02:00:00,NORMAL,1.6913960069442577,0.008148327094603013,2.451042793210455,-1.3607364107541395,pre_covid
2020-02-05 03:00:00,NORMAL,1.6963277113900421,0.007996890646919776,2.317070064126791,-1.3607364107541395,pre_covid
2020-02-05 04:00:00,NORMAL,1.7002636844724606,0.009540695543279446,2.4094810724790894,-1.3607364107541395,pre_covid
2020-02-05 05:00:00,NORMAL,1.7000826758230105,0.008992155917866973,2.288226974279506,-1.3607364107541395,pre_covid
2020-02-05 06:00:00,NORMAL,1.7014574758423902,0.00881292328163469,2.4079600479063363,-1.3607364107541395,pre_covid
2020-02-05 07:00:00,NORMAL,1.7044495165799458,0.009465550716852825,1.881402269969876,-1.3607364107541395,pre_covid
2020-02-05 08:00:00,NORMAL,1.7044589031015436,0.008752771383926918,1.1213280263067567,-1.3607364107541395,pre_covid
2020-02-05 09:00:00,NORMAL,1.7039451620477881,0.007285958371888322,0.8854503683987078,-1.3607364107541395,pre_covid
2020-02-05 10:00:00,NORMAL,1.7032980268596534,0.005254336709065559,0.814042838140677,-1.3607364107541395,pre_covid
2020-02-05 11:00:00,NORMAL,1.7035331623235037,0.004513180347150174,0.9411566058628325,-1.3607364107541395,pre_covid
2020-02-05 12:00:00,NORMAL,1.7040764189895776,0.0038460005490259,0.9246089447023494,-1.3607364107541395,pre_covid
2020-02-05 13:00:00,NORMAL,1.704178502472909,0.002659934118850901,0.9680434691914719,-1.3607364107541395,pre_covid
2020-02-05 14:00:00,NORMAL,1.7040841214841544,0.002535821013256057,1.0447246947024156,-1.3607364107541395,pre_covid
2020-02-05 15:00:00,NORMAL,1.7034650753976035,0.002237357284346782,1.106378491194897,-1.3607364107541395,pre_covid
2020-02-05 16:00:00,NORMAL,1.7034957425202264,0.0024066830269307746,1.302014615063258,-1.3607364107541395,pre_covid
2020-02-05 17:00:00,NORMAL,1.7040149789792143,0.0013337895062327401,1.7042555415806,-1.3607364107541395,pre_covid
2020-02-05 18:00:00,NORMAL,1.7049186562240637,0.0004503344117194545,1.6933782930569146,-1.3607364107541395,pre_covid
2020-02-05 19:00:00,NORMAL,1.7055329041834535,-0.0005936970715705205,1.8079980245194789,-1.3607364107541395,pre_covid
2020-02-05 20:00:00,NORMAL,1.7077900970647721,-0.001950385188190586,1.9757389816913011,-1.3607364107541395,pre_covid
2020-02-05 21:00:00,NORMAL,1.711752601006737,-0.0027352428124366042,2.462328202168559,-1.3607364107541395,pre_covid
2020-02-05 22:00:00,NORMAL,1.7169382538958335,-0.004074144132494445,2.087211012114945,-1.3607364107541395,pre_covid
2020-02-05 23:00:00,NORMAL,1.7221863626316416,-0.004889158822388254,2.1452325114728694,-1.3607364107541395,pre_covid
2020-02-06 00:00:00,NORMAL,1.7225357314777139,-0.006228366515061332,2.0964815194306294,-1.3607364107541395,pre_covid
2020-02-06 01:00:00,NORMAL,1.726228897287789,-0.006652781941984174,2.1732903700351582,-1.3607364107541395,pre_covid
2020-02-06 02:00:00,NORMAL,1.7293603270064613,-0.008153116284794907,2.0934816279473343,-1.3607364107541395,pre_covid
2020-02-06 03:00:00,NORMAL,1.7307950854852001,-0.0090947923385941,2.110516402733447,-1.3607364107541395,pre_covid
2020-02-06 04:00:00,NORMAL,1.733894921766444,-0.010529365955061598,2.3319474124152006,-1.3607364107541395,pre_covid
2020-02-06 05:00:00,NORMAL,1.7358002979336582,-0.01163669892369789,1.9153375636660883,-1.3607364107541395,pre_covid
2020-02-06 06:00:00,NORMAL,1.7358736439963314,-0.013437622989346006,1.7692352614426927,-1.3607364107541395,pre_covid
2020-02-06 07:00:00,NORMAL,1.7357773520603355,-0.016188818761727942,1.2060444928380663,-1.3607364107541395,pre_covid
2020-02-06 08:00:00,NORMAL,1.737551420506002,-0.015786961780705846,0.9965666781713618,-1.3607364107541395,pre_covid
2020-02-06 09:00:00,NORMAL,1.7385847020675393,-0.014509718398902164,0.9194350648511351,-1.3607364107541395,pre_covid
2020-02-06 10:00:00,NORMAL,1.7386492829116333,-0.0129427769053593,0.8820022243602842,-1.3607364107541395,pre_covid
2020-02-06 11:00:00,NORMAL,1.7387423994937559,-0.01164885217708627,1.0901358749421795,-1.3607364107541395,pre_covid
2020-02-06 12:00:00,NORMAL,1.7396336826648924,-0.009986410710221244,1.2180867746807271,-1.3607364107541395,pre_covid
2020-02-06 13:00:00,NORMAL,1.7393849989484194,-0.008753245069388372,1.1485457870343272,-1.3607364107541395,pre_covid
2020-02-06 14:00:00,NORMAL,1.7375742293162277,-0.008484287854251503,1.0964809349253093,-1.3607364107541395,pre_covid
2020-02-06 15:00:00,NORMAL,1.7375886303831625,-0.007722903132235992,1.2596347306928846,-1.3607364107541395,pre_covid
2020-02-06 16:00:00,NORMAL,1.7390671555147017,-0.0069297075513573446,1.5866608944452896,-1.3607364107541395,pre_covid
2020-02-06 17:00:00,NORMAL,1.740026880719003,-0.007106368096648003,1.66978387338797,-1.3607364107541395,pre_covid
2020-02-06 18:00:00,NORMAL,1.7427873951151633,-0.00498553942889588,2.1673249746929484,-1.3607364107541395,pre_covid
2020-02-06 19:00:00,NORMAL,1.7448095950535596,-0.003145523772093362,2.260712052923411,-1.3607364107541395,pre_covid
2020-02-06 20:00:00,NORMAL,1.7479636974051598,-0.0012490631101501044,2.362492898187539,-1.3607364107541395,pre_covid
2020-02-06 21:00:00,NORMAL,1.7523150349950745,-0.0010425144100456624,2.3996445775480177,-1.3607364107541395,pre_covid
2020-02-06 22:00:00,NORMAL,1.7558453777020324,0.0007933608955362288,2.4973550662707957,-1.3607364107541395,pre_covid
2020-02-06 23:00:00,NORMAL,1.755419844700202,0.0016510296520196492,2.101640145432247,-1.3607364107541395,pre_covid
2020-02-07 00:00:00,NORMAL,1.7556136418033588,0.0021207125666453546,2.0532793535820444,-1.3607364107541395,pre_covid
2020-02-07 01:00:00,NORMAL,1.7527981522345812,0.0018424345457222116,2.0829360099682033,-1.3607364107541395,pre_covid
2020-02-07 02:00:00,NORMAL,1.7511217059839495,0.0026433565320443764,2.0922194662791664,-1.3607364107541395,pre_covid
2020-02-07 03:00:00,NORMAL,1.7477623939133713,0.0030393700665977586,2.0831107006208915,-1.3607364107541395,pre_covid
2020-02-07 04:00:00,NORMAL,1.7459420881450796,0.00265763174958243,2.0786030713032804,-1.3607364107541395,pre_covid
2020-02-07 05:00:00,NORMAL,1.7381298122264468,0.002878329007508217,1.642855626078494,-1.3607364107541395,pre_covid
2020-02-07 06:00:00,NORMAL,1.730999393289062,0.003479173824825772,1.3929235398471174,-1.3607364107541395,pre_covid
2020-02-07 07:00:00,NORMAL,1.724716987903286,0.004433458029005858,0.862459052601584,-1.3607364107541395,pre_covid
2020-02-07 08:00:00,NORMAL,1.723045371243938,0.0037065882098899806,0.6812060858267074,-1.3607364107541395,pre_covid
2020-02-07 09:00:00,NORMAL,1.720979544486766,0.0024356961585001624,0.6352083343806965,-1.3607364107541395,pre_covid
2020-02-07 10:00:00,NORMAL,1.7190813649478929,0.0011304599873249175,0.6332868997838148,-1.3607364107541395,pre_covid
2020-02-07 11:00:00,NORMAL,1.71881155038398,-0.00042288438822305554,0.8488715775827714,-1.3607364107541395,pre_covid
2020-02-07 12:00:00,NORMAL,1.7196236429332235,-0.0025391122067458735,0.9689465054924168,-1.3607364107541395,pre_covid
2020-02-07 13:00:00,NORMAL,1.7196880930597043,-0.003905517435966033,0.9834013001776107,-1.3607364107541395,pre_covid
2020-02-07 14:00:00,NORMAL,1.7206014791568212,-0.003651082037833384,1.2125570134644406,-1.3607364107541395,pre_covid
2020-02-07 15:00:00,NORMAL,1.7216249115739377,-0.004019212174406479,1.318746866103124,-1.3607364107541395,pre_covid
2020-02-07 16:00:00,NORMAL,1.7243060828831969,-0.005534711341727433,1.4369544889802373,-1.3607364107541395,pre_covid
2020-02-07 17:00:00,NORMAL,1.7256495078623768,-0.005806734778767967,1.5422897066048782,-1.3607364107541395,pre_covid
2020-02-07 18:00:00,NORMAL,1.7245103928984182,-0.008198538921329301,1.705685263115115,-1.3607364107541395,pre_covid
2020-02-07 19:00:00,NORMAL,1.7217986084096752,-0.010732748577669829,1.6438525610173353,-1.3607364107541395,pre_covid
2020-02-07 20:00:00,NORMAL,1.718374347238811,-0.012756959395958736,1.8636504608882962,-1.3607364107541395,pre_covid
2020-02-07 21:00:00,NORMAL,1.7152687011686822,-0.013788385643218258,1.866155766637283,-1.3607364107541395,pre_covid
2020-02-07 22:00:00,NORMAL,1.7120316507932938,-0.015968774851103668,1.9404615639456784,-1.3607364107541395,pre_covid
2020-02-07 23:00:00,NORMAL,1.7087456671308476,-0.01541836589144977,2.320444716123588,-1.3607364107541395,pre_covid
2020-02-08 00:00:00,NORMAL,1.7100842621386343,-0.014650722232737112,2.2902244400383966,-1.3607364107541395,pre_covid
2020-02-08 01:00:00,NORMAL,1.713206700691959,-0.012841290980476474,3.002358628237744,-1.3607364107541395,pre_covid
2020-02-08 02:00:00,NORMAL,1.715219829544624,-0.012575935783306832,2.2321664241239225,-1.3607364107541395,pre_covid
2020-02-08 03:00:00,NORMAL,1.72007994450024,-0.010792042015855619,2.934691697251652,-1.3607364107541395,pre_covid
2020-02-08 04:00:00,NORMAL,1.7240237507945833,-0.00865744838662889,2.9839235902911967,-1.3607364107541395,pre_covid
2020-02-08 05:00:00,NORMAL,1.7264579310755483,-0.006765795579929315,3.288786354414083,-1.3607364107541395,pre_covid
2020-02-08 06:00:00,NORMAL,1.7294858019723862,-0.005134233319371798,3.2345215953939817,-1.3607364107541395,pre_covid
2020-02-08 07:00:00,NORMAL,1.731334374701393,-0.005002649591210554,2.7759515326305424,-1.3607364107541395,pre_covid
2020-02-08 08:00:00,NORMAL,1.7338389223758401,-0.0058777495341707856,2.1982086930578233,-1.3607364107541395,pre_covid
2020-02-08 09:00:00,NORMAL,1.7347400055110183,-0.007518354756947256,1.8069879475689183,-1.3607364107541395,pre_covid
2020-02-08 10:00:00,NORMAL,1.735037858541076,-0.008635760823469741,1.954270934377686,-1.3607364107541395,pre_covid
2020-02-08 11:00:00,NORMAL,1.7352916126430755,-0.01093159720463125,2.086880207560972,-1.3607364107541395,pre_covid
2020-02-08 12:00:00,NORMAL,1.7369036439991181,-0.014198510297593045,2.2980521861909384,-1.3607364107541395,pre_covid
2020-02-08 13:00:00,NORMAL,1.7397158148753513,-0.018699332711444874,2.442197345518078,-1.3607364107541395,pre_covid
2020-02-08 14:00:00,NORMAL,1.7420991915678727,-0.025212720202359738,2.5301755062395874,-1.3607364107541395,pre_covid
2020-02-08 15:00:00,NORMAL,1.7453811993490695,-0.03153158552171502,2.672122135987564,-1.3607364107541395,pre_covid
2020-02-08 16:00:00,NORMAL,1.749668247460286,-0.035845453587832386,2.823715703280353,-1.3607364107541395,pre_covid
2020-02-08 17:00:00,NORMAL,1.7545648712440431,-0.03771416412696595,2.979796591387826,-1.3607364107541395,pre_covid
2020-02-08 18:00:00,NORMAL,1.7571949964548603,-0.03804976196775241,2.9392671744692067,-1.3607364107541395,pre_covid
2020-02-08 19:00:00,NORMAL,1.7618292913561109,-0.03745931998204712,2.9779709883512573,-1.3607364107541395,pre_covid
2020-02-08 20:00:00,NORMAL,1.7673858766900477,-0.037285151607118705,3.0144693054810796,-1.3607364107541395,pre_covid
2020-02-08 21:00:00,NORMAL,1.7730360690694793,-0.036739834587983154,2.9598888090138615,-1.3607364107541395,pre_covid
2020-02-08 22:00:00,NORMAL,1.7783477682935573,-0.0361464227532999,2.781926956977818,-1.3607364107541395,pre_covid
2020-02-08 23:00:00,NORMAL,1.7838875286693154,-0.03703495517250032,3.09617650134646,-1.3607364107541395,pre_covid
2020-02-09 00:00:00,NORMAL,1.7890081043720256,-0.038379196321786324,2.0049424284010073,-1.3607364107541395,pre_covid
2020-02-09 01:00:00,NORMAL,1.7925166765010052,-0.04124628909011093,2.4046057632070243,-1.3607364107541395,pre_covid
2020-02-09 02:00:00,NORMAL,1.794967699284819,-0.04180036083512795,2.108180657250145,-1.3607364107541395,pre_covid
2020-02-09 03:00:00,NORMAL,1.7976820669599454,-0.04476628648364584,2.354684183459455,-1.3607364107541395,pre_covid
2020-02-09 04:00:00,NORMAL,1.798417672134874,-0.048057208628099805,2.158515320102405,-1.3607364107541395,pre_covid
2020-02-09 05:00:00,NORMAL,1.797885200193584,-0.05152607451159958,2.0344587170202377,-1.3607364107541395,pre_covid
2020-02-09 06:00:00,NORMAL,1.7987207501982923,-0.05491845918316801,1.8736481308391624,-1.3607364107541395,pre_covid
2020-02-09 07:00:00,NORMAL,1.7993188971037215,-0.058087493384268746,1.1270574325315144,-1.3607364107541395,pre_covid
2020-02-09 08:00:00,NORMAL,1.7990209569131577,-0.06264240690786675,0.2748781355716826,-1.3607364107541395,pre_covid
2020-02-09 09:00:00,NORMAL,1.7977756090791188,-0.06726826598795911,-0.06091168478715133,-1.3607364107541395,pre_covid
2020-02-09 10:00:00,NORMAL,1.7975528201866258,-0.07285626699946372,-0.02392082708064069,-1.3607364107541395,pre_covid
2020-02-09 11:00:00,NORMAL,1.7962901828306397,-0.07625368297735448,0.15198475311764514,-1.3607364107541395,pre_covid
2020-02-09 12:00:00,NORMAL,1.794140280837453,-0.07787452067311411,0.381078415088419,-1.3607364107541395,pre_covid
2020-02-09 13:00:00,NORMAL,1.7919232108184286,-0.07806206761459482,0.5879468095038686,-1.3607364107541395,pre_covid
2020-02-09 14:00:00,NORMAL,1.7898890895213075,-0.07734760927915625,0.694494935448444,-1.3607364107541395,pre_covid
2020-02-09 15:00:00,NORMAL,1.7880631169147292,-0.07592499743525692,0.9206800029694552,-1.3607364107541395,pre_covid
2020-02-09 16:00:00,NORMAL,1.7870287541514114,-0.0752604078208697,1.2125339729613098,-1.3607364107541395,pre_covid
2020-02-09 17:00:00,NORMAL,1.7861410122317314,-0.07707747482375034,1.2839190068233637,-1.3607364107541395,pre_covid
2020-02-09 18:00:00,NORMAL,1.7855812399812012,-0.07863988309985576,1.4892805916152654,-1.3607364107541395,pre_covid
2020-02-09 19:00:00,NORMAL,1.785450734487219,-0.08021257331847635,1.7530587236970596,-1.3607364107541395,pre_covid
2020-02-09 20:00:00,NORMAL,1.7865105185151713,-0.08045817716059468,2.37060101912753,-1.3607364107541395,pre_covid
2020-02-09 21:00:00,NORMAL,1.7845968821569886,-0.08094713903486732,2.36650748842832,-1.3607364107541395,pre_covid
2020-02-09 22:00:00,NORMAL,1.78466114954022,-0.08074905383943863,2.5516535874637487,-1.3607364107541395,pre_covid
2020-02-09 23:00:00,NORMAL,1.783209717772319,-0.08137884456303138,2.5190568342351525,-1.3607364107541395,pre_covid
2020-02-10 00:00:00,NORMAL,1.777804021531349,-0.08323033004633597,0.9342438965040114,-1.3607364107541395,pre_covid
2020-02-10 01:00:00,NORMAL,1.7720016053373056,-0.08494509817096503,0.9177721269825668,-1.3607364107541395,pre_covid
2020-02-10 02:00:00,NORMAL,1.7687518525868993,-0.08686574369234161,1.1143947739112436,-1.3607364107541395,pre_covid
2020-02-10 03:00:00,NORMAL,1.7651040267469986,-0.0879868810709054,1.2084881884648677,-1.3607364107541395,pre_covid
2020-02-10 04:00:00,NORMAL,1.7606551671682087,-0.08799534924030679,1.2175768559570592,-1.3607364107541395,pre_covid
2020-02-10 05:00:00,NORMAL,1.759046831391549,-0.08482718221450837,1.5881040455288102,-1.3607364107541395,pre_covid
2020-02-10 06:00:00,NORMAL,1.7565410793756675,-0.07908865259704823,1.70799912118205,-1.3607364107541395,pre_covid
2020-02-10 07:00:00,NORMAL,1.753739624072195,-0.06811489996127998,1.1699090188654093,-1.3607364107541395,pre_covid
2020-02-10 08:00:00,NORMAL,1.7516933337104335,-0.04919211007453881,1.057357699796029,-1.3607364107541395,pre_covid
2020-02-10 09:00:00,NORMAL,1.751606031928784,-0.026793117702518122,1.080739272091184,-1.3607364107541395,pre_covid
2020-02-10 10:00:00,NORMAL,1.752661971443333,-0.004096936597420574,1.128952194255775,-1.3607364107541395,pre_covid
2020-02-10 11:00:00,NORMAL,1.7533411914554633,0.016597777860515358,1.219950093986303,-1.3607364107541395,pre_covid
2020-02-10 12:00:00,NORMAL,1.7546695551677431,0.03606367370044997,1.2350241396826198,-1.3607364107541395,pre_covid
2020-02-10 13:00:00,NORMAL,1.7564502867094636,0.055536312775885645,1.2296476069241649,-1.3607364107541395,pre_covid
2020-02-10 14:00:00,NORMAL,1.7583547399525734,0.0759206104925426,1.3648588452085402,-1.3607364107541395,pre_covid
2020-02-10 15:00:00,NORMAL,1.7604494989537973,0.09463565909697064,1.467792094636017,-1.3607364107541395,pre_covid
2020-02-10 16:00:00,NORMAL,1.7628655593301608,0.11037121379566946,1.6381098634237046,-1.3607364107541395,pre_covid
2020-02-10 17:00:00,NORMAL,1.7676426474230484,0.12346721824997829,2.0977471664905654,-1.3607364107541395,pre_covid
2020-02-10 18:00:00,NORMAL,1.767099251453536,0.13223753890388187,1.9568231397504323,-1.3607364107541395,pre_covid
2020-02-10 19:00:00,NORMAL,1.768656523312196,0.13980463900252357,2.26475657959497,-1.3607364107541395,pre_covid
2020-02-10 20:00:00,NORMAL,1.768272306233722,0.14407220109178467,2.199139177413238,-1.3607364107541395,pre_covid
2020-02-10 21:00:00,NORMAL,1.7679628416863635,0.148153434545667,2.3671430069531567,-1.3607364107541395,pre_covid
2020-02-10 22:00:00,NORMAL,1.7678478297038227,0.1505233726600034,2.2756519324530653,-1.3607364107541395,pre_covid
2020-02-10 23:00:00,NORMAL,1.7660159098542794,0.15321455797230188,2.3669163075257758,-1.3607364107541395,pre_covid
2020-02-11 00:00:00,NORMAL,1.7689153943656815,0.15952231867331654,2.4984982293911058,-1.3607364107541395,pre_covid
2020-02-11 01:00:00,NORMAL,1.7720190942373042,0.16634412910042204,2.455790793310138,-1.3607364107541395,pre_covid
2020-02-11 02:00:00,NORMAL,1.7724269675870659,0.17122247980860505,2.2148270136925325,-1.3607364107541395,pre_covid
2020-02-11 03:00:00,NORMAL,1.77577805378384,0.17701134954035705,2.6638486086645665,-1.3607364107541395,pre_covid
2020-02-11 04:00:00,NORMAL,1.7814495557584467,0.1823491730353369,2.7926155996539026,-1.3607364107541395,pre_covid
2020-02-11 05:00:00,NORMAL,1.782400463664128,0.18324978862521082,2.3468115203718827,-1.3607364107541395,pre_covid
2020-02-11 06:00:00,NORMAL,1.781245097879277,0.18123564207334053,2.110202528451343,-1.3607364107541395,pre_covid
2020-02-11 07:00:00,NORMAL,1.781780902283343,0.17624265313596602,1.7453946593449443,-1.3607364107541395,pre_covid
2020-02-11 08:00:00,NORMAL,1.7811177398954083,0.16465768272612577,1.246972514688278,-1.3607364107541395,pre_covid
2020-02-11 09:00:00,NORMAL,1.7805320584499704,0.14965687464891655,1.0799645472089285,-1.3607364107541395,pre_covid
2020-02-11 10:00:00,NORMAL,1.7798156325356032,0.13422694566088372,1.0137628013220241,-1.3607364107541395,pre_covid
2020-02-11 11:00:00,NORMAL,1.780056899021503,0.1199378515273138,1.1578772571868632,-1.3607364107541395,pre_covid
2020-02-11 12:00:00,NORMAL,1.7808923628047082,0.1061596408513868,1.1940153175375008,-1.3607364107541395,pre_covid
2020-02-11 13:00:00,NORMAL,1.7815088107550903,0.09191537667594596,1.2021266349687452,-1.3607364107541395,pre_covid
2020-02-11 14:00:00,NORMAL,1.7822526377954027,0.07617380054639648,1.185340375565022,-1.3607364107541395,pre_covid
2020-02-11 15:00:00,NORMAL,1.7833431941694864,0.06162341491851576,1.3329417811781217,-1.3607364107541395,pre_covid
2020-02-11 16:00:00,NORMAL,1.7846445166735276,0.04944824902272304,1.4617811321358736,-1.3607364107541395,pre_covid
2020-02-11 17:00:00,NORMAL,1.7876830480586154,0.04066832845754988,2.188636330352699,-1.3607364107541395,pre_covid
2020-02-11 18:00:00,NORMAL,1.7893129161970653,0.0358819006602396,2.3186342112849174,-1.3607364107541395,pre_covid
2020-02-11 19:00:00,NORMAL,1.7907909608557742,0.0309997845462453,2.374515934834086,-1.3607364107541395,pre_covid
2020-02-11 20:00:00,NORMAL,1.7912303118342976,0.028605469444809833,2.493349008036438,-1.3607364107541395,pre_covid
2020-02-11 21:00:00,NORMAL,1.7919990476795364,0.0264761608064546,2.7500998683976525,-1.3607364107541395,pre_covid
2020-02-11 22:00:00,NORMAL,1.7936630619153906,0.02567414533773207,2.769239191178953,-1.3607364107541395,pre_covid
2020-02-11 23:00:00,NORMAL,1.7949434830545603,0.024988895494306527,2.8241237183764496,-1.3607364107541395,pre_covid
2020-02-12 00:00:00,NORMAL,1.7954476624609546,0.02106681041637161,2.4352192229850824,-1.3607364107541395,pre_covid
2020-02-12 01:00:00,NORMAL,1.7989052766386133,0.01784193264979627,2.7247179058021707,-1.3607364107541395,pre_covid
2020-02-12 02:00:00,NORMAL,1.8011682580732131,0.016579415474567632,2.831223674223176,-1.3607364107541395,pre_covid
2020-02-12 03:00:00,NORMAL,1.8055320706861662,0.013995069163455318,3.0501905831029528,-1.3607364107541395,pre_covid
2020-02-12 04:00:00,NORMAL,1.8091886694205834,0.010860492134500709,3.0237896598611886,-1.3607364107541395,pre_covid
2020-02-12 05:00:00,NORMAL,1.8116431720965038,0.009840846674061769,2.7005834238340896,-1.3607364107541395,pre_covid
2020-02-12 06:00:00,NORMAL,1.8134684373582222,0.010315382921283221,2.7146046118750564,-1.3607364107541395,pre_covid
2020-02-12 07:00:00,NORMAL,1.813796194171461,0.00905705026161181,1.9364654145939713,-1.3607364107541395,pre_covid
2020-02-12 08:00:00,NORMAL,1.8147897418965644,0.008495915741011167,1.2882440441241299,-1.3607364107541395,pre_covid
2020-02-12 09:00:00,NORMAL,1.8161803574400517,0.008652738696648347,1.119073779704589,-1.3607364107541395,pre_covid
2020-02-12 10:00:00,NORMAL,1.8168080853054966,0.008732566659402453,0.9195011195354228,-1.3607364107541395,pre_covid
2020-02-12 11:00:00,NORMAL,1.8171822251718022,0.008370085274526961,1.004012103402176,-1.3607364107541395,pre_covid
2020-02-12 12:00:00,NORMAL,1.8181328798837653,0.008104988595475468,1.0843189363121466,-1.3607364107541395,pre_covid
2020-02-12 13:00:00,NORMAL,1.819030173907592,0.00788712696174674,1.118788865194324,-1.3607364107541395,pre_covid
2020-02-12 14:00:00,NORMAL,1.8201084856403635,0.008741983698810926,1.2258810658080637,-1.3607364107541395,pre_covid
2020-02-12 15:00:00,NORMAL,1.822263420009303,0.009761908657209472,1.4684074651767869,-1.3607364107541395,pre_covid
2020-02-12 16:00:00,NORMAL,1.8247579547550845,0.011265055494947477,1.7210964523544672,-1.3607364107541395,pre_covid
2020-02-12 17:00:00,NORMAL,1.826363756922856,0.010402248391533931,1.9740303057662172,-1.3607364107541395,pre_covid
2020-02-12 18:00:00,NORMAL,1.8300014685497537,0.00944391332547878,2.30451384637577,-1.3607364107541395,pre_covid
2020-02-12 19:00:00,NORMAL,1.8344506704576244,0.009608101924446557,2.555463945041718,-1.3607364107541395,pre_covid
2020-02-12 20:00:00,NORMAL,1.837230769946642,0.008822236499594457,2.4427956958462844,-1.3607364107541395,pre_covid
2020-02-12 21:00:00,NORMAL,1.8393257703746804,0.008120216070677562,2.814288274078954,-1.3607364107541395,pre_covid
2020-02-12 22:00:00,NORMAL,1.8438931902433076,0.0071923421784661525,2.8545375500443457,-1.3607364107541395,pre_covid
2020-02-12 23:00:00,NORMAL,1.8464904081781863,0.005754482282924606,2.581565124532512,-1.3607364107541395,pre_covid
2020-02-13 00:00:00,NORMAL,1.852311721482914,0.0073163932388751384,3.074462154624822,-1.3607364107541395,pre_covid
2020-02-13 01:00:00,NORMAL,1.857331224311766,0.007359089356961443,3.0165668452822616,-1.3607364107541395,pre_covid
2020-02-13 02:00:00,NORMAL,1.8622641646874984,0.006155954010124497,2.922215611070448,-1.3607364107541395,pre_covid
2020-02-13 03:00:00,NORMAL,1.867966833593219,0.005355118031471231,3.0685647788944843,-1.3607364107541395,pre_covid
2020-02-13 04:00:00,NORMAL,1.873113395208513,0.005227267970713962,3.196569763784635,-1.3607364107541395,pre_covid
2020-02-13 05:00:00,NORMAL,1.8789500706899271,0.004850000240905247,2.89589904454362,-1.3607364107541395,pre_covid
2020-02-13 06:00:00,NORMAL,1.8849702950560032,0.003516450693487737,2.7806329549434867,-1.3607364107541395,pre_covid
2020-02-13 07:00:00,NORMAL,1.8907501541265366,0.0036582322248693362,2.1770608166876877,-1.3607364107541395,pre_covid
2020-02-13 08:00:00,NORMAL,1.8934516942904125,0.00410360002897798,1.4504254257025493,-1.3607364107541395,pre_covid
2020-02-13 09:00:00,NORMAL,1.8958797693336935,0.004765757574017956,1.3273516721223009,-1.3607364107541395,pre_covid
2020-02-13 10:00:00,NORMAL,1.8981825220191726,0.0065813061773618885,1.2688646755208155,-1.3607364107541395,pre_covid
2020-02-13 11:00:00,NORMAL,1.8994353971438982,0.008370403821406492,1.3006188958960918,-1.3607364107541395,pre_covid
2020-02-13 12:00:00,NORMAL,1.9002704556423657,0.009858963455058458,1.3583766024232868,-1.3607364107541395,pre_covid
2020-02-13 13:00:00,NORMAL,1.9021301740268615,0.011528244643695139,1.4609784756295654,-1.3607364107541395,pre_covid
2020-02-13 14:00:00,NORMAL,1.9042635819950127,0.01226705462747712,1.454893473574694,-1.3607364107541395,pre_covid
2020-02-13 15:00:00,NORMAL,1.9065742849065737,0.012425624912297413,1.6478328198351486,-1.3607364107541395,pre_covid
2020-02-13 16:00:00,NORMAL,1.9080431549166936,0.011907250080346763,1.8334310561454428,-1.3607364107541395,pre_covid
2020-02-13 17:00:00,NORMAL,1.9109298225472187,0.013029202453364593,2.1547440353161655,-1.3607364107541395,pre_covid
2020-02-13 18:00:00,NORMAL,1.912495907212119,0.013378993843781396,2.4304271983961914,-1.3607364107541395,pre_covid
2020-02-13 19:00:00,NORMAL,1.9135240802582547,0.012676366392743674,2.433445124674261,-1.3607364107541395,pre_covid
2020-02-13 20:00:00,NORMAL,1.9136734160330415,0.012665546447755397,2.3875813083516637,-1.3607364107541395,pre_covid
2020-02-13 21:00:00,NORMAL,1.9155338299866376,0.012308728771681397,2.7121941217521823,-1.3607364107541395,pre_covid
2020-02-13 22:00:00,NORMAL,1.9174699546990435,0.012051021209072282,2.8226240179550124,-1.3607364107541395,pre_covid
2020-02-13 23:00:00,NORMAL,1.9232665353097798,0.013554067550626462,3.0754656880358615,-1.3607364107541395,pre_covid
2020-02-14 00:00:00,NORMAL,1.9295350793384023,0.012201087077208976,3.1063947503907157,-1.3607364107541395,pre_covid
2020-02-14 01:00:00,NORMAL,1.9361297654641672,0.01193014731235404,3.1908432790966414,-1.3607364107541395,pre_covid
2020-02-14 02:00:00,NORMAL,1.9435324641796148,0.012636572620257233,3.3358728504744275,-1.3607364107541395,pre_covid
2020-02-14 03:00:00,NORMAL,1.950036753041348,0.012825810798343745,3.1758312293919984,-1.3607364107541395,pre_covid
2020-02-14 04:00:00,NORMAL,1.9571883511796735,0.01263752293732233,3.280071558541995,-1.3607364107541395,pre_covid
2020-02-14 05:00:00,NORMAL,1.9651460923989714,0.012381333271819202,2.97975615092059,-1.3607364107541395,pre_covid
2020-02-14 06:00:00,NORMAL,1.9722695950112048,0.011771062742503113,2.589671978702293,-1.3607364107541395,pre_covid
2020-02-14 07:00:00,NORMAL,1.9797319657761612,0.010861453300699035,2.116137341114235,-1.3607364107541395,pre_covid
2020-02-14 08:00:00,NORMAL,1.9849063883184543,0.010627207727764066,1.5505090729319353,-1.3607364107541395,pre_covid
2020-02-14 09:00:00,NORMAL,1.988642722045316,0.009563679043789079,1.2629124004934895,-1.3607364107541395,pre_covid
2020-02-14 10:00:00,NORMAL,1.9919431323666457,0.007809566448019095,1.1877558337672156,-1.3607364107541395,pre_covid
2020-02-14 11:00:00,NORMAL,1.9934778223241625,0.00587305983225865,1.1066994904455345,-1.3607364107541395,pre_covid
2020-02-14 12:00:00,NORMAL,1.994392775135148,0.0039128006701726,1.12265857773804,-1.3607364107541395,pre_covid
2020-02-14 13:00:00,NORMAL,1.9949018609422555,0.001076224997377147,1.0689277157717119,-1.3607364107541395,pre_covid
2020-02-14 14:00:00,NORMAL,1.9945923522753022,-0.0009526128529192272,1.1605595574162673,-1.3607364107541395,pre_covid
2020-02-14 15:00:00,NORMAL,1.9937723427776082,-0.003348181390289643,1.1809852704904633,-1.3607364107541395,pre_covid
2020-02-14 16:00:00,NORMAL,1.9946692386368492,-0.004557304896127691,1.5876329933327653,-1.3607364107541395,pre_covid
2020-02-14 17:00:00,NORMAL,1.9947693480121198,-0.006757278353620097,1.5591080816503298,-1.3607364107541395,pre_covid
2020-02-14 18:00:00,NORMAL,1.9940414091718313,-0.009171968877763656,1.5833915379466161,-1.3607364107541395,pre_covid
2020-02-14 19:00:00,NORMAL,1.9978532768874513,-0.009236962678709356,2.28424633724156,-1.3607364107541395,pre_covid
2020-02-14 20:00:00,NORMAL,2.000309059317356,-0.009364301363066966,2.276221909112208,-1.3607364107541395,pre_covid
2020-02-14 21:00:00,NORMAL,2.0023624205196686,-0.010225027609198016,2.211120448625853,-1.3607364107541395,pre_covid
2020-02-14 22:00:00,NORMAL,2.0044037529704664,-0.011338753163872799,2.2834054156797303,-1.3607364107541395,pre_covid
2020-02-14 23:00:00,NORMAL,2.0084878295621382,-0.012488499510831077,3.006569583524397,-1.3607364107541395,pre_covid
2020-02-15 00:00:00,NORMAL,2.0144555654617116,-0.011907167694258251,3.292804071166793,-1.3607364107541395,pre_covid
2020-02-15 01:00:00,NORMAL,2.020135994101104,-0.011243359138560042,3.956670639655598,-1.3607364107541395,pre_covid
2020-02-15 02:00:00,NORMAL,2.0276668527131285,-0.011770338573641978,3.497350670944098,-1.3607364107541395,pre_covid
2020-02-15 03:00:00,NORMAL,2.032872305945713,-0.010842043282843656,3.809207840325836,-1.3607364107541395,pre_covid
2020-02-15 04:00:00,NORMAL,2.0391746937484094,-0.009870274168423452,4.042724741144157,-1.3607364107541395,pre_covid
2020-02-15 05:00:00,NORMAL,2.045987561277806,-0.0099679396221417,4.433348099352732,-1.3607364107541395,pre_covid
2020-02-15 06:00:00,NORMAL,2.0502966856686973,-0.010384747421331435,3.958454493063762,-1.3607364107541395,pre_covid
2020-02-15 07:00:00,NORMAL,2.0556056104398372,-0.01284096530985625,3.667850894182058,-1.3607364107541395,pre_covid
2020-02-15 08:00:00,NORMAL,2.0578917034512294,-0.017089097708484408,2.5822723189716825,-1.3607364107541395,pre_covid
2020-02-15 09:00:00,NORMAL,2.0611268606358344,-0.019988445159668553,2.3504943545825143,-1.3607364107541395,pre_covid
2020-02-15 10:00:00,NORMAL,2.062896924831244,-0.022865706891956366,2.2516417192064946,-1.3607364107541395,pre_covid
2020-02-15 11:00:00,NORMAL,2.063590773895741,-0.02594333802600192,2.203446850396457,-1.3607364107541395,pre_covid
2020-02-15 12:00:00,NORMAL,2.0644287385325946,-0.029428612441601176,2.4388302451824395,-1.3607364107541395,pre_covid
2020-02-15 13:00:00,NORMAL,2.0658701203587464,-0.032774449664251644,2.684349492311584,-1.3607364107541395,pre_covid
2020-02-15 14:00:00,NORMAL,2.065891749027829,-0.03751193740188278,2.533809122645397,-1.3607364107541395,pre_covid
2020-02-15 15:00:00,NORMAL,2.065130024415107,-0.0417244394020552,2.5441524010502974,-1.3607364107541395,pre_covid
2020-02-15 16:00:00,NORMAL,2.06579652579647,-0.04592999053774507,2.9356879353493084,-1.3607364107541395,pre_covid
2020-02-15 17:00:00,NORMAL,2.065004388456321,-0.046836010832145746,2.846717518242767,-1.3607364107541395,pre_covid
2020-02-15 18:00:00,NORMAL,2.063403943069236,-0.046477789208347,2.6703923494389508,-1.3607364107541395,pre_covid
2020-02-15 19:00:00,NORMAL,2.062808592350546,-0.048641826220801265,2.8779520676112824,-1.3607364107541395,pre_covid
2020-02-15 20:00:00,NORMAL,2.0631586860777493,-0.05015779615155016,3.0732850516512733,-1.3607364107541395,pre_covid
2020-02-15 21:00:00,NORMAL,2.062962304816284,-0.05051253763193447,2.9268967570877336,-1.3607364107541395,pre_covid
2020-02-15 22:00:00,NORMAL,2.061519258009384,-0.051201977176781543,2.539495093418662,-1.3607364107541395,pre_covid
2020-02-15 23:00:00,NORMAL,2.061456555724581,-0.05287487130351733,3.085642517499575,-1.3607364107541395,pre_covid
2020-02-16 00:00:00,NORMAL,2.062452425548354,-0.05603143996659545,2.172248558794748,-1.3607364107541395,pre_covid
2020-02-16 01:00:00,NORMAL,2.0628571310281205,-0.06008274280384616,2.472596283807825,-1.3607364107541395,pre_covid
2020-02-16 02:00:00,NORMAL,2.064131135154848,-0.06304228129849525,2.3222133505403706,-1.3607364107541395,pre_covid
2020-02-16 03:00:00,NORMAL,2.0650564498884996,-0.0668639478224162,2.5101370587129272,-1.3607364107541395,pre_covid
2020-02-16 04:00:00,NORMAL,2.0681415984272014,-0.07069033461046435,2.6768202746042884,-1.3607364107541395,pre_covid
2020-02-16 05:00:00,NORMAL,2.0726024462533554,-0.07357361205894687,2.7838811518141697,-1.3607364107541395,pre_covid
2020-02-16 06:00:00,NORMAL,2.0751672697259225,-0.07588506400983779,2.3045384742304007,-1.3607364107541395,pre_covid
2020-02-16 07:00:00,NORMAL,2.0777245566819995,-0.07827313228932271,1.5566816411524393,-1.3607364107541395,pre_covid
2020-02-16 08:00:00,NORMAL,2.0791843704593864,-0.0812723671959864,0.5201268501726918,-1.3607364107541395,pre_covid
2020-02-16 09:00:00,NORMAL,2.0809637538983785,-0.08608436292373885,0.2380247329635092,-1.3607364107541395,pre_covid
2020-02-16 10:00:00,NORMAL,2.0824589315248847,-0.09058048114297669,0.22726901417238846,-1.3607364107541395,pre_covid
2020-02-16 11:00:00,NORMAL,2.0830181547716515,-0.09341225346196408,0.24593425857444642,-1.3607364107541395,pre_covid
2020-02-16 12:00:00,NORMAL,2.0847964676053894,-0.09434149042143479,0.6798349711563992,-1.3607364107541395,pre_covid
2020-02-16 13:00:00,NORMAL,2.085919405919345,-0.09490252309354687,0.7766004462484797,-1.3607364107541395,pre_covid
2020-02-16 14:00:00,NORMAL,2.087865169960553,-0.09343148849276678,1.0213832943713763,-1.3607364107541395,pre_covid
2020-02-16 15:00:00,NORMAL,2.088657451313286,-0.0915032219612954,1.0537832702285326,-1.3607364107541395,pre_covid
2020-02-16 16:00:00,NORMAL,2.0886348548748623,-0.09090209293440082,1.208737771306143,-1.3607364107541395,pre_covid
2020-02-16 17:00:00,NORMAL,2.0895894895324685,-0.09169492540917436,1.444297629301207,-1.3607364107541395,pre_covid
2020-02-16 18:00:00,NORMAL,2.0888807239632143,-0.09273548784359764,1.3702079759806118,-1.3607364107541395,pre_covid
2020-02-16 19:00:00,NORMAL,2.088502474194597,-0.09259197198632456,1.6895127625693158,-1.3607364107541395,pre_covid
2020-02-16 20:00:00,NORMAL,2.0855732898312387,-0.09304703673697619,1.8784980460833458,-1.3607364107541395,pre_covid
2020-02-16 21:00:00,NORMAL,2.0873983610818314,-0.09208900777308598,2.6731194585278755,-1.3607364107541395,pre_covid
2020-02-16 22:00:00,NORMAL,2.0896218396705133,-0.0894495916128125,2.925197990362303,-1.3607364107541395,pre_covid
2020-02-16 23:00:00,NORMAL,2.093459133915434,-0.0874955195299758,3.1637222673818957,-1.3607364107541395,pre_covid
2020-02-17 00:00:00,NORMAL,2.1008096741544153,-0.08511120203136219,2.169134656652796,-1.3607364107541395,pre_covid
2020-02-17 01:00:00,NORMAL,2.1094282717356823,-0.08188591809056758,2.3656965206354283,-1.3607364107541395,pre_covid
2020-02-17 02:00:00,NORMAL,2.118675837419064,-0.07847147550298007,2.667985808719428,-1.3607364107541395,pre_covid
2020-02-17 03:00:00,NORMAL,2.1256071465653656,-0.07592912786294402,2.372948125043474,-1.3607364107541395,pre_covid
2020-02-17 04:00:00,NORMAL,2.131479382526413,-0.07388467213851403,2.204112497413039,-1.3607364107541395,pre_covid
2020-02-17 05:00:00,NORMAL,2.1363290862807838,-0.06958436770268575,2.4028542762631075,-1.3607364107541395,pre_covid
2020-02-17 06:00:00,NORMAL,2.1418385468093395,-0.06188051061659269,2.633588489979397,-1.3607364107541395,pre_covid
2020-02-17 07:00:00,NORMAL,2.1466013665975394,-0.048468143574139234,1.9700627432830091,-1.3607364107541395,pre_covid
2020-02-17 08:00:00,NORMAL,2.1497484431428626,-0.028038407378429348,1.5860665594103793,-1.3607364107541395,pre_covid
2020-02-17 09:00:00,NORMAL,2.1515173956580678,-0.005439110260199417,1.3779232946456221,-1.3607364107541395,pre_covid
2020-02-17 10:00:00,NORMAL,2.1520317347485163,0.01608980187058312,1.2153611614511126,-1.3607364107541395,pre_covid
2020-02-17 11:00:00,NORMAL,2.1511702463164797,0.03553944273311035,1.0752200374041856,-1.3607364107541395,pre_covid
2020-02-17 12:00:00,NORMAL,2.150440877071255,0.05248961568218281,1.1124901064848234,-1.3607364107541395,pre_covid
2020-02-17 13:00:00,NORMAL,2.148720528803526,0.06972151525104069,0.9406290979456841,-1.3607364107541395,pre_covid
2020-02-17 14:00:00,NORMAL,2.14582834886752,0.0852228439242681,0.8789726159595078,-1.3607364107541395,pre_covid
2020-02-17 15:00:00,NORMAL,2.1434478081998,0.10075893648690908,1.0678612624591273,-1.3607364107541395,pre_covid
2020-02-17 16:00:00,NORMAL,2.1419819164338207,0.11570020987719598,1.3918400467391647,-1.3607364107541395,pre_covid
2020-02-17 17:00:00,NORMAL,2.1392388296401825,0.12603294930687828,1.636908585159363,-1.3607364107541395,pre_covid
2020-02-17 18:00:00,NORMAL,2.1380556305726315,0.13425501350557964,1.7580456964018227,-1.3607364107541395,pre_covid
2020-02-17 19:00:00,NORMAL,2.135420011161489,0.1407426923314997,1.8219725185230335,-1.3607364107541395,pre_covid
2020-02-17 20:00:00,NORMAL,2.134794931457409,0.1468068137797376,2.094125787127848,-1.3607364107541395,pre_covid
2020-02-17 21:00:00,NORMAL,2.1349004338018687,0.1496699491929986,2.38486740082233,-1.3607364107541395,pre_covid
2020-02-17 22:00:00,NORMAL,2.1348830116258544,0.15005220142892292,2.2727250068826708,-1.3607364107541395,pre_covid
2020-02-17 23:00:00,NORMAL,2.1355835805559047,0.15056107478125497,2.4846118877743053,-1.3607364107541395,pre_covid
2020-02-18 00:00:00,NORMAL,2.13592231066758,0.15155474829210308,2.5554048881524887,-1.3607364107541395,pre_covid
2020-02-18 01:00:00,NORMAL,2.13584211705497,0.15150649729847257,2.4423182663916916,-1.3607364107541395,pre_covid
2020-02-18 02:00:00,NORMAL,2.138556522036264,0.15067806222918392,2.6708470505498423,-1.3607364107541395,pre_covid
2020-02-18 03:00:00,NORMAL,2.1406996642843628,0.152237813803532,3.023896506345185,-1.3607364107541395,pre_covid
2020-02-18 04:00:00,NORMAL,2.1405800123439698,0.15411501565029034,2.772514073667955,-1.3607364107541395,pre_covid
2020-02-18 05:00:00,NORMAL,2.141739074389573,0.15292793090851117,2.541533944033142,-1.3607364107541395,pre_covid
2020-02-18 06:00:00,NORMAL,2.143402498892635,0.14782178278742428,2.389657844965814,-1.3607364107541395,pre_covid
2020-02-18 07:00:00,NORMAL,2.1444010947213967,0.13926312091796117,1.913158758576866,-1.3607364107541395,pre_covid
2020-02-18 08:00:00,NORMAL,2.1452893572208134,0.125034602191755,1.3962006145903219,-1.3607364107541395,pre_covid
2020-02-18 09:00:00,NORMAL,2.1466127227061342,0.1101049863407874,1.302289948742852,-1.3607364107541395,pre_covid
2020-02-18 10:00:00,NORMAL,2.1474862860743023,0.09605247893033264,1.1605214471742593,-1.3607364107541395,pre_covid
2020-02-18 11:00:00,NORMAL,2.147633119447139,0.08369034553509296,1.1825452638233982,-1.3607364107541395,pre_covid
2020-02-18 12:00:00,NORMAL,2.1475537982645525,0.07231341354115121,1.180689358863011,-1.3607364107541395,pre_covid
2020-02-18 13:00:00,NORMAL,2.1468980016444905,0.06108523387095752,1.091952802798303,-1.3607364107541395,pre_covid
2020-02-18 14:00:00,NORMAL,2.1465008930108858,0.050952692169231074,1.1186261251193514,-1.3607364107541395,pre_covid
2020-02-18 15:00:00,NORMAL,2.1459519724360203,0.04009603124288821,1.2407231246007913,-1.3607364107541395,pre_covid
2020-02-18 16:00:00,NORMAL,2.1464050390077447,0.03009655663497976,1.5378963161855563,-1.3607364107541395,pre_covid
2020-02-18 17:00:00,NORMAL,2.143875374366504,0.023516846428570052,1.763652670624296,-1.3607364107541395,pre_covid
2020-02-18 18:00:00,NORMAL,2.1410337978806586,0.018292160234290384,1.8412493616628918,-1.3607364107541395,pre_covid
2020-02-18 19:00:00,NORMAL,2.139526566986852,0.014890486780823895,2.1213011446746117,-1.3607364107541395,pre_covid
2020-02-18 20:00:00,NORMAL,2.1387701743829988,0.011674622309287251,2.366275050589034,-1.3607364107541395,pre_covid
2020-02-18 21:00:00,NORMAL,2.1383812520382826,0.009944946038493767,2.6847609144853313,-1.3607364107541395,pre_covid
2020-02-18 22:00:00,NORMAL,2.137719474098495,0.0096674834597734,2.6580604972945756,-1.3607364107541395,pre_covid
2020-02-18 23:00:00,NORMAL,2.1386455701280487,0.010034486903275306,2.979707851341518,-1.3607364107541395,pre_covid
2020-02-19 00:00:00,NORMAL,2.1408897565696,0.009730616167868869,2.8122425451657085,-1.3607364107541395,pre_covid
2020-02-19 01:00:00,NORMAL,2.1418670581680606,0.010576172650450922,2.8889045743435307,-1.3607364107541395,pre_covid
2020-02-19 02:00:00,NORMAL,2.1417514231313723,0.010882963616683986,2.8117969880595766,-1.3607364107541395,pre_covid
2020-02-19 03:00:00,NORMAL,2.1401705497758874,0.008935154620535199,2.7846038593814373,-1.3607364107541395,pre_covid
2020-02-19 04:00:00,NORMAL,2.1405643879304512,0.008367542841663252,3.089954469827892,-1.3607364107541395,pre_covid
2020-02-19 05:00:00,NORMAL,2.1459050726971522,0.010475938675352396,3.5978184646399463,-1.3607364107541395,pre_covid
2020-02-19 06:00:00,NORMAL,2.1482786656427955,0.012815539317159728,3.1133682267430784,-1.3607364107541395,pre_covid
2020-02-19 07:00:00,NORMAL,2.151618853206131,0.014759695068490349,2.4976169252343667,-1.3607364107541395,pre_covid
2020-02-19 08:00:00,NORMAL,2.154852729024122,0.017032305920151956,1.8315351815465775,-1.3607364107541395,pre_covid
2020-02-19 09:00:00,NORMAL,2.15808714661255,0.01870862864390777,1.6624559345605274,-1.3607364107541395,pre_covid
2020-02-19 10:00:00,NORMAL,2.160367013638091,0.019495912769619678,1.3025187798263431,-1.3607364107541395,pre_covid
2020-02-19 11:00:00,NORMAL,2.1629990072773064,0.020105044202693705,1.446187034790372,-1.3607364107541395,pre_covid
2020-02-19 12:00:00,NORMAL,2.165120758848214,0.020843190122931527,1.4407732002245508,-1.3607364107541395,pre_covid
2020-02-19 13:00:00,NORMAL,2.167258463964202,0.021758771451819345,1.4779233246803847,-1.3607364107541395,pre_covid
2020-02-19 14:00:00,NORMAL,2.1699859367144625,0.023027912846707077,1.6840964878517646,-1.3607364107541395,pre_covid
2020-02-19 15:00:00,NORMAL,2.1730344058956157,0.02518770698623103,1.9805502876104637,-1.3607364107541395,pre_covid
2020-02-19 16:00:00,NORMAL,2.1750117141816157,0.02645531930212082,2.0532842444025103,-1.3607364107541395,pre_covid
2020-02-19 17:00:00,NORMAL,2.17761122629667,0.02796239405067777,2.4107483410953523,-1.3607364107541395,pre_covid
2020-02-19 18:00:00,NORMAL,2.1816597714266064,0.030685505743451125,2.9846694282051374,-1.3607364107541395,pre_covid
2020-02-19 19:00:00,NORMAL,2.1849770904814187,0.03230812420853132,3.1127735462501644,-1.3607364107541395,pre_covid
2020-02-19 20:00:00,NORMAL,2.1906800836565763,0.034025122114277974,3.400898549272759,-1.3607364107541395,pre_covid
2020-02-19 21:00:00,NORMAL,2.195580532189168,0.0354235581774895,3.6375636275543743,-1.3607364107541395,pre_covid
2020-02-19 22:00:00,NORMAL,2.2015461329246326,0.03720678246904213,3.85675847360235,-1.3607364107541395,pre_covid
2020-02-19 23:00:00,NORMAL,2.2134904557266624,0.03941986123802212,4.588211355273535,-1.3607364107541395,pre_covid
2020-02-20 00:00:00,NORMAL,2.221788389684897,0.04246313395690188,4.468515059608261,-1.3607364107541395,pre_covid
2020-02-20 01:00:00,NORMAL,2.2298805812212286,0.04476202281919759,4.376055023385996,-1.3607364107541395,pre_covid
2020-02-20 02:00:00,NORMAL,2.2386020120686965,0.047923317582251435,4.387415993445027,-1.3607364107541395,pre_covid
2020-02-20 03:00:00,NORMAL,2.2466706429487693,0.05197630938667578,4.4240947667466575,-1.3607364107541395,pre_covid
2020-02-20 04:00:00,NORMAL,2.249964044613219,0.05267974853211884,3.7498612434122642,-1.3607364107541395,pre_covid
2020-02-20 05:00:00,NORMAL,2.252024490940357,0.0494765693598089,3.2420540275027716,-1.3607364107541395,pre_covid
2020-02-20 06:00:00,NORMAL,2.2517658722064233,0.04684469299419707,2.737185007642676,-1.3607364107541395,pre_covid
2020-02-20 07:00:00,NORMAL,2.251473541769015,0.043997136764316234,2.1279493032030117,-1.3607364107541395,pre_covid
2020-02-20 08:00:00,NORMAL,2.2525580742655826,0.041706850608776734,1.6326268851258847,-1.3607364107541395,pre_covid
2020-02-20 09:00:00,NORMAL,2.2521741035054723,0.0388303872578657,1.262844584423873,-1.3607364107541395,pre_covid
2020-02-20 10:00:00,NORMAL,2.2530304905411906,0.03869715259594315,1.4127376975214376,-1.3607364107541395,pre_covid
2020-02-20 11:00:00,NORMAL,2.2530666215763553,0.037128376401114015,1.3066889098037784,-1.3607364107541395,pre_covid
2020-02-20 12:00:00,NORMAL,2.252511103108427,0.035464031446750595,1.2650494998112438,-1.3607364107541395,pre_covid
2020-02-20 13:00:00,NORMAL,2.250942652920326,0.03287802836565044,1.1974788440286848,-1.3607364107541395,pre_covid
2020-02-20 14:00:00,NORMAL,2.2503530207567786,0.02940233923548012,1.3558352700987537,-1.3607364107541395,pre_covid
2020-02-20 15:00:00,NORMAL,2.2470083355151513,0.023363261957777316,1.0859256992417268,-1.3607364107541395,pre_covid
2020-02-20 16:00:00,NORMAL,2.24436628313698,0.01939033650894154,1.3895662566126585,-1.3607364107541395,pre_covid
2020-02-20 17:00:00,NORMAL,2.243221805613087,0.01626707564126161,1.962471811302157,-1.3607364107541395,pre_covid
2020-02-20 18:00:00,NORMAL,2.2403189469663802,0.010828203587148514,1.942746945749438,-1.3607364107541395,pre_covid
2020-02-20 19:00:00,NORMAL,2.2375683557491093,0.005933823075877041,1.971345800172688,-1.3607364107541395,pre_covid
2020-02-20 20:00:00,NORMAL,2.236372967258402,0.000988911098223943,2.1867560419129446,-1.3607364107541395,pre_covid
2020-02-20 21:00:00,NORMAL,2.2349351193342333,-0.0034660061517827294,2.4706356704917627,-1.3607364107541395,pre_covid
2020-02-20 22:00:00,NORMAL,2.2332978191016006,-0.008845734458843608,2.547557578872771,-1.3607364107541395,pre_covid
2020-02-20 23:00:00,NORMAL,2.2330126974220113,-0.014988433016286648,3.027565245864825,-1.3607364107541395,pre_covid
2020-02-21 00:00:00,NORMAL,2.2318259102678604,-0.021731998620036403,2.907014508493303,-1.3607364107541395,pre_covid
2020-02-21 01:00:00,NORMAL,2.2304002288421385,-0.027998744561033923,2.9513287995754527,-1.3607364107541395,pre_covid
2020-02-21 02:00:00,NORMAL,2.228482208130597,-0.03426936595371313,3.0136453709354036,-1.3607364107541395,pre_covid
2020-02-21 03:00:00,NORMAL,2.2284150977541537,-0.040319821385336074,3.164556686149579,-1.3607364107541395,pre_covid
2020-02-21 04:00:00,NORMAL,2.2271439523042953,-0.04307526398678019,3.066519122965792,-1.3607364107541395,pre_covid
2020-02-21 05:00:00,NORMAL,2.2267296961916934,-0.04303701803259366,2.9101611240034098,-1.3607364107541395,pre_covid
2020-02-21 06:00:00,NORMAL,2.2281747615985372,-0.04193460757205924,2.8324429670521205,-1.3607364107541395,pre_covid
2020-02-21 07:00:00,NORMAL,2.226250073432718,-0.04186005854649022,1.7927897292565242,-1.3607364107541395,pre_covid
2020-02-21 08:00:00,NORMAL,2.226075239168691,-0.04155914796428321,1.5211369165754234,-1.3607364107541395,pre_covid
2020-02-21 09:00:00,NORMAL,2.2250565370251096,-0.04073100064840199,1.0917704403718225,-1.3607364107541395,pre_covid
2020-02-21 10:00:00,NORMAL,2.224825810892944,-0.04219796507088216,1.1489938435634302,-1.3607364107541395,pre_covid
2020-02-21 11:00:00,NORMAL,2.2245045339374574,-0.04264890829734518,1.0527249619237815,-1.3607364107541395,pre_covid
2020-02-21 12:00:00,NORMAL,2.2244548558537103,-0.042563991192844576,1.1143126596685238,-1.3607364107541395,pre_covid
2020-02-21 13:00:00,NORMAL,2.224042686272125,-0.04226964216695334,0.9996832260653924,-1.3607364107541395,pre_covid
2020-02-21 14:00:00,NORMAL,2.223095784270043,-0.042408475327371305,1.0014800210664365,-1.3607364107541395,pre_covid
2020-02-21 15:00:00,NORMAL,2.222306211501263,-0.039347601056261367,1.0483370453354148,-1.3607364107541395,pre_covid
2020-02-21 16:00:00,NORMAL,2.2197873969746786,-0.03793815136348124,1.1644721528666573,-1.3607364107541395,pre_covid
2020-02-21 17:00:00,NORMAL,2.2189184419316916,-0.038265858334183445,1.4131236344284897,-1.3607364107541395,pre_covid
2020-02-21 18:00:00,NORMAL,2.218920701640313,-0.03668163836085029,1.5837711689950695,-1.3607364107541395,pre_covid
2020-02-21 19:00:00,NORMAL,2.2146760927180282,-0.0350824340623979,1.571152038297632,-1.3607364107541395,pre_covid
2020-02-21 20:00:00,NORMAL,2.2128836925470683,-0.03296382925073831,1.9750986803909445,-1.3607364107541395,pre_covid
2020-02-21 21:00:00,NORMAL,2.2119867750221514,-0.031459486123768705,2.0604383044397974,-1.3607364107541395,pre_covid
2020-02-21 22:00:00,NORMAL,2.2104327254619633,-0.029904000611066312,2.0223250895681675,-1.3607364107541395,pre_covid
2020-02-21 23:00:00,NORMAL,2.2047987758683574,-0.02893335684851117,2.060066051798611,-1.3607364107541395,pre_covid
2020-02-22 00:00:00,NORMAL,2.1992838274895212,-0.026838032842718296,2.366292743522338,-1.3607364107541395,pre_covid
2020-02-22 01:00:00,NORMAL,2.191278475392854,-0.025118834793861733,2.61177148741552,-1.3607364107541395,pre_covid
2020-02-22 02:00:00,NORMAL,2.1851038652957513,-0.0235699957670599,2.460016174630793,-1.3607364107541395,pre_covid
2020-02-22 03:00:00,NORMAL,2.1777871631226806,-0.02247374083352097,2.5800018752499354,-1.3607364107541395,pre_covid
2020-02-22 04:00:00,NORMAL,2.1706635289055805,-0.021931094716728976,2.845954192671346,-1.3607364107541395,pre_covid
2020-02-22 05:00:00,NORMAL,2.163487479120736,-0.022999885400050966,3.227771735498877,-1.3607364107541395,pre_covid
2020-02-22 06:00:00,NORMAL,2.1564230805965137,-0.02686291703392016,2.7716355409944327,-1.3607364107541395,pre_covid
2020-02-22 07:00:00,NORMAL,2.1493181037121385,-0.03029785946797563,2.474214777606986,-1.3607364107541395,pre_covid
2020-02-22 08:00:00,NORMAL,2.1437452758313293,-0.0365278853661148,1.6460372349958188,-1.3607364107541395,pre_covid
2020-02-22 09:00:00,NORMAL,2.137620662565181,-0.04203380792875867,1.3215593258695957,-1.3607364107541395,pre_covid
2020-02-22 10:00:00,NORMAL,2.1310589698537066,-0.04794065635297473,1.1492773436786805,-1.3607364107541395,pre_covid
2020-02-22 11:00:00,NORMAL,2.1252890251323198,-0.05360223929900717,1.2340961372034895,-1.3607364107541395,pre_covid
2020-02-22 12:00:00,NORMAL,2.119111280441685,-0.060181201779150095,1.4009691371558897,-1.3607364107541395,pre_covid
2020-02-22 13:00:00,NORMAL,2.112923016308108,-0.06662237413216339,1.6447211178705932,-1.3607364107541395,pre_covid
2020-02-22 14:00:00,NORMAL,2.107161999559498,-0.0730234414470617,1.5659583088789133,-1.3607364107541395,pre_covid
2020-02-22 15:00:00,NORMAL,2.102105020201326,-0.08035251005173795,1.694579868877351,-1.3607364107541395,pre_covid
2020-02-22 16:00:00,NORMAL,2.0955391068824527,-0.08585436084540948,1.8326144977786394,-1.3607364107541395,pre_covid
2020-02-22 17:00:00,NORMAL,2.0902207453526924,-0.08850509895909586,1.953232781243045,-1.3607364107541395,pre_covid
2020-02-22 18:00:00,NORMAL,2.0860678065441056,-0.09076198141693963,1.972698629596356,-1.3607364107541395,pre_covid
2020-02-22 19:00:00,NORMAL,2.081213414085506,-0.09227515228822436,2.062414134566473,-1.3607364107541395,pre_covid
2020-02-22 20:00:00,NORMAL,2.0748648073218585,-0.09482392454728922,2.0067191153586075,-1.3607364107541395,pre_covid
2020-02-22 21:00:00,NORMAL,2.0695312483277744,-0.0966755964539354,2.0308588460815646,-1.3607364107541395,pre_covid
2020-02-22 22:00:00,NORMAL,2.0629874559146977,-0.0989233117270678,1.4401379680218,-1.3607364107541395,pre_covid
2020-02-22 23:00:00,NORMAL,2.056912597753922,-0.09876860152730858,2.065066346489275,-1.3607364107541395,pre_covid
2020-02-23 00:00:00,NORMAL,2.052012364149639,-0.10012585535891405,1.3490093132751289,-1.3607364107541395,pre_covid
2020-02-23 01:00:00,NORMAL,2.045972280485898,-0.10139507711321229,1.4578622282993867,-1.3607364107541395,pre_covid
2020-02-23 02:00:00,NORMAL,2.0400362195416046,-0.10278345912382975,1.3249551118990774,-1.3607364107541395,pre_covid
2020-02-23 03:00:00,NORMAL,2.0331124091553194,-0.10406408319442816,1.346936913816997,-1.3607364107541395,pre_covid
2020-02-23 04:00:00,NORMAL,2.0248602996493625,-0.10646341217728693,1.2904658776034765,-1.3607364107541395,pre_covid
2020-02-23 05:00:00,NORMAL,2.0167720649808554,-0.10786778521117284,1.4250577275050298,-1.3607364107541395,pre_covid
2020-02-23 06:00:00,NORMAL,2.0084295966437846,-0.1080339404269528,0.9030037936025271,-1.3607364107541395,pre_covid
2020-02-23 07:00:00,NORMAL,2.001430061564205,-0.10894638907576232,0.3807597477830331,-1.3607364107541395,pre_covid
2020-02-23 08:00:00,NORMAL,1.9977634504300705,-0.10860330773206921,-0.09586382036181809,-1.3607364107541395,pre_covid
2020-02-23 09:00:00,NORMAL,1.9932741906495561,-0.11007023211641083,-0.5161709101629808,-1.3607364107541395,pre_covid
2020-02-23 10:00:00,NORMAL,1.9879711031259053,-0.11079364215236352,-0.6636496898009454,-1.3607364107541395,pre_covid
2020-02-23 11:00:00,NORMAL,1.98202987773009,-0.1114881581682694,-0.7521916079225166,-1.3607364107541395,pre_covid
2020-02-23 12:00:00,NORMAL,1.9752870874258335,-0.11038244194312714,-0.45295379995869733,-1.3607364107541395,pre_covid
2020-02-23 13:00:00,NORMAL,1.9682414840400406,-0.10941771556845646,-0.40706092256476467,-1.3607364107541395,pre_covid
2020-02-23 14:00:00,NORMAL,1.9605333058576515,-0.10737832383410467,-0.27359064026993085,-1.3607364107541395,pre_covid
2020-02-23 15:00:00,NORMAL,1.95145484835238,-0.10606446885275912,-0.4713975906570787,-1.3607364107541395,pre_covid
2020-02-23 16:00:00,NORMAL,1.9423176546414858,-0.10572099940987612,-0.3263107721241189,-1.3607364107541395,pre_covid
2020-02-23 17:00:00,NORMAL,1.9326409141307612,-0.10692577850089656,-0.1813947765005104,-1.3607364107541395,pre_covid
2020-02-23 18:00:00,NORMAL,1.9232412154597327,-0.10859463522429709,-0.20894140075220144,-1.3607364107541395,pre_covid
2020-02-23 19:00:00,NORMAL,1.9130392335164728,-0.11045265021055106,-0.024420203898317352,-1.3607364107541395,pre_covid
2020-02-23 20:00:00,NORMAL,1.904201012015576,-0.1105710408241951,0.3936768339326354,-1.3607364107541395,pre_covid
2020-02-23 21:00:00,NORMAL,1.8893192017255571,-0.11145757029381927,0.17297532980475971,-1.3607364107541395,pre_covid
2020-02-23 22:00:00,NORMAL,1.8736697176597819,-0.11043868737338856,0.2960846673120727,-1.3607364107541395,pre_covid
2020-02-23 23:00:00,NORMAL,1.8578310732215921,-0.11165725115787563,0.5028300017660349,-1.3607364107541395,pre_covid
2020-02-24 00:00:00,NORMAL,1.8439871562073111,-0.11282453812948774,-0.15664340174644326,-1.3607364107541395,pre_covid
2020-02-24 01:00:00,NORMAL,1.830161672893983,-0.11342121407768642,0.04301532399624774,-1.3607364107541395,pre_covid
2020-02-24 02:00:00,NORMAL,1.8156323173377968,-0.11328982831432442,0.22705407528023283,-1.3607364107541395,pre_covid
2020-02-24 03:00:00,NORMAL,1.8030036391639406,-0.11298705840418155,0.25133019183558214,-1.3607364107541395,pre_covid
2020-02-24 04:00:00,NORMAL,1.7916434708919506,-0.11171711459010276,0.29560422771869016,-1.3607364107541395,pre_covid
2020-02-24 05:00:00,NORMAL,1.777766263326578,-0.11023776068631595,0.07148340528052369,-1.3607364107541395,pre_covid
2020-02-24 06:00:00,NORMAL,1.7599505247897784,-0.10696913156210258,-0.3594555842028838,-1.3607364107541395,pre_covid
2020-02-24 07:00:00,NORMAL,1.7418508802891126,-0.10103753159096877,-1.0706775328288647,-1.3607364107541395,pre_covid
2020-02-24 08:00:00,NORMAL,1.7237713890303934,-0.09310768781642764,-1.4512879720544491,-1.3607364107541395,pre_covid
2020-02-24 09:00:00,NORMAL,1.7053629942345863,-0.08310445031934784,-1.7146870310500013,-1.3607364107541395,pre_covid
2020-02-24 10:00:00,NORMAL,1.6877846477693732,-0.07287274530144265,-1.7378010447046437,-1.3607364107541395,pre_covid
2020-02-24 11:00:00,NORMAL,1.6714072794849177,-0.06267875835206281,-1.6761778343844085,-1.3607364107541395,pre_covid
2020-02-24 12:00:00,NORMAL,1.6545712192922877,-0.054952426904259395,-1.7159680058769098,-1.3607364107541395,pre_covid
2020-02-24 13:00:00,NORMAL,1.6385676251606178,-0.04662590362519048,-1.7479747161749415,-1.3607364107541395,pre_covid
2020-02-24 14:00:00,NORMAL,1.6236003545599622,-0.03822413272289417,-1.6355288449505736,-1.3607364107541395,pre_covid
2020-02-24 15:00:00,NORMAL,1.6083707056814247,-0.02829336618925209,-1.490719749135191,-1.3607364107541395,pre_covid
2020-02-24 16:00:00,NORMAL,1.5913037405402168,-0.01968385619810745,-1.4754100969837463,-1.3607364107541395,pre_covid
2020-02-24 17:00:00,NORMAL,1.5760581714745028,-0.011508509452049696,-0.924347017880632,-1.3607364107541395,pre_covid
2020-02-24 18:00:00,NORMAL,1.561965981863108,-0.0043136350591380405,-0.6094421583124804,-1.3607364107541395,pre_covid
2020-02-24 19:00:00,NORMAL,1.5490129244792874,0.002194582033526584,-0.3541411219588605,-1.3607364107541395,pre_covid
2020-02-24 20:00:00,NORMAL,1.53569056361943,0.006573647300754309,-0.14403083732819402,-1.3607364107541395,pre_covid
2020-02-24 21:00:00,NORMAL,1.522638770666287,0.012522872561019143,0.19216618469431304,-1.3607364107541395,pre_covid
2020-02-24 22:00:00,NORMAL,1.5098177571762779,0.01637477710305738,0.11879474056117693,-1.3607364107541395,pre_covid
2020-02-24 23:00:00,NORMAL,1.4945857688312547,0.01957167149114133,-0.07436215418959728,-1.3607364107541395,pre_covid
2020-02-25 00:00:00,NORMAL,1.4815206808868855,0.02446830833760577,0.36047011349842617,-1.3607364107541395,pre_covid
2020-02-25 01:00:00,NORMAL,1.469526336666122,0.028573623471444,0.42726843730344916,-1.3607364107541395,pre_covid
2020-02-25 02:00:00,NORMAL,1.4556884092014808,0.03138200720924276,0.34607523649014393,-1.3607364107541395,pre_covid
2020-02-25 03:00:00,NORMAL,1.4394999366993884,0.033903341330123286,0.304233125993654,-1.3607364107541395,pre_covid
2020-02-25 04:00:00,NORMAL,1.4239556602221306,0.035543325805309646,0.16107562548863186,-1.3607364107541395,pre_covid
2020-02-25 05:00:00,NORMAL,1.408303207277857,0.03684717837847436,-0.08807815060482761,-1.3607364107541395,pre_covid
2020-02-25 06:00:00,NORMAL,1.389856149862334,0.03637009644623011,-0.709447800842027,-1.3607364107541395,pre_covid
2020-02-25 07:00:00,NORMAL,1.368837996964826,0.033666912038889024,-1.6178909282045029,-1.3607364107541395,pre_covid
2020-02-25 08:00:00,NORMAL,1.3491378456928242,0.029773039181039962,-1.9134247991059743,-1.3607364107541395,pre_covid
2020-02-25 09:00:00,NORMAL,1.3271800896193393,0.02381556047392595,-2.386613071602627,-1.3607364107541395,pre_covid
2020-02-25 10:00:00,NORMAL,1.3064086375679151,0.017962380261771337,-2.329082497464983,-1.3607364107541395,pre_covid
2020-02-25 11:00:00,NORMAL,1.2869971795856032,0.012948633084384764,-2.078579677205008,-1.3607364107541395,pre_covid
2020-02-25 12:00:00,NORMAL,1.2677023428593501,0.009455632784152262,-2.0608432111475037,-1.3607364107541395,pre_covid
2020-02-25 13:00:00,NORMAL,1.2487731501524473,0.005545325313213437,-2.088151571961398,-1.3607364107541395,pre_covid
2020-02-25 14:00:00,NORMAL,1.2294690884913981,0.000253075060458204,-2.124456233936876,-1.3607364107541395,pre_covid
2020-02-25 15:00:00,NORMAL,1.2099831390251008,-0.006287582379097867,-2.032916385737178,-1.3607364107541395,pre_covid
2020-02-25 16:00:00,NORMAL,1.1898201189144102,-0.010671620235681542,-1.849491062410443,-1.3607364107541395,pre_covid
2020-02-25 17:00:00,NORMAL,1.1703323842800917,-0.015511272421673583,-1.5102867479412774,-1.3607364107541395,pre_covid
2020-02-25 18:00:00,NORMAL,1.1534394990120995,-0.019036137380285773,-0.9967553633597501,-1.3607364107541395,pre_covid
2020-02-25 19:00:00,NORMAL,1.1382782959538165,-0.021416651094069067,-0.42578096911692825,-1.3607364107541395,pre_covid
2020-02-25 20:00:00,NORMAL,1.1240623271776744,-0.02232474493803706,-0.022007703802865562,-1.3607364107541395,pre_covid
2020-02-25 21:00:00,NORMAL,1.1093558620720976,-0.02458657990510614,0.21407477674844322,-1.3607364107541395,pre_covid
2020-02-25 22:00:00,NORMAL,1.0951188441459667,-0.02566230622465987,0.26624148570456435,-1.3607364107541395,pre_covid
2020-02-25 23:00:00,NORMAL,1.079881149622364,-0.024691111238946167,0.41977517137626225,-1.3607364107541395,pre_covid
2020-02-26 00:00:00,NORMAL,1.0673468510057182,-0.025160452560133814,0.7064803775692343,-1.3607364107541395,pre_covid
2020-02-26 01:00:00,NORMAL,1.0556046696394703,-0.024915180360136766,0.916218104813887,-1.3607364107541395,pre_covid
2020-02-26 02:00:00,NORMAL,1.04554655925531,-0.023251341927339107,1.1220344435206118,-1.3607364107541395,pre_covid
2020-02-26 03:00:00,NORMAL,1.0352323432295942,-0.021529277399197074,1.051815567061236,-1.3607364107541395,pre_covid
2020-02-26 04:00:00,NORMAL,1.022382422478103,-0.019321511029112923,0.9311677835773717,-1.3607364107541395,pre_covid
2020-02-26 05:00:00,NORMAL,1.0056659610581145,-0.016534980429998226,0.7894529460818619,-1.3607364107541395,pre_covid
2020-02-26 06:00:00,NORMAL,0.9900286271168209,-0.011983605285955962,0.4862961246057566,-1.3607364107541395,pre_covid
2020-02-26 07:00:00,NORMAL,0.9747319799689682,-0.0035557539101739462,-0.07221979560487857,-1.3607364107541395,pre_covid
2020-02-26 08:00:00,NORMAL,0.9612402438378554,0.0063026971436000835,-0.4350764884803693,-1.3607364107541395,pre_covid
2020-02-26 09:00:00,NORMAL,0.9489996714316372,0.02153536013845545,-0.3939602296841564,-1.3607364107541395,pre_covid
2020-02-26 10:00:00,NORMAL,0.939797323395506,0.03738964349630898,-0.2434756902436644,-1.3607364107541395,pre_covid
2020-02-26 11:00:00,NORMAL,0.930758819685232,0.0509141470105843,-0.07228158853569784,-1.3607364107541395,pre_covid
2020-02-26 12:00:00,NORMAL,0.923056555185828,0.06488923912635876,0.14679276432471075,-1.3607364107541395,pre_covid
2020-02-26 13:00:00,NORMAL,0.9154714308677162,0.07962784344009784,0.20362243923757872,-1.3607364107541395,pre_covid
2020-02-26 14:00:00,NORMAL,0.9071907242884917,0.09610799289653048,0.29293778254205,-1.3607364107541395,pre_covid
2020-02-26 15:00:00,NORMAL,0.8969615277386306,0.11144388038379399,0.26204526723383104,-1.3607364107541395,pre_covid
2020-02-26 16:00:00,NORMAL,0.886616223254065,0.12353771864312807,0.31527309099544937,-1.3607364107541395,pre_covid
2020-02-26 17:00:00,NORMAL,0.8765469789132154,0.13401309638509007,0.7191152918326255,-1.3607364107541395,pre_covid
2020-02-26 18:00:00,NORMAL,0.8660153581714932,0.142075279532862,1.2153571435958141,-1.3607364107541395,pre_covid
2020-02-26 19:00:00,NORMAL,0.855506896512669,0.14716694729154,1.3473519875676878,-1.3607364107541395,pre_covid
2020-02-26 20:00:00,NORMAL,0.8457802491454066,0.15150090296899016,1.766821791572698,-1.3607364107541395,pre_covid
2020-02-26 21:00:00,NORMAL,0.8351116840661051,0.15548212016262028,1.8452446942317153,-1.3607364107541395,pre_covid
2020-02-26 22:00:00,NORMAL,0.8222303164006587,0.1587232981600561,1.6926887058073423,-1.3607364107541395,pre_covid
2020-02-26 23:00:00,NORMAL,0.8065881829192947,0.16109062449584152,1.9603329304043728,-1.3607364107541395,pre_covid
2020-02-27 00:00:00,NORMAL,0.7903709887536132,0.16276730514900206,1.7440264397738083,-1.3607364107541395,pre_covid
2020-02-27 01:00:00,NORMAL,0.7754505162320063,0.16388954214306234,1.8694156397560033,-1.3607364107541395,pre_covid
2020-02-27 02:00:00,NORMAL,0.7604192237871029,0.16371401090842497,1.8621588627012766,-1.3607364107541395,pre_covid
2020-02-27 03:00:00,NORMAL,0.7484616172572024,0.16509696328838933,2.4152168697233725,-1.3607364107541395,pre_covid
2020-02-27 04:00:00,NORMAL,0.7406025611027807,0.16671824447308572,2.4295398094694147,-1.3607364107541395,pre_covid
2020-02-27 05:00:00,NORMAL,0.7338533451953714,0.16771521170061612,2.108185755058016,-1.3607364107541395,pre_covid
2020-02-27 06:00:00,NORMAL,0.7287324890475431,0.1679696589019142,1.8768811748075134,-1.3607364107541395,pre_covid
2020-02-27 07:00:00,NORMAL,0.7260882072929827,0.16788547456032799,1.6837099684368777,-1.3607364107541395,pre_covid
2020-02-27 08:00:00,NORMAL,0.7245167468215095,0.1681265662912973,1.3686215259183636,-1.3607364107541395,pre_covid
2020-02-27 09:00:00,NORMAL,0.723861963714555,0.16354686725516887,1.1528410224555279,-1.3607364107541395,pre_covid
2020-02-27 10:00:00,NORMAL,0.7218363370309326,0.15706906303098697,1.0724324146728674,-1.3607364107541395,pre_covid
2020-02-27 11:00:00,NORMAL,0.7211509496792067,0.15132985623450138,1.1915438347138256,-1.3607364107541395,pre_covid
2020-02-27 12:00:00,NORMAL,0.7209378927207778,0.1437863216282251,1.2292559307951842,-1.3607364107541395,pre_covid
2020-02-27 13:00:00,NORMAL,0.7217274795767114,0.135723206389911,1.330129435825536,-1.3607364107541395,pre_covid
2020-02-27 14:00:00,NORMAL,0.7214613190242013,0.1262478902962029,1.3111202972770664,-1.3607364107541395,pre_covid
2020-02-27 15:00:00,NORMAL,0.7224766336033712,0.11786621930467879,1.256498548542275,-1.3607364107541395,pre_covid
2020-02-27 16:00:00,NORMAL,0.7234305652015899,0.11222848171817688,1.5498267651133877,-1.3607364107541395,pre_covid
2020-02-27 17:00:00,NORMAL,0.7228796926722653,0.10744808195516925,1.8699252263756294,-1.3607364107541395,pre_covid
2020-02-27 18:00:00,NORMAL,0.7231580205568457,0.10262730135432857,1.9895060303589631,-1.3607364107541395,pre_covid
2020-02-27 19:00:00,NORMAL,0.725032446041382,0.10005187092191559,2.2862492815747473,-1.3607364107541395,pre_covid
2020-02-27 20:00:00,NORMAL,0.7255196160315412,0.09657229905016694,2.268600600259711,-1.3607364107541395,pre_covid
2020-02-27 21:00:00,NORMAL,0.7261152585347591,0.09417310582203609,2.570703611032383,-1.3607364107541395,pre_covid
2020-02-27 22:00:00,NORMAL,0.7264501486269387,0.09268115773801637,2.6038191143589455,-1.3607364107541395,pre_covid
2020-02-27 23:00:00,NORMAL,0.7241939315297592,0.09060376078152932,2.648520773538653,-1.3607364107541395,pre_covid
2020-02-28 00:00:00,NORMAL,0.7227382173788894,0.09018253101473833,2.6624545311471968,-1.3607364107541395,pre_covid
2020-02-28 01:00:00,NORMAL,0.7210151674328573,0.0896742740761975,2.6618564086420307,-1.3607364107541395,pre_covid
2020-02-28 02:00:00,NORMAL,0.7192640586027783,0.08987241393819327,2.7194590874821563,-1.3607364107541395,pre_covid
2020-02-28 03:00:00,NORMAL,0.720397429518281,0.0887058895826512,3.3549629999540276,-1.3607364107541395,pre_covid
2020-02-28 04:00:00,NORMAL,0.7336763808229076,0.09138752335842604,5.297382942143062,-1.3607364107541395,pre_covid
2020-02-28 05:00:00,NORMAL,0.7452955203677943,0.09451960428331481,4.862176567544379,-1.3607364107541395,pre_covid
2020-02-28 06:00:00,NORMAL,0.7571598658329339,0.0981000196708064,4.825653005195566,-1.3607364107541395,pre_covid
2020-02-28 07:00:00,NORMAL,0.7670692175548278,0.0973463996511621,3.457560818534682,-1.3607364107541395,pre_covid
2020-02-28 08:00:00,NORMAL,0.7741881082351767,0.09443506178187656,2.7171105508740556,-1.3607364107541395,pre_covid
2020-02-28 09:00:00,NORMAL,0.7815401406592647,0.0919553348609764,2.3269118876186,-1.3607364107541395,pre_covid
2020-02-28 10:00:00,NORMAL,0.7872028265277405,0.0900144296211532,2.100325069467363,-1.3607364107541395,pre_covid
2020-02-28 11:00:00,NORMAL,0.7939009395185019,0.08825800156013625,2.1780079443717093,-1.3607364107541395,pre_covid
2020-02-28 12:00:00,NORMAL,0.8005279590463004,0.08747514643037035,2.2276519403386557,-1.3607364107541395,pre_covid
2020-02-28 13:00:00,NORMAL,0.8065756893577533,0.08527215927178951,2.0157019183894875,-1.3607364107541395,pre_covid
2020-02-28 14:00:00,NORMAL,0.8126912945504957,0.0836865016268682,2.028901693447184,-1.3607364107541395,pre_covid
2020-02-28 15:00:00,NORMAL,0.8191786623936056,0.08287389169381118,2.1382148429778725,-1.3607364107541395,pre_covid
2020-02-28 16:00:00,NORMAL,0.8251062853434035,0.08024007982224844,2.160312808432677,-1.3607364107541395,pre_covid
2020-02-28 17:00:00,NORMAL,0.8330744275143741,0.07917846031894746,2.7517715191515433,-1.3607364107541395,pre_covid
2020-02-28 18:00:00,NORMAL,0.842705838610408,0.08019631201537068,3.2018482331287865,-1.3607364107541395,pre_covid
2020-02-28 19:00:00,NORMAL,0.850825791971114,0.07939575203659054,2.9353042028962535,-1.3607364107541395,pre_covid
2020-02-28 20:00:00,NORMAL,0.8569915485022744,0.07991111443020725,3.010945777625871,-1.3607364107541395,pre_covid
2020-02-28 21:00:00,NORMAL,0.8608344517898894,0.078568552356097,2.7060460567591136,-1.3607364107541395,pre_covid
2020-02-28 22:00:00,NORMAL,0.8605696517950375,0.07505174933386222,1.9778386904330763,-1.3607364107541395,pre_covid
2020-02-28 23:00:00,NORMAL,0.8649241953382371,0.07388956488452658,2.791629367056112,-1.3607364107541395,pre_covid
2020-02-29 00:00:00,NORMAL,0.8675091699841903,0.07226503526857045,2.8005684840424894,-1.3607364107541395,pre_covid
2020-02-29 01:00:00,NORMAL,0.8707759279226953,0.07097179069304554,3.1605868210843484,-1.3607364107541395,pre_covid
2020-02-29 02:00:00,NORMAL,0.8744919228395203,0.06979460472757597,3.084303320657396,-1.3607364107541395,pre_covid
2020-02-29 03:00:00,NORMAL,0.8788842454665425,0.06746836465384885,3.317912076589673,-1.3607364107541395,pre_covid
2020-02-29 04:00:00,NORMAL,0.8809548424308695,0.05697996355255358,3.1938144826782713,-1.3607364107541395,pre_covid
2020-02-29 05:00:00,NORMAL,0.8851131294006057,0.045953246565954876,3.9263639464145728,-1.3607364107541395,pre_covid
2020-02-29 06:00:00,NORMAL,0.888953682442747,0.0321523564508564,3.4168484520741735,-1.3607364107541395,pre_covid
2020-02-29 07:00:00,NORMAL,0.8928329248597942,0.01951692307015651,3.1259275036709027,-1.3607364107541395,pre_covid
2020-02-29 08:00:00,NORMAL,0.8972851527674961,0.006713469754781286,2.3940115234897377,-1.3607364107541395,pre_covid
2020-02-29 09:00:00,NORMAL,0.9051805894774367,-0.0035357180897055817,2.6479926931396434,-1.3607364107541395,pre_covid
2020-02-29 10:00:00,NORMAL,0.9155870980470003,-0.011897611463477044,2.8975707833653446,-1.3607364107541395,pre_covid
2020-02-29 11:00:00,NORMAL,0.9260537627165549,-0.02087261198223415,2.9924958016886767,-1.3607364107541395,pre_covid
2020-02-29 12:00:00,NORMAL,0.9376789356218476,-0.03031866997250653,3.3539981852450267,-1.3607364107541395,pre_covid
2020-02-29 13:00:00,NORMAL,0.950605086226379,-0.03823052652131347,3.816314419431878,-1.3607364107541395,pre_covid
2020-02-29 14:00:00,NORMAL,0.9636308377928154,-0.046796496750654164,3.754284572040256,-1.3607364107541395,pre_covid
2020-02-29 15:00:00,NORMAL,0.9744576317090443,-0.05695208480653625,3.5134812468037953,-1.3607364107541395,pre_covid
2020-02-29 16:00:00,NORMAL,0.9822715880606975,-0.06528820816082966,3.1453591648563632,-1.3607364107541395,pre_covid
2020-02-29 17:00:00,NORMAL,0.9889459968004143,-0.07298045100999075,3.0745334495154863,-1.3607364107541395,pre_covid
2020-02-29 18:00:00,NORMAL,0.9959789392726751,-0.08058473743189466,3.1542329649361456,-1.3607364107541395,pre_covid
2020-02-29 19:00:00,NORMAL,1.0000865456547778,-0.0862218037310178,2.7524920067597507,-1.3607364107541395,pre_covid
2020-02-29 20:00:00,NORMAL,1.0066628377951392,-0.09115266182299299,3.1115361949392977,-1.3607364107541395,pre_covid
2020-02-29 21:00:00,NORMAL,1.0135147175445407,-0.0934601965129958,3.181974643981022,-1.3607364107541395,pre_covid
2020-02-29 22:00:00,NORMAL,1.0254061358691886,-0.09153928631134045,3.4378962465626266,-1.3607364107541395,pre_covid
2020-02-29 23:00:00,NORMAL,1.0356240857863475,-0.09199001838657046,3.7816819325719893,-1.3607364107541395,pre_covid
2020-03-01 00:00:00,NORMAL,1.0426205326836948,-0.09296738334145005,2.524412392029509,-1.3607364107541395,covid_onset
2020-03-01 01:00:00,NORMAL,1.0476788143855034,-0.09494258938329804,2.30765355420318,-1.3607364107541395,covid_onset
2020-03-01 02:00:00,NORMAL,1.0554543341928075,-0.09659560550681079,2.631242439526174,-1.3607364107541395,covid_onset
2020-03-01 03:00:00,NORMAL,1.062188882712471,-0.09750890684743548,2.4783410651205062,-1.3607364107541395,covid_onset
2020-03-01 04:00:00,NORMAL,1.067287190408668,-0.09441564583577462,2.1469815705645567,-1.3607364107541395,covid_onset
2020-03-01 05:00:00,NORMAL,1.067848646816536,-0.09261464898395555,1.5193824040268658,-1.3607364107541395,covid_onset
2020-03-01 06:00:00,NORMAL,1.0692805847908258,-0.08981691195727533,1.143569373283205,-1.3607364107541395,covid_onset
2020-03-01 07:00:00,NORMAL,1.0699452061414028,-0.08794160986242282,0.49241613467994083,-1.3607364107541395,covid_onset
2020-03-01 08:00:00,NORMAL,1.0698023337067235,-0.08770109148916515,-0.11986638938792345,-1.3607364107541395,covid_onset
2020-03-01 09:00:00,NORMAL,1.0721492078606456,-0.09153616595976609,-0.12189605230408053,-1.3607364107541395,covid_onset
2020-03-01 10:00:00,NORMAL,1.0749361204672792,-0.09793938222700714,-0.19544837188650868,-1.3607364107541395,covid_onset
2020-03-01 11:00:00,NORMAL,1.0790525719365864,-0.1021461268846194,-0.06062776107891659,-1.3607364107541395,covid_onset
2020-03-01 12:00:00,NORMAL,1.0823553297158846,-0.10501471592310013,0.10190950696340872,-1.3607364107541395,covid_onset
2020-03-01 13:00:00,NORMAL,1.0869627915804319,-0.10801590646201831,0.36699267067918045,-1.3607364107541395,covid_onset
2020-03-01 14:00:00,NORMAL,1.091413747038471,-0.11016718798854581,0.47416987668065563,-1.3607364107541395,covid_onset
2020-03-01 15:00:00,NORMAL,1.0981889503710325,-0.10976179997902853,0.6668365692132526,-1.3607364107541395,covid_onset
2020-03-01 16:00:00,NORMAL,1.1064316125694267,-0.10815682379683698,1.0584564772061396,-1.3607364107541395,covid_onset
2020-03-01 17:00:00,NORMAL,1.1182181496615529,-0.10552951709201151,1.798743454976645,-1.3607364107541395,covid_onset
2020-03-01 18:00:00,NORMAL,1.1289573282627845,-0.10351001620158524,1.595240604254717,-1.3607364107541395,covid_onset
2020-03-01 19:00:00,NORMAL,1.141030685457325,-0.09987055182708161,2.0039038047844606,-1.3607364107541395,covid_onset
2020-03-01 20:00:00,NORMAL,1.1518569451074367,-0.09705421621301491,2.212488455151458,-1.3607364107541395,covid_onset
2020-03-01 21:00:00,NORMAL,1.1616237062080654,-0.0962350265771882,1.8137911947103615,-1.3607364107541395,covid_onset
2020-03-01 22:00:00,NORMAL,1.1702820333126436,-0.0988264896737842,1.750683620881206,-1.3607364107541395,covid_onset
2020-03-01 23:00:00,NORMAL,1.1808637965306577,-0.09999608325611892,2.2805662223923817,-1.3607364107541395,covid_onset
2020-03-02 00:00:00,NORMAL,1.1940472903417974,-0.10052359235096635,2.0581835585250703,-1.3607364107541395,covid_onset
2020-03-02 01:00:00,NORMAL,1.2024930625885262,-0.10053100013921377,1.4619050614466562,-1.3607364107541395,covid_onset
2020-03-02 02:00:00,NORMAL,1.208749552441611,-0.10225778608312967,1.278144370598517,-1.3607364107541395,covid_onset
2020-03-02 03:00:00,NORMAL,1.216313678454291,-0.10280039028402273,1.5221033619657942,-1.3607364107541395,covid_onset
2020-03-02 04:00:00,NORMAL,1.2229603365704282,-0.10293363194558484,1.412242791229772,-1.3607364107541395,covid_onset
2020-03-02 05:00:00,NORMAL,1.2312355116538412,-0.09938523689195795,1.4617128192938733,-1.3607364107541395,covid_onset
2020-03-02 06:00:00,NORMAL,1.243685632270733,-0.09214083796896598,1.7321646794349392,-1.3607364107541395,covid_onset
2020-03-02 07:00:00,NORMAL,1.2582356676886837,-0.07877926796821082,1.37372841738685,-1.3607364107541395,covid_onset
2020-03-02 08:00:00,NORMAL,1.2750696312293441,-0.056925582944438564,1.3768179027765053,-1.3607364107541395,covid_onset
2020-03-02 09:00:00,NORMAL,1.2935147731656813,-0.03232485451815131,1.3840968142546306,-1.3607364107541395,covid_onset
2020-03-02 10:00:00,NORMAL,1.312548150835069,-0.005789957002193452,1.4598064037524925,-1.3607364107541395,covid_onset
2020-03-02 11:00:00,NORMAL,1.330220756510934,0.017723734389103383,1.29281991916094,-1.3607364107541395,covid_onset
2020-03-02 12:00:00,NORMAL,1.3489970376652023,0.039870722365351684,1.4384472280401448,-1.3607364107541395,covid_onset
2020-03-02 13:00:00,NORMAL,1.3675341663861078,0.06183587167250567,1.3662629089371658,-1.3607364107541395,covid_onset
2020-03-02 14:00:00,NORMAL,1.386821460507627,0.08446965489121061,1.6047365674646719,-1.3607364107541395,covid_onset
2020-03-02 15:00:00,NORMAL,1.4062267661514387,0.10495093635924425,1.7693715990251548,-1.3607364107541395,covid_onset
2020-03-02 16:00:00,NORMAL,1.425349031740783,0.12050595508239832,1.737130522026126,-1.3607364107541395,covid_onset
2020-03-02 17:00:00,NORMAL,1.4437800614141414,0.12946828018275874,2.172065967243576,-1.3607364107541395,covid_onset
2020-03-02 18:00:00,NORMAL,1.4593259349541952,0.13630889842015634,2.0022645964165524,-1.3607364107541395,covid_onset
2020-03-02 19:00:00,NORMAL,1.4696122183718294,0.13941249277453308,1.3739544922037175,-1.3607364107541395,covid_onset
2020-03-02 20:00:00,NORMAL,1.4786479059662891,0.14180725620756607,1.3739646785409885,-1.3607364107541395,covid_onset
2020-03-02 21:00:00,NORMAL,1.4869892714837434,0.14593034951332767,1.5935155916266532,-1.3607364107541395,covid_onset
2020-03-02 22:00:00,NORMAL,1.4962737418878869,0.15061035445053975,1.6785857684572727,-1.3607364107541395,covid_onset
2020-03-02 23:00:00,NORMAL,1.5077252699682286,0.15256740995118584,1.849494563307839,-1.3607364107541395,covid_onset
2020-03-03 00:00:00,NORMAL,1.5191472655630243,0.15402573920066714,2.2793653734240564,-1.3607364107541395,covid_onset
2020-03-03 01:00:00,NORMAL,1.529419445448565,0.15691931839806825,2.1529946580743045,-1.3607364107541395,covid_onset
2020-03-03 02:00:00,NORMAL,1.5388114840035716,0.1608718702258184,1.9239377137312796,-1.3607364107541395,covid_onset
2020-03-03 03:00:00,NORMAL,1.5492939132274384,0.16374738637866612,2.065281235603229,-1.3607364107541395,covid_onset
2020-03-03 04:00:00,NORMAL,1.5603958622843515,0.16636146171778451,2.026203067050028,-1.3607364107541395,covid_onset
2020-03-03 05:00:00,NORMAL,1.5719110240735314,0.1663315136864913,1.8464690299774558,-1.3607364107541395,covid_onset
2020-03-03 06:00:00,NORMAL,1.5905563642790908,0.16410725694785885,2.4229693536919363,-1.3607364107541395,covid_onset
2020-03-03 07:00:00,NORMAL,1.6140132742067517,0.15801077863080423,2.322869939642514,-1.3607364107541395,covid_onset
2020-03-03 08:00:00,NORMAL,1.6374500808100072,0.14516680600518503,2.023958710240993,-1.3607364107541395,covid_onset
2020-03-03 09:00:00,NORMAL,1.6601940850324968,0.13017659942185586,1.4343796377755575,-1.3607364107541395,covid_onset
2020-03-03 10:00:00,NORMAL,1.681583053677457,0.1138055110253323,1.264264234888312,-1.3607364107541395,covid_onset
2020-03-03 11:00:00,NORMAL,1.7019972535330805,0.09973793212884857,1.3510058985397824,-1.3607364107541395,covid_onset
2020-03-03 12:00:00,NORMAL,1.7220196359281215,0.08577124289839223,1.3029170312193687,-1.3607364107541395,covid_onset
2020-03-03 13:00:00,NORMAL,1.742808168984129,0.0721661728813654,1.4043219814478605,-1.3607364107541395,covid_onset
2020-03-03 14:00:00,NORMAL,1.7647131481278135,0.057342674955761765,1.555580262202173,-1.3607364107541395,covid_onset
2020-03-03 15:00:00,NORMAL,1.7869403965996706,0.043086174832843736,1.7012613575347397,-1.3607364107541395,covid_onset
2020-03-03 16:00:00,NORMAL,1.8083755099476893,0.03218979584333586,1.751607980056693,-1.3607364107541395,covid_onset
2020-03-03 17:00:00,NORMAL,1.8289460887274798,0.025322399129783693,1.9455704870635546,-1.3607364107541395,covid_onset
2020-03-03 18:00:00,NORMAL,1.8506143075600336,0.022086594599552218,2.643505400509276,-1.3607364107541395,covid_onset
2020-03-03 19:00:00,NORMAL,1.864011900331146,0.020622563509070574,1.8250146164299916,-1.3607364107541395,covid_onset
2020-03-03 20:00:00,NORMAL,1.8742192979347927,0.019526718531871042,1.692835093609789,-1.3607364107541395,covid_onset
2020-03-03 21:00:00,NORMAL,1.884074844924442,0.01733808073052696,1.869806671009472,-1.3607364107541395,covid_onset
2020-03-03 22:00:00,NORMAL,1.894557452702181,0.015603341905500246,2.02731959236471,-1.3607364107541395,covid_onset
2020-03-03 23:00:00,NORMAL,1.9035729988392576,0.015159894882977268,1.934386922405199,-1.3607364107541395,covid_onset
2020-03-04 00:00:00,NORMAL,1.9124094463338235,0.01453243137997374,2.1910035566563275,-1.3607364107541395,covid_onset
2020-03-04 01:00:00,NORMAL,1.9180964078261193,0.012457707867074341,1.8716276355195927,-1.3607364107541395,covid_onset
2020-03-04 02:00:00,NORMAL,1.9241988224512694,0.011535490048986791,2.147240100545762,-1.3607364107541395,covid_onset
2020-03-04 03:00:00,NORMAL,1.9305804825803217,0.01049425699905992,2.123934468742025,-1.3607364107541395,covid_onset
2020-03-04 04:00:00,NORMAL,1.937872870119807,0.009485191346813068,2.1562888902108766,-1.3607364107541395,covid_onset
2020-03-04 05:00:00,NORMAL,1.9446053932259024,0.008849866102979321,1.920516827905953,-1.3607364107541395,covid_onset
2020-03-04 06:00:00,NORMAL,1.9546683080027056,0.006977806529369616,2.1768658071086793,-1.3607364107541395,covid_onset
2020-03-04 07:00:00,NORMAL,1.967215130616298,0.004431761828374808,2.035646403478644,-1.3607364107541395,covid_onset
2020-03-04 08:00:00,NORMAL,1.978802541489961,0.0019855362576124396,1.5116085382950324,-1.3607364107541395,covid_onset
2020-03-04 09:00:00,NORMAL,1.9894455416818628,0.001785489139024062,1.3940638025552865,-1.3607364107541395,covid_onset
2020-03-04 10:00:00,NORMAL,1.9992880276852494,0.0025727115917850546,1.4100619583252785,-1.3607364107541395,covid_onset
2020-03-04 11:00:00,NORMAL,2.007347128130096,0.0022832824836415194,1.2816472861985628,-1.3607364107541395,covid_onset
2020-03-04 12:00:00,NORMAL,2.015406150234859,0.0030298045599100863,1.5007084779248492,-1.3607364107541395,covid_onset
2020-03-04 13:00:00,NORMAL,2.023371539020923,0.003258815145560722,1.541807755296376,-1.3607364107541395,covid_onset
2020-03-04 14:00:00,NORMAL,2.0308375852373297,0.0033528744641728556,1.547233546898389,-1.3607364107541395,covid_onset
2020-03-04 15:00:00,NORMAL,2.0386216623284126,0.0032076230124759952,1.5697702185357567,-1.3607364107541395,covid_onset
2020-03-04 16:00:00,NORMAL,2.0483473779117083,0.0035981533175894697,1.9491933089891826,-1.3607364107541395,covid_onset
2020-03-04 17:00:00,NORMAL,2.060672492498093,0.005643687312790936,2.789734542345149,-1.3607364107541395,covid_onset
2020-03-04 18:00:00,NORMAL,2.0675618237530267,0.004081525030782337,2.37276479442474,-1.3607364107541395,covid_onset
2020-03-04 19:00:00,NORMAL,2.069169824033113,0.002401142299914479,1.6174960346221714,-1.3607364107541395,covid_onset
2020-03-04 20:00:00,NORMAL,2.0673695515601116,0.000913755691322975,1.4643760161084673,-1.3607364107541395,covid_onset
2020-03-04 21:00:00,NORMAL,2.0661089576326312,-0.0004479167173853607,1.6334649144149738,-1.3607364107541395,covid_onset
2020-03-04 22:00:00,NORMAL,2.065945555900005,-0.002231824880535598,1.6652372147261858,-1.3607364107541395,covid_onset
2020-03-04 23:00:00,NORMAL,2.066160433683394,-0.002282357393389801,1.9964323980136702,-1.3607364107541395,covid_onset
2020-03-05 00:00:00,NORMAL,2.068165624789419,-0.0023270436929748606,2.0808985455859927,-1.3607364107541395,covid_onset
2020-03-05 01:00:00,NORMAL,2.0700346005376535,-0.00108368510022665,2.1834035654594075,-1.3607364107541395,covid_onset
2020-03-05 02:00:00,NORMAL,2.0716166468457717,-0.0015871699764174513,2.127942642465152,-1.3607364107541395,covid_onset
2020-03-05 03:00:00,NORMAL,2.0690682853921825,-0.001993700060950176,1.9870921455204458,-1.3607364107541395,covid_onset
2020-03-05 04:00:00,NORMAL,2.0668595813448367,-0.00245003168806127,2.058477529515258,-1.3607364107541395,covid_onset
2020-03-05 05:00:00,NORMAL,2.0660902534693575,-0.002481669291438988,1.9789386719775621,-1.3607364107541395,covid_onset
2020-03-05 06:00:00,NORMAL,2.067591133517359,-0.002096119326934456,2.129029022871751,-1.3607364107541395,covid_onset
2020-03-05 07:00:00,NORMAL,2.069304097406045,-0.0016546632403579354,1.971487901736073,-1.3607364107541395,covid_onset
2020-03-05 08:00:00,NORMAL,2.071824168067342,2.5185240263800516e-06,1.791993397016403,-1.3607364107541395,covid_onset
2020-03-05 09:00:00,NORMAL,2.0721150208160655,-0.0003336131376809089,1.2017042842409695,-1.3607364107541395,covid_onset
2020-03-05 10:00:00,NORMAL,2.072056637740242,-0.001471718235857526,1.0626240579344899,-1.3607364107541395,covid_onset
2020-03-05 11:00:00,NORMAL,2.0721832887508564,-0.0014711020298229305,1.2128212044971347,-1.3607364107541395,covid_onset
2020-03-05 12:00:00,NORMAL,2.0730898506590774,-0.002180214552263473,1.381558331376268,-1.3607364107541395,covid_onset
2020-03-05 13:00:00,NORMAL,2.073214576108476,-0.002933476863391472,1.3510833113245118,-1.3607364107541395,covid_onset
2020-03-05 14:00:00,NORMAL,2.0729787547036786,-0.0035520754734555335,1.2715023012711526,-1.3607364107541395,covid_onset
2020-03-05 15:00:00,NORMAL,2.0754982520564,-0.002999016001355102,1.6797741037993814,-1.3607364107541395,covid_onset
2020-03-05 16:00:00,NORMAL,2.076822899462966,-0.0037938259395128796,1.7723675294164165,-1.3607364107541395,covid_onset
2020-03-05 17:00:00,NORMAL,2.077966765648873,-0.0067513452823473015,2.0620947456081087,-1.3607364107541395,covid_onset
2020-03-05 18:00:00,NORMAL,2.0823251747710967,-0.005702832754116138,2.7217187628925275,-1.3607364107541395,covid_onset
2020-03-05 19:00:00,NORMAL,2.0799068593668784,-0.004517782339023837,1.879972293666131,-1.3607364107541395,covid_onset
2020-03-05 20:00:00,NORMAL,2.0769030062627274,-0.003088134165524552,1.7639532787622874,-1.3607364107541395,covid_onset
2020-03-05 21:00:00,NORMAL,2.07286547524323,-0.0017747170215748024,1.8923983997567246,-1.3607364107541395,covid_onset
2020-03-05 22:00:00,NORMAL,2.069721762628285,0.00016655227786696665,2.075675395048221,-1.3607364107541395,covid_onset
2020-03-05 23:00:00,NORMAL,2.0674678516182414,0.0006245625157819758,2.269863723851379,-1.3607364107541395,covid_onset
2020-03-06 00:00:00,NORMAL,2.0663589959583066,0.001649784998934991,2.4761667802781417,-1.3607364107541395,covid_onset
2020-03-06 01:00:00,NORMAL,2.0645844153933566,0.0013664670169512185,2.3637268737304495,-1.3607364107541395,covid_onset
2020-03-06 02:00:00,NORMAL,2.0619321926891017,0.0017062096785943808,2.2738856731673263,-1.3607364107541395,covid_onset
2020-03-06 03:00:00,NORMAL,2.057664650665211,0.0033522085982291977,2.6380159399403893,-1.3607364107541395,covid_onset
2020-03-06 04:00:00,NORMAL,2.0559703840608115,0.009469513154794454,5.012746152603932,-1.3607364107541395,covid_onset
2020-03-06 05:00:00,NORMAL,2.061198667115571,0.01682231539827891,5.7405281207439876,-1.3607364107541395,covid_onset
2020-03-06 06:00:00,NORMAL,2.0672445467835043,0.024257030377323397,5.841360789408343,-1.3607364107541395,covid_onset
2020-03-06 07:00:00,NORMAL,2.0767876266187986,0.0306293015754775,5.060798230864134,-1.3607364107541395,covid_onset
2020-03-06 08:00:00,NORMAL,2.0848481825388228,0.0348095606867573,4.071283945438091,-1.3607364107541395,covid_onset
2020-03-06 09:00:00,NORMAL,2.091394783473873,0.0402014797353575,3.426740844707094,-1.3607364107541395,covid_onset
2020-03-06 10:00:00,NORMAL,2.0954413588675527,0.04503219453138629,2.7801497356055083,-1.3607364107541395,covid_onset
2020-03-06 11:00:00,NORMAL,2.097583788450644,0.0482141310246268,2.53793611433101,-1.3607364107541395,covid_onset
2020-03-06 12:00:00,NORMAL,2.0970353231050693,0.050165379110337825,2.1355097622821786,-1.3607364107541395,covid_onset
2020-03-06 13:00:00,NORMAL,2.0965647374848566,0.05195551782336247,1.9366435341937567,-1.3607364107541395,covid_onset
2020-03-06 14:00:00,NORMAL,2.094909135643658,0.053719412061881466,1.7507605841258211,-1.3607364107541395,covid_onset
2020-03-06 15:00:00,NORMAL,2.090271871280391,0.0527337844720788,1.3591544299490255,-1.3607364107541395,covid_onset
2020-03-06 16:00:00,NORMAL,2.086541046434784,0.052598292104121015,1.533534234370699,-1.3607364107541395,covid_onset
2020-03-06 17:00:00,NORMAL,2.0806258705944347,0.053360373225694,1.7580219779728137,-1.3607364107541395,covid_onset
2020-03-06 18:00:00,NORMAL,2.0744604468182053,0.05183569930473789,2.166057038722232,-1.3607364107541395,covid_onset
2020-03-06 19:00:00,NORMAL,2.066024126881295,0.05026692380821471,1.5180024534953314,-1.3607364107541395,covid_onset
2020-03-06 20:00:00,NORMAL,2.055969522499602,0.04826890620945965,1.321772241501434,-1.3607364107541395,covid_onset
2020-03-06 21:00:00,NORMAL,2.048229909094895,0.046298850442527045,1.4057910047684068,-1.3607364107541395,covid_onset
2020-03-06 22:00:00,NORMAL,2.045584850385405,0.043914061013795164,1.533468827238754,-1.3607364107541395,covid_onset
2020-03-06 23:00:00,NORMAL,2.0391362011034926,0.0421201497454017,1.708256287694775,-1.3607364107541395,covid_onset
2020-03-07 00:00:00,NORMAL,2.0347782310684432,0.04059496341652844,2.068429518154239,-1.3607364107541395,covid_onset
2020-03-07 01:00:00,NORMAL,2.0284061589167797,0.039361093546086724,2.090078699604804,-1.3607364107541395,covid_onset
2020-03-07 02:00:00,NORMAL,2.0217359105399533,0.03837464082536419,1.9637015933506279,-1.3607364107541395,covid_onset
2020-03-07 03:00:00,NORMAL,2.013964337517678,0.03557415500628429,2.0122878088473573,-1.3607364107541395,covid_onset
2020-03-07 04:00:00,NORMAL,2.0054908293762024,0.023841988461418037,1.7702651149104234,-1.3607364107541395,covid_onset
2020-03-07 05:00:00,NORMAL,1.9936222304490092,0.009244779521739011,1.9324393266461186,-1.3607364107541395,covid_onset
2020-03-07 06:00:00,NORMAL,1.9867108239601696,-0.0056954675423524365,2.2557321619491666,-1.3607364107541395,covid_onset
2020-03-07 07:00:00,NORMAL,1.9813779431714036,-0.020363743207662693,2.2300035311581436,-1.3607364107541395,covid_onset
2020-03-07 08:00:00,NORMAL,1.9784434333217762,-0.03411434995151719,1.9010138687523346,-1.3607364107541395,covid_onset
2020-03-07 09:00:00,NORMAL,1.973955799372649,-0.04695606610363493,1.8940701896863221,-1.3607364107541395,covid_onset
2020-03-07 10:00:00,NORMAL,1.9675215443094514,-0.0580525395620378,1.8166159327480802,-1.3607364107541395,covid_onset
2020-03-07 11:00:00,NORMAL,1.9615930724087165,-0.06769887956701666,1.9965125223652835,-1.3607364107541395,covid_onset
2020-03-07 12:00:00,NORMAL,1.9540424746009375,-0.07570284913380652,2.085497753538178,-1.3607364107541395,covid_onset
2020-03-07 13:00:00,NORMAL,1.9457426507721776,-0.08369538499222695,2.4219440162001544,-1.3607364107541395,covid_onset
2020-03-07 14:00:00,NORMAL,1.9369789090414236,-0.09188041070888649,2.2819759612735915,-1.3607364107541395,covid_onset
2020-03-07 15:00:00,NORMAL,1.9303140747224654,-0.0970849447331444,2.3937890812188045,-1.3607364107541395,covid_onset
2020-03-07 16:00:00,NORMAL,1.9266361539634618,-0.10175209863566205,2.5274684773437652,-1.3607364107541395,covid_onset
2020-03-07 17:00:00,NORMAL,1.9251327012397519,-0.10395998430681426,2.8219533919322126,-1.3607364107541395,covid_onset
2020-03-07 18:00:00,NORMAL,1.92142010974344,-0.1054096596510925,2.5305175935557496,-1.3607364107541395,covid_onset
2020-03-07 19:00:00,NORMAL,1.922238675168737,-0.10566337708499775,2.8900109982096414,-1.3607364107541395,covid_onset
2020-03-07 20:00:00,NORMAL,1.9173077126833218,-0.10609861040345793,2.2831344973895966,-1.3607364107541395,covid_onset
2020-03-07 21:00:00,NORMAL,1.9114405415557978,-0.10637300064907136,2.196289894556979,-1.3607364107541395,covid_onset
2020-03-07 22:00:00,NORMAL,1.9052911007105169,-0.10588593175930555,2.404790184555378,-1.3607364107541395,covid_onset
2020-03-07 23:00:00,NORMAL,1.897949427842525,-0.10445913901158788,2.548280890749371,-1.3607364107541395,covid_onset
2020-03-08 00:00:00,NORMAL,1.895058343354257,-0.10379660338850506,2.0387101980005187,-1.3607364107541395,covid_onset
2020-03-08 01:00:00,NORMAL,1.8962613018252226,-0.10216743982822883,2.5097505773253808,-1.3607364107541395,covid_onset
2020-03-08 02:00:00,NORMAL,1.8955538782797328,-0.10043225324454454,2.5123952838838526,-1.3607364107541395,covid_onset
2020-03-08 03:00:00,NORMAL,1.8957151525145057,-0.09804343268678815,2.5054351365623506,-1.3607364107541395,covid_onset
2020-03-08 04:00:00,NORMAL,1.894794540961641,-0.09177543994125964,1.9923188296833554,-1.3607364107541395,covid_onset
2020-03-08 05:00:00,NORMAL,1.8951039996297427,-0.0854238362468056,1.571371460267923,-1.3607364107541395,covid_onset
2020-03-08 06:00:00,NORMAL,1.8956456534115431,-0.08016435897081305,1.2345672086256783,-1.3607364107541395,covid_onset
2020-03-08 07:00:00,NORMAL,1.896746341559331,-0.07595622405252363,0.6773317435082606,-1.3607364107541395,covid_onset
2020-03-08 08:00:00,NORMAL,1.8988461947997974,-0.07267162745856558,0.23290895501052122,-1.3607364107541395,covid_onset
2020-03-08 09:00:00,NORMAL,1.8992381795854267,-0.07219145995564503,-0.056042608318454264,-1.3607364107541395,covid_onset
2020-03-08 10:00:00,NORMAL,1.90000865662382,-0.07244828238079022,-0.06600822943639784,-1.3607364107541395,covid_onset
2020-03-08 11:00:00,NORMAL,1.9004757207647305,-0.07262738522161259,0.017839014594090055,-1.3607364107541395,covid_onset
2020-03-08 12:00:00,NORMAL,1.9003266250079232,-0.0723982064031619,0.07686141981975732,-1.3607364107541395,covid_onset
2020-03-08 13:00:00,NORMAL,1.8993696990422948,-0.07169611759982046,0.20622910845358372,-1.3607364107541395,covid_onset
2020-03-08 14:00:00,NORMAL,1.8985476148617868,-0.06989832480265948,0.33605973435535236,-1.3607364107541395,covid_onset
2020-03-08 15:00:00,NORMAL,1.898314121264991,-0.06859536379833699,0.627609644951571,-1.3607364107541395,covid_onset
2020-03-08 16:00:00,NORMAL,1.8973545496084052,-0.06738934259118932,0.8972484388996401,-1.3607364107541395,covid_onset
2020-03-08 17:00:00,NORMAL,1.8943778988277917,-0.06794782866894064,1.2986661238335997,-1.3607364107541395,covid_onset
2020-03-08 18:00:00,NORMAL,1.8935963472435506,-0.06775115621586679,1.463939938102309,-1.3607364107541395,covid_onset
2020-03-08 19:00:00,NORMAL,1.890029758012114,-0.06945253352558727,1.4047168139030133,-1.3607364107541395,covid_onset
2020-03-08 20:00:00,NORMAL,1.8871871236681326,-0.06886031074420737,1.734925885362646,-1.3607364107541395,covid_onset
2020-03-08 21:00:00,NORMAL,1.8888593907600548,-0.06750268792081475,2.094732066153252,-1.3607364107541395,covid_onset
2020-03-08 22:00:00,NORMAL,1.8903456004296828,-0.0674417636306462,2.0003668453787293,-1.3607364107541395,covid_onset
2020-03-08 23:00:00,NORMAL,1.8902049999933463,-0.06825122180731862,2.256945349087811,-1.3607364107541395,covid_onset
2020-03-09 00:00:00,NORMAL,1.8881705928227919,-0.0689380648269621,1.7164031538719002,-1.3607364107541395,covid_onset
2020-03-09 01:00:00,NORMAL,1.8884067208421944,-0.07138213285192622,1.5015745687063262,-1.3607364107541395,covid_onset
2020-03-09 02:00:00,NORMAL,1.8895161710789246,-0.07441211124224753,1.4645320103691957,-1.3607364107541395,covid_onset
2020-03-09 03:00:00,NORMAL,1.8886412599888716,-0.0774246591936404,1.3751182988368906,-1.3607364107541395,covid_onset
2020-03-09 04:00:00,NORMAL,1.8885909809941457,-0.0789381675907183,1.403795920115775,-1.3607364107541395,covid_onset
2020-03-09 05:00:00,NORMAL,1.890171419039656,-0.07691502378946426,1.7272264109396693,-1.3607364107541395,covid_onset
2020-03-09 06:00:00,NORMAL,1.8921176750342807,-0.07048603581448863,2.0591356865318353,-1.3607364107541395,covid_onset
2020-03-09 07:00:00,NORMAL,1.8946099274340353,-0.05783789990321941,1.792426820545685,-1.3607364107541395,covid_onset
2020-03-09 08:00:00,NORMAL,1.8991999227529686,-0.03764878778846615,2.147937116357281,-1.3607364107541395,covid_onset
2020-03-09 09:00:00,NORMAL,1.900610517548587,-0.014857833256967436,1.6210767399185448,-1.3607364107541395,covid_onset
2020-03-09 10:00:00,NORMAL,1.9010062895423838,0.007750397398477912,1.5262960987103475,-1.3607364107541395,covid_onset
2020-03-09 11:00:00,NORMAL,1.901564720991014,0.028601939233833192,1.386636402530799,-1.3607364107541395,covid_onset
2020-03-09 12:00:00,NORMAL,1.9022473359087735,0.048813160027151026,1.553126534223695,-1.3607364107541395,covid_onset
2020-03-09 13:00:00,NORMAL,1.9033015125192678,0.06966028349256886,1.5433645795002489,-1.3607364107541395,covid_onset
2020-03-09 14:00:00,NORMAL,1.9019513903218606,0.08949491701912025,1.3779160383002576,-1.3607364107541395,covid_onset
2020-03-09 15:00:00,NORMAL,1.8996261416444709,0.10719348379722028,1.3787298212236365,-1.3607364107541395,covid_onset
2020-03-09 16:00:00,NORMAL,1.897806456351438,0.12180625706213495,1.4314233927966509,-1.3607364107541395,covid_onset
2020-03-09 17:00:00,NORMAL,1.8974074346315979,0.1328177481076477,2.1050303183104644,-1.3607364107541395,covid_onset
2020-03-09 18:00:00,NORMAL,1.895229133204469,0.13895594823220236,1.6363099566588577,-1.3607364107541395,covid_onset
2020-03-09 19:00:00,NORMAL,1.8958580757469312,0.1460528613618338,1.4796168393373548,-1.3607364107541395,covid_onset
2020-03-09 20:00:00,NORMAL,1.8949640493899704,0.14956529490801115,1.2237682505716059,-1.3607364107541395,covid_onset
2020-03-09 21:00:00,NORMAL,1.894170704279881,0.1517312444006746,1.460233613131624,-1.3607364107541395,covid_onset
2020-03-09 22:00:00,NORMAL,1.8931719063523198,0.1541667435973145,1.5107877166269794,-1.3607364107541395,covid_onset
2020-03-09 23:00:00,NORMAL,1.892984893305926,0.15535821994825808,1.8180763715136876,-1.3607364107541395,covid_onset
2020-03-10 00:00:00,NORMAL,1.8905708437678281,0.1564303882119098,1.873805051023638,-1.3607364107541395,covid_onset
2020-03-10 01:00:00,NORMAL,1.8892819198262305,0.15903979561691642,1.9364554358858859,-1.3607364107541395,covid_onset
2020-03-10 02:00:00,NORMAL,1.890267669271051,0.16234963971521557,2.0895436204611224,-1.3607364107541395,covid_onset
2020-03-10 03:00:00,NORMAL,1.889351444665284,0.16556949543850527,1.9113555018343107,-1.3607364107541395,covid_onset
2020-03-10 04:00:00,NORMAL,1.8895137211645139,0.1679697145224134,2.0534655189206896,-1.3607364107541395,covid_onset
2020-03-10 05:00:00,NORMAL,1.8908724078989554,0.16742143392591388,2.0747284013636382,-1.3607364107541395,covid_onset
2020-03-10 06:00:00,NORMAL,1.8892126294031244,0.16350148407048093,2.1441265663922913,-1.3607364107541395,covid_onset
2020-03-10 07:00:00,NORMAL,1.887284961722251,0.15549162393154892,1.9990217692558647,-1.3607364107541395,covid_onset
2020-03-10 08:00:00,NORMAL,1.8840778213060514,0.1396279069051132,1.4851591203194547,-1.3607364107541395,covid_onset
2020-03-10 09:00:00,NORMAL,1.8845346231642184,0.1239915465125573,1.5111223499475352,-1.3607364107541395,covid_onset
2020-03-10 10:00:00,NORMAL,1.8851857112640762,0.10835652367630914,1.37364703566451,-1.3607364107541395,covid_onset
2020-03-10 11:00:00,NORMAL,1.8853053582640245,0.09426991380579101,1.3711065945310434,-1.3607364107541395,covid_onset
2020-03-10 12:00:00,NORMAL,1.8862404430388722,0.07994067708821599,1.4600112733937838,-1.3607364107541395,covid_onset
2020-03-10 13:00:00,NORMAL,1.886940508468211,0.06498116942338361,1.521932973576805,-1.3607364107541395,covid_onset
2020-03-10 14:00:00,NORMAL,1.8874378480756693,0.051017831277623694,1.6391333162551636,-1.3607364107541395,covid_onset
2020-03-10 15:00:00,NORMAL,1.8861471417118518,0.03819914232206132,1.484422688413443,-1.3607364107541395,covid_onset
2020-03-10 16:00:00,NORMAL,1.8859342688157408,0.028173127789657266,1.7158453335099906,-1.3607364107541395,covid_onset
2020-03-10 17:00:00,NORMAL,1.8868141778634215,0.02048500257824742,2.0933952070738853,-1.3607364107541395,covid_onset
2020-03-10 18:00:00,NORMAL,1.8836078620724668,0.017352455008030575,2.104844347628892,-1.3607364107541395,covid_onset
2020-03-10 19:00:00,NORMAL,1.8813463881212489,0.0130256507737349,1.4450869926254042,-1.3607364107541395,covid_onset
2020-03-10 20:00:00,NORMAL,1.8793958174974752,0.010929317506540739,1.365139228815771,-1.3607364107541395,covid_onset
2020-03-10 21:00:00,NORMAL,1.876250930573118,0.008637820878941953,1.3414656677174863,-1.3607364107541395,covid_onset
2020-03-10 22:00:00,NORMAL,1.8736875286498842,0.007217271387821792,1.596668069261486,-1.3607364107541395,covid_onset
2020-03-10 23:00:00,NORMAL,1.8722943136801642,0.006351599398826285,1.7003268074921982,-1.3607364107541395,covid_onset
2020-03-11 00:00:00,NORMAL,1.8702871307169613,0.005985081332449207,1.853796818838173,-1.3607364107541395,covid_onset
2020-03-11 01:00:00,NORMAL,1.8686499471532643,0.004334944592141658,1.5965807968186088,-1.3607364107541395,covid_onset
2020-03-11 02:00:00,NORMAL,1.8673619699782964,0.002679328230526053,1.930859935151119,-1.3607364107541395,covid_onset
2020-03-11 03:00:00,NORMAL,1.8632869714918914,0.0005307943192411178,1.4393347230259637,-1.3607364107541395,covid_onset
2020-03-11 04:00:00,NORMAL,1.862809315077699,-0.0007686229445051303,2.0760426126265714,-1.3607364107541395,covid_onset
2020-03-11 05:00:00,NORMAL,1.861909086893666,-0.002070766152226114,1.7692784929884153,-1.3607364107541395,covid_onset
2020-03-11 06:00:00,NORMAL,1.8621237369667152,-0.0021034358980361284,2.2129270193809707,-1.3607364107541395,covid_onset
2020-03-11 07:00:00,NORMAL,1.8612542995960972,-0.0027454579881127077,1.8895809252147742,-1.3607364107541395,covid_onset
2020-03-11 08:00:00,NORMAL,1.8599098008897592,-0.0018054888286316078,1.285732755630274,-1.3607364107541395,covid_onset
2020-03-11 09:00:00,NORMAL,1.8572755130729743,-0.002794287668578537,0.9515034493354588,-1.3607364107541395,covid_onset
2020-03-11 10:00:00,NORMAL,1.854455352137726,-0.0034539636198120185,0.9362749212035267,-1.3607364107541395,covid_onset
2020-03-11 11:00:00,NORMAL,1.8529603694076646,-0.004189821187031161,1.030490187548279,-1.3607364107541395,covid_onset
2020-03-11 12:00:00,NORMAL,1.8516607250413895,-0.004379126164219466,1.2823682243905878,-1.3607364107541395,covid_onset
2020-03-11 13:00:00,NORMAL,1.8510125831706266,-0.004533963705223008,1.4329199210081813,-1.3607364107541395,covid_onset
2020-03-11 14:00:00,NORMAL,1.85120408396085,-0.00528149815393551,1.5794056796559415,-1.3607364107541395,covid_onset
2020-03-11 15:00:00,NORMAL,1.850357303758506,-0.005658560833729954,1.4275111445420086,-1.3607364107541395,covid_onset
2020-03-11 16:00:00,NORMAL,1.8486554168130913,-0.006387647760484511,1.6632763021594361,-1.3607364107541395,covid_onset
2020-03-11 17:00:00,NORMAL,1.8435633982793849,-0.00666814436389939,1.9342754286825254,-1.3607364107541395,covid_onset
2020-03-11 18:00:00,NORMAL,1.8404960047733236,-0.007914632095612191,1.8574426854064519,-1.3607364107541395,covid_onset
2020-03-11 19:00:00,NORMAL,1.8390215183682164,-0.008019294912959399,1.3697823185641522,-1.3607364107541395,covid_onset
2020-03-11 20:00:00,NORMAL,1.8380588540159306,-0.008582055054348874,1.3026484049244424,-1.3607364107541395,covid_onset
2020-03-11 21:00:00,NORMAL,1.838657814754401,-0.007192603995310447,1.7340903184780017,-1.3607364107541395,covid_onset
2020-03-11 22:00:00,NORMAL,1.8390904437334998,-0.0070526080985684365,1.737918883214788,-1.3607364107541395,covid_onset
2020-03-11 23:00:00,NORMAL,1.8390338195345468,-0.006163562213414985,1.9869195325895623,-1.3607364107541395,covid_onset
2020-03-12 00:00:00,NORMAL,1.8381926605166115,-0.005946326668443898,1.9395838305728574,-1.3607364107541395,covid_onset
2020-03-12 01:00:00,NORMAL,1.835847864589927,-0.004818622736929409,1.789477849776426,-1.3607364107541395,covid_onset
2020-03-12 02:00:00,NORMAL,1.834878574200896,-0.004420602947178367,1.9651018571079182,-1.3607364107541395,covid_onset
2020-03-12 03:00:00,NORMAL,1.8335738122878016,-0.0027226432876781563,1.7678921441206141,-1.3607364107541395,covid_onset
2020-03-12 04:00:00,NORMAL,1.8342774080707027,-0.0025663410326019066,2.1766816210426776,-1.3607364107541395,covid_onset
2020-03-12 05:00:00,NORMAL,1.8353289285259535,-0.0011877641604751978,2.1555941084596535,-1.3607364107541395,covid_onset
2020-03-12 06:00:00,NORMAL,1.8364958897705772,-0.001102828744580529,2.325078511968549,-1.3607364107541395,covid_onset
2020-03-12 07:00:00,NORMAL,1.8361095396095626,-0.000847468956652203,1.906581074685633,-1.3607364107541395,covid_onset
2020-03-12 08:00:00,NORMAL,1.8357565580105013,0.0005380376461088454,1.732692488374037,-1.3607364107541395,covid_onset
2020-03-12 09:00:00,NORMAL,1.8344799375291383,0.0018477314613424684,0.9872320433720317,-1.3607364107541395,covid_onset
2020-03-12 10:00:00,NORMAL,1.8330877169342112,0.0026023391771100254,0.8287309979866849,-1.3607364107541395,covid_onset
2020-03-12 11:00:00,NORMAL,1.8319205122072024,0.0033415873146671418,1.0167308103597472,-1.3607364107541395,covid_onset
2020-03-12 12:00:00,NORMAL,1.8314757354027755,0.003792292255307581,1.3068358282324892,-1.3607364107541395,covid_onset
2020-03-12 13:00:00,NORMAL,1.831139877030648,0.003677944635010611,1.2946591048070888,-1.3607364107541395,covid_onset
2020-03-12 14:00:00,NORMAL,1.8301551225819792,0.0027223055461542468,1.1060635538948098,-1.3607364107541395,covid_onset
2020-03-12 15:00:00,NORMAL,1.826536448691563,0.0020295495130099998,1.071836890209426,-1.3607364107541395,covid_onset
2020-03-12 16:00:00,NORMAL,1.823748988386409,0.0013722533921341612,1.3040741981505963,-1.3607364107541395,covid_onset
2020-03-12 17:00:00,NORMAL,1.8242544623230723,0.00208241043787709,2.147014366967468,-1.3607364107541395,covid_onset
2020-03-12 18:00:00,NORMAL,1.8198568628962397,0.002725575487893808,1.982922059184657,-1.3607364107541395,covid_onset
2020-03-12 19:00:00,NORMAL,1.8170706435151724,0.003026910785618286,1.4118874376468569,-1.3607364107541395,covid_onset
2020-03-12 20:00:00,NORMAL,1.815450951503988,0.0037193404541179358,1.4918450208833123,-1.3607364107541395,covid_onset
2020-03-12 21:00:00,NORMAL,1.8139846091682708,0.0024170370753733147,1.6460528873562383,-1.3607364107541395,covid_onset
2020-03-12 22:00:00,NORMAL,1.8107788561027751,0.0015494298419520397,1.5371088800449657,-1.3607364107541395,covid_onset
2020-03-12 23:00:00,NORMAL,1.8079504297267637,0.0005010366982168771,1.794688092681457,-1.3607364107541395,covid_onset
2020-03-13 00:00:00,NORMAL,1.8047957756114503,0.0003383521765100844,1.9461848889054978,-1.3607364107541395,covid_onset
2020-03-13 01:00:00,NORMAL,1.801259032109178,-0.00011668713005814439,1.7695539653486538,-1.3607364107541395,covid_onset
2020-03-13 02:00:00,NORMAL,1.7997499340225769,-7.324877121353372e-05,2.020357194618378,-1.3607364107541395,covid_onset
2020-03-13 03:00:00,NORMAL,1.7935634615438887,-0.0011379055637011522,1.5986885635207477,-1.3607364107541395,covid_onset
2020-03-13 04:00:00,NORMAL,1.775167611982346,-0.0018466415254390835,1.9222434262647887,-1.3607364107541395,covid_onset
2020-03-13 05:00:00,NORMAL,1.7520320372754372,-0.003215808041110957,1.8537515699832412,-1.3607364107541395,covid_onset
2020-03-13 06:00:00,NORMAL,1.728156650187171,-0.00440599336290902,1.8302957585796722,-1.3607364107541395,covid_onset
2020-03-13 07:00:00,NORMAL,1.707571177408651,-0.005057050554191951,1.6024388040728244,-1.3607364107541395,covid_onset
2020-03-13 08:00:00,NORMAL,1.6902348281958715,-0.007224337932211558,1.1587772776910954,-1.3607364107541395,covid_onset
2020-03-13 09:00:00,NORMAL,1.6727107758433226,-0.008444524566620601,0.4827000494788901,-1.3607364107541395,covid_onset
2020-03-13 10:00:00,NORMAL,1.659339343301531,-0.008891865569195445,0.5337490685845462,-1.3607364107541395,covid_onset
2020-03-13 11:00:00,NORMAL,1.6491546461560052,-0.009298231050779766,0.8269069938826626,-1.3607364107541395,covid_onset
2020-03-13 12:00:00,NORMAL,1.642403058934308,-0.01003955152049549,1.0012431090369809,-1.3607364107541395,covid_onset
2020-03-13 13:00:00,NORMAL,1.6374339623437766,-0.010168545266052422,1.1018353069845481,-1.3607364107541395,covid_onset
2020-03-13 14:00:00,NORMAL,1.6347882254993924,-0.00860060787061846,1.3062767942692155,-1.3607364107541395,covid_onset
2020-03-13 15:00:00,NORMAL,1.6352244594711478,-0.006923869457448082,1.432441737203935,-1.3607364107541395,covid_onset
2020-03-13 16:00:00,NORMAL,1.63392277022085,-0.006130718810322739,1.314850440320698,-1.3607364107541395,covid_onset
2020-03-13 17:00:00,NORMAL,1.633857728984143,-0.007296969190728381,1.7470950502060567,-1.3607364107541395,covid_onset
2020-03-13 18:00:00,NORMAL,1.6300251610228362,-0.008310836429702753,1.522185621222669,-1.3607364107541395,covid_onset
2020-03-13 19:00:00,NORMAL,1.6269174008586755,-0.009487270267842357,0.9958987459163552,-1.3607364107541395,covid_onset
2020-03-13 20:00:00,NORMAL,1.6264392338031424,-0.010689398858164082,1.2414401761718588,-1.3607364107541395,covid_onset
2020-03-13 21:00:00,NORMAL,1.6264285307246544,-0.011101765703257818,1.4039928875823988,-1.3607364107541395,covid_onset
2020-03-13 22:00:00,NORMAL,1.6282560490950184,-0.009818016915725756,1.8404919134599245,-1.3607364107541395,covid_onset
2020-03-13 23:00:00,NORMAL,1.6312745523143977,-0.008478874522530851,2.2153648285504857,-1.3607364107541395,covid_onset
2020-03-14 00:00:00,NORMAL,1.632894174265649,-0.007597503291247982,2.3405260059645183,-1.3607364107541395,covid_onset
2020-03-14 01:00:00,NORMAL,1.6387971112081399,-0.005344437144638507,3.081772105943237,-1.3607364107541395,covid_onset
2020-03-14 02:00:00,NORMAL,1.6418803324108688,-0.004643791345959359,2.4816827554090835,-1.3607364107541395,covid_onset
2020-03-14 03:00:00,NORMAL,1.645875665679108,-0.002268967692110982,2.6835037979115497,-1.3607364107541395,covid_onset
2020-03-14 04:00:00,NORMAL,1.6487353486390564,-0.0012249558025734346,2.2506918521817996,-1.3607364107541395,covid_onset
2020-03-14 05:00:00,NORMAL,1.6492877011365759,-0.0011266470048528546,2.025234546229317,-1.3607364107541395,covid_onset
2020-03-14 06:00:00,NORMAL,1.6473989582901756,-0.0018889767549487436,1.9384233637538966,-1.3607364107541395,covid_onset
2020-03-14 07:00:00,NORMAL,1.6452367381650705,-0.00494196244717528,1.866750550140517,-1.3607364107541395,covid_onset
2020-03-14 08:00:00,NORMAL,1.644617267005629,-0.008084719699456554,1.79694271396612,-1.3607364107541395,covid_onset
2020-03-14 09:00:00,NORMAL,1.64187409602668,-0.010926533684401898,1.433217465222935,-1.3607364107541395,covid_onset
2020-03-14 10:00:00,NORMAL,1.639083501783273,-0.014489631817493574,1.3477960998557175,-1.3607364107541395,covid_onset
2020-03-14 11:00:00,NORMAL,1.6367413218227813,-0.018562122548523918,1.603026289002647,-1.3607364107541395,covid_onset
2020-03-14 12:00:00,NORMAL,1.6350464039475037,-0.022773815435800888,1.8007515504915341,-1.3607364107541395,covid_onset
2020-03-14 13:00:00,NORMAL,1.6335066337104116,-0.027930072506447964,2.1632626163687134,-1.3607364107541395,covid_onset
2020-03-14 14:00:00,NORMAL,1.6331205899722394,-0.0347475364411351,2.2171206132606756,-1.3607364107541395,covid_onset
2020-03-14 15:00:00,NORMAL,1.6329988579787493,-0.04172871521947966,2.373338106312449,-1.3607364107541395,covid_onset
2020-03-14 16:00:00,NORMAL,1.6331155168604217,-0.04646815250079614,2.5470671694647278,-1.3607364107541395,covid_onset
2020-03-14 17:00:00,NORMAL,1.6325678243174033,-0.04866539884122204,2.729941044705111,-1.3607364107541395,covid_onset
2020-03-14 18:00:00,NORMAL,1.6332418023169517,-0.0489567393876687,2.6437458974798904,-1.3607364107541395,covid_onset
2020-03-14 19:00:00,NORMAL,1.629311197954944,-0.04898445974404861,2.2296694653923277,-1.3607364107541395,covid_onset
2020-03-14 20:00:00,NORMAL,1.6305371984689876,-0.04933477940268321,2.489102583748945,-1.3607364107541395,covid_onset
2020-03-14 21:00:00,NORMAL,1.633623336956605,-0.04927727158857733,2.7147611604767263,-1.3607364107541395,covid_onset
2020-03-14 22:00:00,NORMAL,1.6333065777169018,-0.051765160948822025,2.351574632285205,-1.3607364107541395,covid_onset
2020-03-14 23:00:00,NORMAL,1.6341531010005812,-0.05327566565834216,2.690496802407522,-1.3607364107541395,covid_onset
2020-03-15 00:00:00,NORMAL,1.6352140458094087,-0.05441620508690433,2.2169489258834716,-1.3607364107541395,covid_onset
2020-03-15 01:00:00,NORMAL,1.635839058038197,-0.05744797958074891,2.614752631761878,-1.3607364107541395,covid_onset
2020-03-15 02:00:00,NORMAL,1.6313376902284422,-0.05961780911621766,1.7561654918450056,-1.3607364107541395,covid_onset
2020-03-15 03:00:00,NORMAL,1.6270001472187465,-0.06332900837053061,1.7767279109335241,-1.3607364107541395,covid_onset
2020-03-15 04:00:00,NORMAL,1.625037837577344,-0.06505049227341612,1.6626508099276973,-1.3607364107541395,covid_onset
2020-03-15 05:00:00,NORMAL,1.6247575073328404,-0.06562663076575134,1.5242759791913245,-1.3607364107541395,covid_onset
2020-03-15 06:00:00,NORMAL,1.6243723348153958,-0.06568777213118118,1.1698582256949945,-1.3607364107541395,covid_onset
2020-03-15 07:00:00,NORMAL,1.6259636459321372,-0.06458336409743522,0.9446720111208353,-1.3607364107541395,covid_onset
2020-03-15 08:00:00,NORMAL,1.6268570531485629,-0.0650986950613938,0.3830013673700212,-1.3607364107541395,covid_onset
2020-03-15 09:00:00,NORMAL,1.627549686168825,-0.06655133175221396,0.060319739085642234,-1.3607364107541395,covid_onset
2020-03-15 10:00:00,NORMAL,1.6278190136012598,-0.06785320743733948,-0.020761220787392846,-1.3607364107541395,covid_onset
2020-03-15 11:00:00,NORMAL,1.6290383384835248,-0.06824552227822966,0.22268559481456052,-1.3607364107541395,covid_onset
2020-03-15 12:00:00,NORMAL,1.6315073729408216,-0.06739944266081785,0.49165920864570106,-1.3607364107541395,covid_onset
2020-03-15 13:00:00,NORMAL,1.635702538288415,-0.06520792102018261,0.9110168868491897,-1.3607364107541395,covid_onset
2020-03-15 14:00:00,NORMAL,1.6398602447074733,-0.06207613419160258,1.0345544127571555,-1.3607364107541395,covid_onset
2020-03-15 15:00:00,NORMAL,1.6445455627468146,-0.05846597336468945,1.4147430755608859,-1.3607364107541395,covid_onset
2020-03-15 16:00:00,NORMAL,1.6488213740741096,-0.05601586226539501,1.6155847418852793,-1.3607364107541395,covid_onset
2020-03-15 17:00:00,NORMAL,1.651098861502955,-0.05537422123141537,1.681284011879578,-1.3607364107541395,covid_onset
2020-03-15 18:00:00,NORMAL,1.653260238579964,-0.05595030880391295,1.8270512870398954,-1.3607364107541395,covid_onset
2020-03-15 19:00:00,NORMAL,1.6543699107566059,-0.05612202147049903,1.591141739578834,-1.3607364107541395,covid_onset
2020-03-15 20:00:00,NORMAL,1.6570654601311612,-0.05564870217058605,2.1877781802878897,-1.3607364107541395,covid_onset
2020-03-15 21:00:00,NORMAL,1.6565619422149378,-0.05638312073860529,2.010141056227732,-1.3607364107541395,covid_onset
2020-03-15 22:00:00,NORMAL,1.658421704273059,-0.05474784129724786,2.3128068711431498,-1.3607364107541395,covid_onset
2020-03-15 23:00:00,NORMAL,1.6594806191804263,-0.05466798523833055,2.4348430535254826,-1.3607364107541395,covid_onset
2020-03-16 00:00:00,NORMAL,1.6618577329518252,-0.0547150383477347,2.1157582674669135,-1.3607364107541395,covid_onset
2020-03-16 01:00:00,NORMAL,1.6632270310942083,-0.05527627989415163,1.731616656626675,-1.3607364107541395,covid_onset
2020-03-16 02:00:00,NORMAL,1.6647434169098712,-0.0539788480176094,1.719284827400557,-1.3607364107541395,covid_onset
2020-03-16 03:00:00,NORMAL,1.666580180937603,-0.05234350032183513,1.6836946554958443,-1.3607364107541395,covid_onset
2020-03-16 04:00:00,NORMAL,1.6683422002559858,-0.05094117010323789,1.6998151656040719,-1.3607364107541395,covid_onset
2020-03-16 05:00:00,NORMAL,1.6692736578426215,-0.04819106571915765,1.8837112854944469,-1.3607364107541395,covid_onset
2020-03-16 06:00:00,NORMAL,1.6684856776940442,-0.04242600652614548,1.926755021570901,-1.3607364107541395,covid_onset
2020-03-16 07:00:00,NORMAL,1.6666079354863403,-0.03314121534646423,1.4769661296513803,-1.3607364107541395,covid_onset
2020-03-16 08:00:00,NORMAL,1.659649697947389,-0.017764044798989388,0.9789532098134782,-1.3607364107541395,covid_onset
2020-03-16 09:00:00,NORMAL,1.650559228031326,-0.002167472204997266,0.09387779401993554,-1.3607364107541395,covid_onset
2020-03-16 10:00:00,NORMAL,1.642904486593458,0.014394667302651229,0.24029953714854316,-1.3607364107541395,covid_onset
2020-03-16 11:00:00,NORMAL,1.6359383437964048,0.02877704131491632,0.21632441262590685,-1.3607364107541395,covid_onset
2020-03-16 12:00:00,NORMAL,1.6297907055968774,0.04208723422430944,0.5203233167030419,-1.3607364107541395,covid_onset
2020-03-16 13:00:00,NORMAL,1.6225610420672862,0.053986262565301084,0.3287811065289605,-1.3607364107541395,covid_onset
2020-03-16 14:00:00,NORMAL,1.6166794512170921,0.06603573953224605,0.38980877546762854,-1.3607364107541395,covid_onset
2020-03-16 15:00:00,NORMAL,1.6095671906893563,0.07527300057439154,0.18387005256406333,-1.3607364107541395,covid_onset
2020-03-16 16:00:00,NORMAL,1.6027703996005473,0.08289110635821581,0.2895624898767091,-1.3607364107541395,covid_onset
2020-03-16 17:00:00,NORMAL,1.5938256464654326,0.08850356956883125,0.6023117916111645,-1.3607364107541395,covid_onset
2020-03-16 18:00:00,NORMAL,1.5873759724556802,0.09123635207754245,0.5527647230204723,-1.3607364107541395,covid_onset
2020-03-16 19:00:00,NORMAL,1.5823529485235646,0.09396653255205621,0.6357488187419473,-1.3607364107541395,covid_onset
2020-03-16 20:00:00,NORMAL,1.5785190817334311,0.09426044419059128,0.5796786298291737,-1.3607364107541395,covid_onset
2020-03-16 21:00:00,NORMAL,1.5750608278815956,0.0960759761008335,0.879246966023205,-1.3607364107541395,covid_onset
2020-03-16 22:00:00,NORMAL,1.5702923608222583,0.09504972263217193,0.7096852506583847,-1.3607364107541395,covid_onset
2020-03-16 23:00:00,NORMAL,1.5678187464220357,0.09488767480025719,1.4025091522762823,-1.3607364107541395,covid_onset
2020-03-17 00:00:00,NORMAL,1.5650186119846747,0.0937360108741357,1.403382465546983,-1.3607364107541395,covid_onset
2020-03-17 01:00:00,NORMAL,1.5633458339789448,0.09495625499324763,1.6554287309232985,-1.3607364107541395,covid_onset
2020-03-17 02:00:00,NORMAL,1.5597159394639497,0.09451071765101499,1.4797213419418678,-1.3607364107541395,covid_onset
2020-03-17 03:00:00,NORMAL,1.5550390637554619,0.09338417795850917,1.1256403828084474,-1.3607364107541395,covid_onset
2020-03-17 04:00:00,NORMAL,1.5513965384627972,0.0926396150377105,1.4415212697530269,-1.3607364107541395,covid_onset
2020-03-17 05:00:00,NORMAL,1.5476264219508769,0.09007931178389415,1.441348827360937,-1.3607364107541395,covid_onset
2020-03-17 06:00:00,NORMAL,1.5397329535626236,0.08389350669860424,0.8180238771657704,-1.3607364107541395,covid_onset
2020-03-17 07:00:00,NORMAL,1.530530705195888,0.07505382239703266,0.4530440436442502,-1.3607364107541395,covid_onset
2020-03-17 08:00:00,NORMAL,1.5195633878202957,0.061621391529670465,-0.3573501987800187,-1.3607364107541395,covid_onset
2020-03-17 09:00:00,NORMAL,1.5076789027108348,0.05008374843930874,-0.4854711484418937,-1.3607364107541395,covid_onset
2020-03-17 10:00:00,NORMAL,1.495239762486732,0.03673442299700876,-0.7161285219847576,-1.3607364107541395,covid_onset
2020-03-17 11:00:00,NORMAL,1.4853756486751362,0.026041692509656322,-0.28606452581708697,-1.3607364107541395,covid_onset
2020-03-17 12:00:00,NORMAL,1.4772120241407847,0.015770745752145578,0.08852235162274649,-1.3607364107541395,covid_onset
2020-03-17 13:00:00,NORMAL,1.4686854149546147,0.00669708467817486,0.08946263030027372,-1.3607364107541395,covid_onset
2020-03-17 14:00:00,NORMAL,1.459278342606958,-0.002960047383764654,0.05874516184882233,-1.3607364107541395,covid_onset
2020-03-17 15:00:00,NORMAL,1.4494447226453868,-0.010553871028962011,-0.16762546513048582,-1.3607364107541395,covid_onset
2020-03-17 16:00:00,NORMAL,1.4373462218095017,-0.017303893723137596,-0.3167028069187223,-1.3607364107541395,covid_onset
2020-03-17 17:00:00,NORMAL,1.4257056881486188,-0.021549992038644977,0.137785552045524,-1.3607364107541395,covid_onset
2020-03-17 18:00:00,NORMAL,1.4136107291557085,-0.02350066418948507,0.07289123681998223,-1.3607364107541395,covid_onset
2020-03-17 19:00:00,NORMAL,1.4073409828875891,-0.025621241857643157,0.39176961958133855,-1.3607364107541395,covid_onset
2020-03-17 20:00:00,NORMAL,1.402471084183564,-0.025451587555350787,0.5469962465395346,-1.3607364107541395,covid_onset
2020-03-17 21:00:00,NORMAL,1.3977348004288723,-0.026880146535240065,0.5457699969292901,-1.3607364107541395,covid_onset
2020-03-17 22:00:00,NORMAL,1.392921532766136,-0.02556630240612154,0.7880391019217764,-1.3607364107541395,covid_onset
2020-03-17 23:00:00,NORMAL,1.3912516046209313,-0.024856988223150443,1.419778879097852,-1.3607364107541395,covid_onset
2020-03-18 00:00:00,NORMAL,1.3913434027376492,-0.022434173443736743,1.8692189024467718,-1.3607364107541395,covid_onset
2020-03-18 01:00:00,NORMAL,1.3926492182301788,-0.021929734281610366,1.8159577995635718,-1.3607364107541395,covid_onset
2020-03-18 02:00:00,NORMAL,1.3928945344022974,-0.020381116283126093,1.9720730520670504,-1.3607364107541395,covid_onset
2020-03-18 03:00:00,NORMAL,1.3949588511907884,-0.01775146700426831,1.7861399434924266,-1.3607364107541395,covid_onset
2020-03-18 04:00:00,NORMAL,1.392937468602576,-0.01661529525194705,1.7364503378069194,-1.3607364107541395,covid_onset
2020-03-18 05:00:00,NORMAL,1.3922561073720172,-0.015297923115455256,1.6548098062545258,-1.3607364107541395,covid_onset
2020-03-18 06:00:00,NORMAL,1.3839576134131737,-0.013082802661958116,0.8187800342952724,-1.3607364107541395,covid_onset
2020-03-18 07:00:00,NORMAL,1.3753589972182094,-0.010980285242098575,0.4450134044607471,-1.3607364107541395,covid_onset
2020-03-18 08:00:00,NORMAL,1.3682812502072517,-0.006994017957295966,0.09667125778939076,-1.3607364107541395,covid_onset
2020-03-18 09:00:00,NORMAL,1.3601816047801207,-0.005432063354123722,-0.40923698242252804,-1.3607364107541395,covid_onset
2020-03-18 10:00:00,NORMAL,1.350778106770155,-0.0028889511516886506,-0.6435127444707025,-1.3607364107541395,covid_onset
2020-03-18 11:00:00,NORMAL,1.3428084709876567,-0.0017312712570421035,-0.3084086239114859,-1.3607364107541395,covid_onset
2020-03-18 12:00:00,NORMAL,1.3340023189877173,-0.0014050531410483866,-0.19706531159919094,-1.3607364107541395,covid_onset
2020-03-18 13:00:00,NORMAL,1.3237732977161412,-0.0017507802885226348,-0.28555565261663524,-1.3607364107541395,covid_onset
2020-03-18 14:00:00,NORMAL,1.3126987007556512,-0.0017893949159666662,-0.2811266097063446,-1.3607364107541395,covid_onset
2020-03-18 15:00:00,NORMAL,1.3026507224153394,-0.0011506297221091368,-0.26054921663036235,-1.3607364107541395,covid_onset
2020-03-18 16:00:00,NORMAL,1.2905557005664559,0.0001230815436625391,-0.3686873684530238,-1.3607364107541395,covid_onset
2020-03-18 17:00:00,NORMAL,1.277908759384103,0.000385694674257703,-0.19041068995278435,-1.3607364107541395,covid_onset
2020-03-18 18:00:00,NORMAL,1.265757240304956,0.0007849786905408032,-0.18401251989022158,-1.3607364107541395,covid_onset
2020-03-18 19:00:00,NORMAL,1.2570750205361843,0.00012615185127226448,-0.08883060258949929,-1.3607364107541395,covid_onset
2020-03-18 20:00:00,NORMAL,1.2499429926764374,-0.0010621000002297377,0.10446772448698886,-1.3607364107541395,covid_onset
2020-03-18 21:00:00,NORMAL,1.2423013582661429,-0.00040027774568120324,0.45029573754847974,-1.3607364107541395,covid_onset
2020-03-18 22:00:00,NORMAL,1.2373170756777399,-0.00030971129461165376,0.9005594083630966,-1.3607364107541395,covid_onset
2020-03-18 23:00:00,NORMAL,1.2327723345230694,-0.0007874318807081841,1.2234030186049485,-1.3607364107541395,covid_onset
2020-03-19 00:00:00,NORMAL,1.229221512468733,-0.0028456638207570175,1.3430457254443406,-1.3607364107541395,covid_onset
2020-03-19 01:00:00,NORMAL,1.2281019006020526,-0.0036422707803269116,1.6013830561741342,-1.3607364107541395,covid_onset
2020-03-19 02:00:00,NORMAL,1.2251103438815456,-0.005744044869623487,1.4625203280626955,-1.3607364107541395,covid_onset
2020-03-19 03:00:00,NORMAL,1.2226349757316597,-0.008105608487577477,1.3520302949398073,-1.3607364107541395,covid_onset
2020-03-19 04:00:00,NORMAL,1.2170329891465417,-0.009734825309738444,1.2355478747428539,-1.3607364107541395,covid_onset
2020-03-19 05:00:00,NORMAL,1.2095265137893674,-0.01170319204964298,0.8945062484543721,-1.3607364107541395,covid_onset
2020-03-19 06:00:00,NORMAL,1.1998184300426729,-0.011967616215123688,0.6941204425238581,-1.3607364107541395,covid_onset
2020-03-19 07:00:00,NORMAL,1.193175723137629,-0.011195868547420197,0.7906063146382697,-1.3607364107541395,covid_onset
2020-03-19 08:00:00,NORMAL,1.1842066229948764,-0.011966564713067935,0.22588366439159407,-1.3607364107541395,covid_onset
2020-03-19 09:00:00,NORMAL,1.1749144233179796,-0.012555841220268649,-0.5738575023466097,-1.3607364107541395,covid_onset
2020-03-19 10:00:00,NORMAL,1.1666854295288733,-0.012512150546901848,-0.5537399585831985,-1.3607364107541395,covid_onset
2020-03-19 11:00:00,NORMAL,1.1588146213897783,-0.012449488852024194,-0.3055649570082364,-1.3607364107541395,covid_onset
2020-03-19 12:00:00,NORMAL,1.1497517334098721,-0.011808654120380006,-0.2157293523917301,-1.3607364107541395,covid_onset
2020-03-19 13:00:00,NORMAL,1.141174517809221,-0.010522271963443125,-0.14631311610227923,-1.3607364107541395,covid_onset
2020-03-19 14:00:00,NORMAL,1.1323495716784344,-0.009910791386293319,-0.3765273960773341,-1.3607364107541395,covid_onset
2020-03-19 15:00:00,NORMAL,1.124722647801013,-0.009543898729367522,-0.2094863211973936,-1.3607364107541395,covid_onset
2020-03-19 16:00:00,NORMAL,1.1153870640446952,-0.00917014257174443,-0.26430387291075386,-1.3607364107541395,covid_onset
2020-03-19 17:00:00,NORMAL,1.1023663655543625,-0.008166455379127448,-0.0404629794084638,-1.3607364107541395,covid_onset
2020-03-19 18:00:00,NORMAL,1.0927205721748694,-0.006647255410218877,0.3624287714298088,-1.3607364107541395,covid_onset
2020-03-19 19:00:00,NORMAL,1.0865791768984918,-0.004003799557652388,0.3801330312154678,-1.3607364107541395,covid_onset
2020-03-19 20:00:00,NORMAL,1.0817927570154608,-0.0009766053668442602,0.6877264805340568,-1.3607364107541395,covid_onset
2020-03-19 21:00:00,NORMAL,1.0783133714445585,0.0010640048690928848,1.0615161114446794,-1.3607364107541395,covid_onset
2020-03-19 22:00:00,NORMAL,1.0769889337615415,0.0018646819792880055,1.3146033492981295,-1.3607364107541395,covid_onset
2020-03-19 23:00:00,NORMAL,1.080375540978338,0.004880327845195817,2.3636381051032225,-1.3607364107541395,covid_onset
2020-03-20 00:00:00,NORMAL,1.086759686591434,0.009490408266409655,3.0187213519056373,-1.3607364107541395,covid_onset
2020-03-20 01:00:00,NORMAL,1.0936086424408582,0.012766157913951434,2.920178548051931,-1.3607364107541395,covid_onset
2020-03-20 02:00:00,NORMAL,1.098342762451441,0.01669903125670573,2.8156893563962972,-1.3607364107541395,covid_onset
2020-03-20 03:00:00,NORMAL,1.1062063167836362,0.021004019032922466,2.9197656913295593,-1.3607364107541395,covid_onset
2020-03-20 04:00:00,NORMAL,1.109469596505879,0.024601527755957853,2.470474419601525,-1.3607364107541395,covid_onset
2020-03-20 05:00:00,NORMAL,1.1039806640025933,0.0262125866191233,0.9316109094312787,-1.3607364107541395,covid_onset
2020-03-20 06:00:00,NORMAL,1.1043733588858662,0.02902609127704033,1.8962684989694893,-1.3607364107541395,covid_onset
2020-03-20 07:00:00,NORMAL,1.104824853437521,0.030174716186247966,1.6782898887508262,-1.3607364107541395,covid_onset
2020-03-20 08:00:00,NORMAL,1.0962713101905426,0.028732071648892007,-0.2782179878012536,-1.3607364107541395,covid_onset
2020-03-20 09:00:00,NORMAL,1.0872858347106888,0.028016729251296252,-1.0268598311365347,-1.3607364107541395,covid_onset
2020-03-20 10:00:00,NORMAL,1.077302075355279,0.026260800326686623,-1.1435225031243001,-1.3607364107541395,covid_onset
2020-03-20 11:00:00,NORMAL,1.067346453694083,0.02490877121685989,-0.8456374451982678,-1.3607364107541395,covid_onset
2020-03-20 12:00:00,NORMAL,1.0584457347950988,0.02427338471100961,-0.49407766599239,-1.3607364107541395,covid_onset
2020-03-20 13:00:00,NORMAL,1.0484910605978264,0.022849596541786185,-0.570549958157217,-1.3607364107541395,covid_onset
2020-03-20 14:00:00,NORMAL,1.0349528796857714,0.021562884042218327,-0.9681375989559652,-1.3607364107541395,covid_onset
2020-03-20 15:00:00,NORMAL,1.0179834784588757,0.018350156301813303,-1.418417668914596,-1.3607364107541395,covid_onset
2020-03-20 16:00:00,NORMAL,1.0003252671134029,0.014800632405557719,-1.6517290657187178,-1.3607364107541395,covid_onset
2020-03-20 17:00:00,NORMAL,0.9835678869006903,0.012316949742073188,-1.0681448255296542,-1.3607364107541395,covid_onset
2020-03-20 18:00:00,NORMAL,0.9715648960420376,0.00969303825917164,-0.4943168430310096,-1.3607364107541395,covid_onset
2020-03-20 19:00:00,NORMAL,0.9649559163087305,0.007010346084045452,-0.1144098492792302,-1.3607364107541395,covid_onset
2020-03-20 20:00:00,NORMAL,0.9579693917770777,0.003486069223194064,0.06770405485419952,-1.3607364107541395,covid_onset
2020-03-20 21:00:00,NORMAL,0.9517556029246818,-0.0002252125438702643,0.3600763603798515,-1.3607364107541395,covid_onset
2020-03-20 22:00:00,NORMAL,0.9440282397189858,-0.003331027715894995,0.5422948949030331,-1.3607364107541395,covid_onset
2020-03-20 23:00:00,NORMAL,0.9333119279206548,-0.01005442760300044,0.41502444643087233,-1.3607364107541395,covid_onset
2020-03-21 00:00:00,NORMAL,0.9237718662941864,-0.017909583557844527,0.7377956527178069,-1.3607364107541395,covid_onset
2020-03-21 01:00:00,NORMAL,0.9123682395547005,-0.02429849955710531,1.1659628137096196,-1.3607364107541395,covid_onset
2020-03-21 02:00:00,NORMAL,0.9052752419070809,-0.03015531051641238,1.2900591506089627,-1.3607364107541395,covid_onset
2020-03-21 03:00:00,NORMAL,0.8960513794456799,-0.03713697568549461,1.1338949043962128,-1.3607364107541395,covid_onset
2020-03-21 04:00:00,NORMAL,0.8871309290543404,-0.04324811808678392,0.7520561864367694,-1.3607364107541395,covid_onset
2020-03-21 05:00:00,NORMAL,0.8810122110479255,-0.044191978710117354,0.9972899211515996,-1.3607364107541395,covid_onset
2020-03-21 06:00:00,NORMAL,0.8750877952576166,-0.05081885675913924,0.9431215109820247,-1.3607364107541395,covid_onset
2020-03-21 07:00:00,NORMAL,0.8693653743461893,-0.05896286386260401,0.9053838370207057,-1.3607364107541395,covid_onset
2020-03-21 08:00:00,NORMAL,0.8625251511959442,-0.0629812614121234,0.6477852247249507,-1.3607364107541395,covid_onset
2020-03-21 09:00:00,NORMAL,0.8551887731963784,-0.06720114567603583,0.20070596129587362,-1.3607364107541395,covid_onset
2020-03-21 10:00:00,NORMAL,0.8455907853198654,-0.07243042227615588,-0.2646658633984704,-1.3607364107541395,covid_onset
2020-03-21 11:00:00,NORMAL,0.8341459990535676,-0.07847712245104722,-0.3196978037353867,-1.3607364107541395,covid_onset
2020-03-21 12:00:00,NORMAL,0.820303986012019,-0.08633073271655752,-0.5247066404886356,-1.3607364107541395,covid_onset
2020-03-21 13:00:00,NORMAL,0.8038976323068858,-0.09429361997378849,-0.5930048060936597,-1.3607364107541395,covid_onset
2020-03-21 14:00:00,NORMAL,0.787433090580215,-0.10122049584234068,-0.5489223968199993,-1.3607364107541395,covid_onset
2020-03-21 15:00:00,NORMAL,0.7711869555310746,-0.104840847772398,-0.3560125819431087,-1.3607364107541395,covid_onset
2020-03-21 16:00:00,NORMAL,0.7540921254910103,-0.1067963477258523,-0.32486427726610795,-1.3607364107541395,covid_onset
2020-03-21 17:00:00,NORMAL,0.7362989782192281,-0.1088233889544661,-0.25930769695431316,-1.3607364107541395,covid_onset
2020-03-21 18:00:00,NORMAL,0.7171984690501335,-0.11150103602461546,-0.5651396429279766,-1.3607364107541395,covid_onset
2020-03-21 19:00:00,NORMAL,0.7045649840119294,-0.11258899164306073,0.10724397897402414,-1.3607364107541395,covid_onset
2020-03-21 20:00:00,NORMAL,0.6900959009829544,-0.1131695455140221,0.05829663488114432,-1.3607364107541395,covid_onset
2020-03-21 21:00:00,NORMAL,0.6759492289690918,-0.11353971261230039,0.33812026214781876,-1.3607364107541395,covid_onset
2020-03-21 22:00:00,NORMAL,0.6643310753248363,-0.11385671542820398,0.3997248200502868,-1.3607364107541395,covid_onset
2020-03-21 23:00:00,NORMAL,0.6502706946912772,-0.1112098811717595,0.3283528559695991,-1.3607364107541395,covid_onset
2020-03-22 00:00:00,NORMAL,0.6381319182816818,-0.10809079592662263,0.17763448907144028,-1.3607364107541395,covid_onset
2020-03-22 01:00:00,NORMAL,0.625424286131811,-0.10583559629002559,0.4798704305835662,-1.3607364107541395,covid_onset
2020-03-22 02:00:00,NORMAL,0.6174431220763223,-0.10458112892669756,0.4153299305229143,-1.3607364107541395,covid_onset
2020-03-22 03:00:00,NORMAL,0.6104813173176726,-0.10204478117208388,0.607144711480378,-1.3607364107541395,covid_onset
2020-03-22 04:00:00,NORMAL,0.6029378207801317,-0.09928598474197635,0.3953433916208156,-1.3607364107541395,covid_onset
2020-03-22 05:00:00,NORMAL,0.5961061851667494,-0.09982238448710057,0.3765611961431037,-1.3607364107541395,covid_onset
2020-03-22 06:00:00,NORMAL,0.5884367735150375,-0.09836893476495699,-0.11860293179259794,-1.3607364107541395,covid_onset
2020-03-22 07:00:00,NORMAL,0.582021308457795,-0.09521498356816753,-0.1331261184959075,-1.3607364107541395,covid_onset
2020-03-22 08:00:00,NORMAL,0.5765916087858752,-0.09452347858627004,-0.529188177512506,-1.3607364107541395,covid_onset
2020-03-22 09:00:00,NORMAL,0.5716573123168832,-0.093531380591167,-0.7686420677050141,-1.3607364107541395,covid_onset
2020-03-22 10:00:00,NORMAL,0.5647703411049086,-0.09118709229857426,-1.1777723843991126,-1.3607364107541395,covid_onset
2020-03-22 11:00:00,NORMAL,0.5561513328181331,-0.0876427197337633,-1.2253077973637423,-1.3607364107541395,covid_onset
2020-03-22 12:00:00,NORMAL,0.5458026772172115,-0.08181028595874057,-1.2469149323091293,-1.3607364107541395,covid_onset
2020-03-22 13:00:00,NORMAL,0.5331217265331765,-0.07485959387455776,-1.219382828068696,-1.3607364107541395,covid_onset
2020-03-22 14:00:00,NORMAL,0.5201559991722566,-0.06837032066960405,-1.1436877838773651,-1.3607364107541395,covid_onset
2020-03-22 15:00:00,NORMAL,0.5055675441174602,-0.06382609759019987,-1.0361173736449267,-1.3607364107541395,covid_onset
2020-03-22 16:00:00,NORMAL,0.49107132300345585,-0.06001718999884514,-0.8197804052674489,-1.3607364107541395,covid_onset
2020-03-22 17:00:00,NORMAL,0.475394768084812,-0.057642104654502986,-0.9523772144525917,-1.3607364107541395,covid_onset
2020-03-22 18:00:00,NORMAL,0.45786341017259813,-0.05471378662435172,-1.1182168422120324,-1.3607364107541395,covid_onset
2020-03-22 19:00:00,NORMAL,0.44527588971710597,-0.053662892530824124,-0.5235616969438465,-1.3607364107541395,covid_onset
2020-03-22 20:00:00,NORMAL,0.43046359834215453,-0.05204790556775879,-0.3006867707039592,-1.3607364107541395,covid_onset
2020-03-22 21:00:00,NORMAL,0.41927200807824105,-0.05017065322224962,0.12995389189028145,-1.3607364107541395,covid_onset
2020-03-22 22:00:00,NORMAL,0.40728634215917525,-0.04806846248976939,0.2992149967400822,-1.3607364107541395,covid_onset
2020-03-22 23:00:00,NORMAL,0.394920846274159,-0.046503246770141636,0.3574397448427668,-1.3607364107541395,covid_onset
2020-03-23 00:00:00,NORMAL,0.3842288333678396,-0.045110121320765285,0.31950009920524386,-1.3607364107541395,covid_onset
2020-03-23 01:00:00,NORMAL,0.3752258510809665,-0.0445270465662723,0.21911563243199925,-1.3607364107541395,covid_onset
2020-03-23 02:00:00,NORMAL,0.36604007222635415,-0.043551959662490584,0.1760739798256729,-1.3607364107541395,covid_onset
2020-03-23 03:00:00,NORMAL,0.3569696151064176,-0.04356632964358709,0.15985785934650948,-1.3607364107541395,covid_onset
2020-03-23 04:00:00,NORMAL,0.34610468816799705,-0.04374924471109998,-0.12549256005058276,-1.3607364107541395,covid_onset
2020-03-23 05:00:00,NORMAL,0.3336396578812714,-0.04250221901152972,-0.21041380267545895,-1.3607364107541395,covid_onset
2020-03-23 06:00:00,NORMAL,0.318252823777377,-0.03830032240860259,-0.6582331078833509,-1.3607364107541395,covid_onset
2020-03-23 07:00:00,NORMAL,0.3035680222570485,-0.030899472468017188,-0.9900805257638194,-1.3607364107541395,covid_onset
2020-03-23 08:00:00,NORMAL,0.2875911318674395,-0.019077425824455926,-1.7051643756408235,-1.3607364107541395,covid_onset
2020-03-23 09:00:00,NORMAL,0.2736761345711069,-0.006996711211055173,-2.2438417517639477,-1.3607364107541395,covid_onset
2020-03-23 10:00:00,NORMAL,0.2580154562727265,0.006890908284798633,-2.3906944169793656,-1.3607364107541395,covid_onset
2020-03-23 11:00:00,NORMAL,0.24318759077864976,0.019951061198435014,-2.2747569903789806,-1.3607364107541395,covid_onset
2020-03-23 12:00:00,NORMAL,0.22738892491174592,0.031535434482156156,-2.1338525489368068,-1.3607364107541395,covid_onset
2020-03-23 13:00:00,NORMAL,0.2120124911460565,0.042091308763223624,-2.2544597661068653,-1.3607364107541395,covid_onset
2020-03-23 14:00:00,NORMAL,0.19589232395220668,0.05248799177894508,-2.318379313099142,-1.3607364107541395,covid_onset
2020-03-23 15:00:00,NORMAL,0.18039038793684936,0.061878918473279955,-2.4204551980159623,-1.3607364107541395,covid_onset
2020-03-23 16:00:00,NORMAL,0.16252148852955295,0.06780591379875053,-2.71241261054909,-1.3607364107541395,covid_onset
2020-03-23 17:00:00,NORMAL,0.14631085395902246,0.0736767226174125,-2.121074816237954,-1.3607364107541395,covid_onset
2020-03-23 18:00:00,NORMAL,0.13400479635938997,0.07904000106166366,-1.514652953717784,-1.3607364107541395,covid_onset
2020-03-23 19:00:00,NORMAL,0.1279622230295813,0.0837347688388273,-0.37940350066591194,-1.3607364107541395,covid_onset
2020-03-23 20:00:00,NORMAL,0.1233919271990089,0.08695886849642098,-0.18813106970698865,-1.3607364107541395,covid_onset
2020-03-23 21:00:00,NORMAL,0.11882311231791777,0.08954306575729876,0.11168606599989414,-1.3607364107541395,covid_onset
2020-03-23 22:00:00,NORMAL,0.11673236205255416,0.09191736907182557,0.35843920607729546,-1.3607364107541395,covid_onset
2020-03-23 23:00:00,NORMAL,0.11209163438048998,0.09384933810320162,0.6228669033695027,-1.3607364107541395,covid_onset
2020-03-24 00:00:00,NORMAL,0.1123146287650711,0.09615336831359528,1.44084552215661,-1.3607364107541395,covid_onset
2020-03-24 01:00:00,NORMAL,0.1117957066014197,0.09998946093233997,1.568249807429861,-1.3607364107541395,covid_onset
2020-03-24 02:00:00,NORMAL,0.11267392280095728,0.10404187510300954,1.6272616634641817,-1.3607364107541395,covid_onset
2020-03-24 03:00:00,NORMAL,0.11335835910460676,0.10760321007046884,1.2406256818215644,-1.3607364107541395,covid_onset
2020-03-24 04:00:00,NORMAL,0.11219892429336233,0.1116346218512315,1.2467362214639586,-1.3607364107541395,covid_onset
2020-03-24 05:00:00,NORMAL,0.10920147139315561,0.11433562660088116,0.9377767401262112,-1.3607364107541395,covid_onset
2020-03-24 06:00:00,NORMAL,0.10633374266643655,0.11502258790582415,0.3362454510769687,-1.3607364107541395,covid_onset
2020-03-24 07:00:00,NORMAL,0.10198041050520637,0.11238856262396352,-0.2783157594424205,-1.3607364107541395,covid_onset
2020-03-24 08:00:00,NORMAL,0.09436591679242826,0.10521442925492469,-1.636585142526742,-1.3607364107541395,covid_onset
2020-03-24 09:00:00,NORMAL,0.08324820760254951,0.09717952443933338,-2.3532462923415256,-1.3607364107541395,covid_onset
2020-03-24 10:00:00,NORMAL,0.07171684327829303,0.0869342886551215,-2.6533977284598445,-1.3607364107541395,covid_onset
2020-03-24 11:00:00,NORMAL,0.05713638403422496,0.07642073369368334,-2.735581678820523,-1.3607364107541395,covid_onset
2020-03-24 12:00:00,NORMAL,0.041227045772979566,0.06629675562398009,-2.584246476266481,-1.3607364107541395,covid_onset
2020-03-24 13:00:00,NORMAL,0.024492536155493808,0.056471684033460624,-2.7219349854373327,-1.3607364107541395,covid_onset
2020-03-24 14:00:00,NORMAL,0.006831591611295899,0.046307230922644216,-2.908293521576426,-1.3607364107541395,covid_onset
2020-03-24 15:00:00,NORMAL,-0.01193539965166316,0.03642099776410401,-3.320479997307608,-1.3607364107541395,covid_onset
2020-03-24 16:00:00,NORMAL,-0.031541554436779445,0.02945734678411138,-3.610536810818258,-1.3607364107541395,covid_onset
2020-03-24 17:00:00,NORMAL,-0.049527828696867775,0.023607538013597325,-2.883908523649316,-1.3607364107541395,covid_onset
2020-03-24 18:00:00,NORMAL,-0.06463487589153055,0.017659836414133757,-2.4650926918833633,-1.3607364107541395,covid_onset
2020-03-24 19:00:00,NORMAL,-0.0725113500219482,0.012764755381448147,-0.931478034328825,-1.3607364107541395,covid_onset
2020-03-24 20:00:00,NORMAL,-0.07780021715732348,0.009817439020000146,-0.3415334322035139,-1.3607364107541395,covid_onset
2020-03-24 21:00:00,NORMAL,-0.08092983847293944,0.007399568849865704,0.01999361590580743,-1.3607364107541395,covid_onset
2020-03-24 22:00:00,NORMAL,-0.08287306275539086,0.005527919870023274,0.46157742246993905,-1.3607364107541395,covid_onset
2020-03-24 23:00:00,NORMAL,-0.08629363328254558,0.004049863456867376,0.8451230305358584,-1.3607364107541395,covid_onset
2020-03-25 00:00:00,NORMAL,-0.0899426641441418,0.001171369290621968,1.2561817176986063,-1.3607364107541395,covid_onset
2020-03-25 01:00:00,NORMAL,-0.09344422048796949,-0.0026656168563170563,1.2276963338005198,-1.3607364107541395,covid_onset
2020-03-25 02:00:00,NORMAL,-0.0983446016281843,-0.0069765002797800455,1.1488090205109651,-1.3607364107541395,covid_onset
2020-03-25 03:00:00,NORMAL,-0.10192979486386401,-0.009589196994730601,1.1838274798982318,-1.3607364107541395,covid_onset
2020-03-25 04:00:00,NORMAL,-0.1053425755685272,-0.012837406972565578,1.1631031794235072,-1.3607364107541395,covid_onset
2020-03-25 05:00:00,NORMAL,-0.1125362702385169,-0.01640977290945824,0.4462691016962545,-1.3607364107541395,covid_onset
2020-03-25 06:00:00,NORMAL,-0.11657802808481463,-0.01910050139678238,0.13976471611725072,-1.3607364107541395,covid_onset
2020-03-25 07:00:00,NORMAL,-0.12474988562447538,-0.02225352116025112,-0.927858662202257,-1.3607364107541395,covid_onset
2020-03-25 08:00:00,NORMAL,-0.1412676292465426,-0.025065625701233402,-2.6783096707179004,-1.3607364107541395,covid_onset
2020-03-25 09:00:00,NORMAL,-0.15993427398593685,-0.028052959250218775,-3.545233298640763,-1.3607364107541395,covid_onset
2020-03-25 10:00:00,NORMAL,-0.1787451204969408,-0.030701991277591257,-3.803734958319369,-1.3607364107541395,covid_onset
2020-03-25 11:00:00,NORMAL,-0.20005730144933032,-0.03276131140968802,-3.8888550239129263,-1.3607364107541395,covid_onset
2020-03-25 12:00:00,NORMAL,-0.22107014962419505,-0.03476763494332938,-3.7272238049764557,-1.3607364107541395,covid_onset
2020-03-25 13:00:00,NORMAL,-0.24049109162800977,-0.03588486347941077,-3.5482739092575106,-1.3607364107541395,covid_onset
2020-03-25 14:00:00,NORMAL,-0.2601397885467364,-0.036218393519788096,-3.5821076920524266,-1.3607364107541395,covid_onset
2020-03-25 15:00:00,NORMAL,-0.27855864597407265,-0.033673260360961715,-3.354917264422853,-1.3607364107541395,covid_onset
2020-03-25 16:00:00,NORMAL,-0.29666560096676037,-0.030602611877877165,-3.410655807224559,-1.3607364107541395,covid_onset
2020-03-25 17:00:00,NORMAL,-0.3124464805564231,-0.028702209220595586,-2.8415984610161202,-1.3607364107541395,covid_onset
2020-03-25 18:00:00,NORMAL,-0.32407602089787885,-0.0260884207565108,-2.1377752972547897,-1.3607364107541395,covid_onset
2020-03-25 19:00:00,NORMAL,-0.32753730477045695,-0.02371143986343704,-0.670326293182619,-1.3607364107541395,covid_onset
2020-03-25 20:00:00,NORMAL,-0.32942440171640414,-0.022844319989394114,-0.2125645624321436,-1.3607364107541395,covid_onset
2020-03-25 21:00:00,NORMAL,-0.33274396837044573,-0.022952428270713966,-0.10739146033049912,-1.3607364107541395,covid_onset
2020-03-25 22:00:00,NORMAL,-0.3361737849329974,-0.023612834169629244,0.32435022585441975,-1.3607364107541395,covid_onset
2020-03-25 23:00:00,NORMAL,-0.34118623150927413,-0.02520199005126476,0.3813119937904549,-1.3607364107541395,covid_onset
2020-03-26 00:00:00,NORMAL,-0.34415049660647157,-0.02568484496836772,0.8450491891151762,-1.3607364107541395,covid_onset
2020-03-26 01:00:00,NORMAL,-0.3495022565487479,-0.026101107370903476,0.7022873858716953,-1.3607364107541395,covid_onset
2020-03-26 02:00:00,NORMAL,-0.35407845707650215,-0.026075657009811588,0.6937186393999947,-1.3607364107541395,covid_onset
2020-03-26 03:00:00,NORMAL,-0.35825406665764586,-0.02711472139319474,0.6505278853076575,-1.3607364107541395,covid_onset
2020-03-26 04:00:00,NORMAL,-0.36275387564971295,-0.02837213332370606,0.47957996407558523,-1.3607364107541395,covid_onset
2020-03-26 05:00:00,NORMAL,-0.3678099052482772,-0.028204582873268522,0.04509327589557131,-1.3607364107541395,covid_onset
2020-03-26 06:00:00,NORMAL,-0.376752759667767,-0.029849917355557004,-0.8082790999504241,-1.3607364107541395,covid_onset
2020-03-26 07:00:00,NORMAL,-0.3897565513281938,-0.029472729800602934,-1.3940306843134354,-1.3607364107541395,covid_onset
2020-03-26 08:00:00,NORMAL,-0.4058150065037905,-0.026277131322801225,-2.471936805108649,-1.3607364107541395,covid_onset
2020-03-26 09:00:00,NORMAL,-0.42448978742845817,-0.023487188093787803,-3.71122069769077,-1.3607364107541395,covid_onset
2020-03-26 10:00:00,NORMAL,-0.4444622149931769,-0.020413405407657664,-3.9091077894559567,-1.3607364107541395,covid_onset
2020-03-26 11:00:00,NORMAL,-0.46623186567985514,-0.017287950221719642,-3.9628662723701784,-1.3607364107541395,covid_onset
2020-03-26 12:00:00,NORMAL,-0.48638974052123013,-0.013654677329817113,-3.6022523257427284,-1.3607364107541395,covid_onset
2020-03-26 13:00:00,NORMAL,-0.5064258222473235,-0.011072364372656122,-3.5123748460859523,-1.3607364107541395,covid_onset
2020-03-26 14:00:00,NORMAL,-0.5243017553211544,-0.008346317425936856,-3.379684152480936,-1.3607364107541395,covid_onset
2020-03-26 15:00:00,NORMAL,-0.5419634199735548,-0.007675061173659702,-3.17664598280066,-1.3607364107541395,covid_onset
2020-03-26 16:00:00,NORMAL,-0.5606908298406036,-0.008262259400894164,-3.4105087305749544,-1.3607364107541395,covid_onset
2020-03-26 17:00:00,NORMAL,-0.5773635775233258,-0.008366098219781617,-2.8414845901057744,-1.3607364107541395,covid_onset
2020-03-26 18:00:00,NORMAL,-0.5918773026649585,-0.00893046253255984,-2.0758770523645125,-1.3607364107541395,covid_onset
2020-03-26 19:00:00,NORMAL,-0.6008076667679498,-0.011039093691983916,-1.1201681380870703,-1.3607364107541395,covid_onset
2020-03-26 20:00:00,NORMAL,-0.6085594654246412,-0.012667912089813086,-0.6145756937900878,-1.3607364107541395,covid_onset
2020-03-26 21:00:00,NORMAL,-0.6173628641172406,-0.013220605313752702,-0.4174548689120183,-1.3607364107541395,covid_onset
2020-03-26 22:00:00,NORMAL,-0.6261556893950769,-0.014190786716932502,-0.16259129737837744,-1.3607364107541395,covid_onset
2020-03-26 23:00:00,NORMAL,-0.6394329057848573,-0.013708570498279497,0.13306575162011727,-1.3607364107541395,covid_onset
2020-03-27 00:00:00,NORMAL,-0.6545948045127501,-0.013645849527600522,0.47152236561965494,-1.3607364107541395,covid_onset
2020-03-27 01:00:00,NORMAL,-0.6670789896820172,-0.01222930216835468,0.8228354396150642,-1.3607364107541395,covid_onset
2020-03-27 02:00:00,NORMAL,-0.6799227039906777,-0.011325158444799631,0.6579453525413386,-1.3607364107541395,covid_onset
2020-03-27 03:00:00,NORMAL,-0.6951224877558884,-0.0108002235889468,0.36620201877414704,-1.3607364107541395,covid_onset
2020-03-27 04:00:00,NORMAL,-0.709111535519167,-0.01014773709503558,0.1203143953707289,-1.3607364107541395,covid_onset
2020-03-27 05:00:00,NORMAL,-0.7169156101093529,-0.010216995010572303,-0.379473621719971,-1.3607364107541395,covid_onset
2020-03-27 06:00:00,NORMAL,-0.7342549475998301,-0.008625983978302923,-1.0167401994306833,-1.3607364107541395,covid_onset
2020-03-27 07:00:00,NORMAL,-0.754325204342973,-0.008253039901802596,-1.6935132440971623,-1.3607364107541395,covid_onset
2020-03-27 08:00:00,NORMAL,-0.7714315792669024,-0.010625209929141954,-3.1520889750214143,-1.3607364107541395,covid_onset
2020-03-27 09:00:00,NORMAL,-0.7876444918931091,-0.010247707634086637,-3.750629152339253,-1.3607364107541395,covid_onset
2020-03-27 10:00:00,NORMAL,-0.8041161894476729,-0.00991242853275779,-3.9107676922910244,-1.3607364107541395,covid_onset
2020-03-27 11:00:00,NORMAL,-0.8220301439619048,-0.009334704851677481,-3.8551818035892,-1.3607364107541395,covid_onset
2020-03-27 12:00:00,NORMAL,-0.8411371493380793,-0.010030759464685585,-3.704054569189693,-1.3607364107541395,covid_onset
2020-03-27 13:00:00,NORMAL,-0.8588843354980604,-0.010270462290416933,-3.5520772330340695,-1.3607364107541395,covid_onset
2020-03-27 14:00:00,NORMAL,-0.8734868853145831,-0.011057992130391714,-3.4213659681317727,-1.3607364107541395,covid_onset
2020-03-27 15:00:00,NORMAL,-0.8862241823929754,-0.012809614730373406,-3.558283578084506,-1.3607364107541395,covid_onset
2020-03-27 16:00:00,NORMAL,-0.8958857936685777,-0.012416858399292819,-3.274879760019903,-1.3607364107541395,covid_onset
2020-03-27 17:00:00,NORMAL,-0.9062764306728871,-0.012349111695871764,-2.8137718422536344,-1.3607364107541395,covid_onset
2020-03-27 18:00:00,NORMAL,-0.917217823298463,-0.013011058428575348,-2.3324708041277784,-1.3607364107541395,covid_onset
2020-03-27 19:00:00,NORMAL,-0.9220796128700958,-0.011111195004335363,-0.9311904973135312,-1.3607364107541395,covid_onset
2020-03-27 20:00:00,NORMAL,-0.9259892251792549,-0.009800550017950127,-0.5891108130845059,-1.3607364107541395,covid_onset
2020-03-27 21:00:00,NORMAL,-0.9288255341176617,-0.007942640279454108,-0.11642354127251359,-1.3607364107541395,covid_onset
2020-03-27 22:00:00,NORMAL,-0.930354061758386,-0.005316451700308163,0.28550225126138556,-1.3607364107541395,covid_onset
2020-03-27 23:00:00,NORMAL,-0.9309815610057081,-0.0043046548848463895,0.3096045728807228,-1.3607364107541395,covid_onset
2020-03-28 00:00:00,NORMAL,-0.9301451321091179,-0.0024835883578079626,0.8783157073449649,-1.3607364107541395,covid_onset
2020-03-28 01:00:00,NORMAL,-0.9305924800643314,-0.002193318709028593,1.0908083572337743,-1.3607364107541395,covid_onset
2020-03-28 02:00:00,NORMAL,-0.9341021424091835,-0.0018559728654487509,0.7004358766737957,-1.3607364107541395,covid_onset
2020-03-28 03:00:00,NORMAL,-0.9364996828036934,-0.0003411204760022177,0.7311081181185546,-1.3607364107541395,covid_onset
2020-03-28 04:00:00,NORMAL,-0.9370190632387378,0.0014646584311377136,0.6648002733492887,-1.3607364107541395,covid_onset
2020-03-28 05:00:00,NORMAL,-0.9397832026415764,0.003299305959243481,0.5329145014747125,-1.3607364107541395,covid_onset
2020-03-28 06:00:00,NORMAL,-0.9432896406178235,0.004284107608446313,0.35403993097252456,-1.3607364107541395,covid_onset
2020-03-28 07:00:00,NORMAL,-0.9459889158046741,0.004437771629083066,0.4519056056298019,-1.3607364107541395,covid_onset
2020-03-28 08:00:00,NORMAL,-0.9493425081387515,0.005871668131226055,0.08438171259992959,-1.3607364107541395,covid_onset
2020-03-28 09:00:00,NORMAL,-0.9529146741703978,0.00505803286949474,-0.3994179320206567,-1.3607364107541395,covid_onset
2020-03-28 10:00:00,NORMAL,-0.9561323347537316,0.003211208119949153,-0.8052328413986005,-1.3607364107541395,covid_onset
2020-03-28 11:00:00,NORMAL,-0.9604989422028046,0.00015273564498561286,-1.0532878551796332,-1.3607364107541395,covid_onset
2020-03-28 12:00:00,NORMAL,-0.9625581401781896,-0.001490793827722983,-0.8706519003533231,-1.3607364107541395,covid_onset
2020-03-28 13:00:00,NORMAL,-0.9645008657924505,-0.004023651395960819,-0.919382709289492,-1.3607364107541395,covid_onset
2020-03-28 14:00:00,NORMAL,-0.9655823759059154,-0.006673477114825951,-0.7306160958820903,-1.3607364107541395,covid_onset
2020-03-28 15:00:00,NORMAL,-0.9670733006025921,-0.007206268022344835,-0.6064879309848201,-1.3607364107541395,covid_onset
2020-03-28 16:00:00,NORMAL,-0.9692169537487617,-0.009803824966232888,-0.6849980058225711,-1.3607364107541395,covid_onset
2020-03-28 17:00:00,NORMAL,-0.9710042567891293,-0.010997477462428453,-0.5595746077360688,-1.3607364107541395,covid_onset
2020-03-28 18:00:00,NORMAL,-0.9727719838276737,-0.011960862567316119,-0.8621177854034493,-1.3607364107541395,covid_onset
2020-03-28 19:00:00,NORMAL,-0.9777524361265613,-0.014514117527282372,-0.729472007239059,-1.3607364107541395,covid_onset
2020-03-28 20:00:00,NORMAL,-0.9793211811233843,-0.015546483102200803,-0.20525252458513157,-1.3607364107541395,covid_onset
2020-03-28 21:00:00,NORMAL,-0.9792728298988455,-0.017416641338988202,0.34624326787034587,-1.3607364107541395,covid_onset
2020-03-28 22:00:00,NORMAL,-0.9797109843684612,-0.020498470800372964,0.3261148691548376,-1.3607364107541395,covid_onset
2020-03-28 23:00:00,NORMAL,-0.9779207184407067,-0.02152677936544717,0.6291175318323505,-1.3607364107541395,covid_onset
2020-03-29 00:00:00,NORMAL,-0.9777718995786951,-0.023984553879251608,0.2026360578893689,-1.3607364107541395,covid_onset
2020-03-29 01:00:00,NORMAL,-0.9767717964926154,-0.025395187625099663,0.6478877490449874,-1.3607364107541395,covid_onset
2020-03-29 02:00:00,NORMAL,-0.975368394217441,-0.025753475053442224,0.6511015127521903,-1.3607364107541395,covid_onset
2020-03-29 03:00:00,NORMAL,-0.9747045364285528,-0.026656217965558133,0.7186728200135817,-1.3607364107541395,covid_onset
2020-03-29 04:00:00,NORMAL,-0.9735119903499316,-0.02783339189623661,0.5956911328291955,-1.3607364107541395,covid_onset
2020-03-29 05:00:00,NORMAL,-0.9736739345186957,-0.029164905277947174,0.34935457579073137,-1.3607364107541395,covid_onset
2020-03-29 06:00:00,NORMAL,-0.9751729200864622,-0.03152517176142017,-0.37043250717737297,-1.3607364107541395,covid_onset
2020-03-29 07:00:00,NORMAL,-0.9776134400587994,-0.03401244627657125,-0.5431334738485465,-1.3607364107541395,covid_onset
2020-03-29 08:00:00,NORMAL,-0.981713062046779,-0.03885013655814282,-1.2179246714930698,-1.3607364107541395,covid_onset
2020-03-29 09:00:00,NORMAL,-0.9842421826045005,-0.04172260881841879,-1.1935343214022418,-1.3607364107541395,covid_onset
2020-03-29 10:00:00,NORMAL,-0.9859758666575174,-0.043288803793016535,-1.4690313053059472,-1.3607364107541395,covid_onset
2020-03-29 11:00:00,NORMAL,-0.9887819780241186,-0.04352803317697925,-1.6967345069527153,-1.3607364107541395,covid_onset
2020-03-29 12:00:00,NORMAL,-0.991465377422921,-0.044767367560916115,-1.6977260313079243,-1.3607364107541395,covid_onset
2020-03-29 13:00:00,NORMAL,-0.9949933705947526,-0.04515519517648961,-1.8120856809364476,-1.3607364107541395,covid_onset
2020-03-29 14:00:00,NORMAL,-0.9968426476466167,-0.04480493568985086,-1.4543663285905326,-1.3607364107541395,covid_onset
2020-03-29 15:00:00,NORMAL,-0.9977728370426898,-0.04497881638718599,-1.1923891921851992,-1.3607364107541395,covid_onset
2020-03-29 16:00:00,NORMAL,-0.9987370051454456,-0.043664190964450206,-0.9817606465304044,-1.3607364107541395,covid_onset
2020-03-29 17:00:00,NORMAL,-1.0011148955817772,-0.04465601943146443,-1.3518628077563366,-1.3607364107541395,covid_onset
2020-03-29 18:00:00,NORMAL,-1.0017487464808914,-0.044050875937834945,-1.2247037932632074,-1.3607364107541395,covid_onset
2020-03-29 19:00:00,NORMAL,-1.004576013438513,-0.04269427611495765,-0.998542545824268,-1.3607364107541395,covid_onset
2020-03-29 20:00:00,NORMAL,-1.0055976922981957,-0.04230417730363789,-0.4723288191306621,-1.3607364107541395,covid_onset
2020-03-29 21:00:00,NORMAL,-1.0040701673902892,-0.04127497679247801,0.3865780764185769,-1.3607364107541395,covid_onset
2020-03-29 22:00:00,NORMAL,-1.0009716594216367,-0.038397516804908785,0.8197643354737405,-1.3607364107541395,covid_onset
2020-03-29 23:00:00,NORMAL,-0.9962997687608638,-0.036660738716296694,1.142317375852593,-1.3607364107541395,covid_onset
2020-03-30 00:00:00,NORMAL,-0.9901271016395706,-0.032773760193119894,1.356508175582499,-1.3607364107541395,covid_onset
2020-03-30 01:00:00,NORMAL,-0.9846155043248029,-0.03089753248457175,1.1450639813129644,-1.3607364107541395,covid_onset
2020-03-30 02:00:00,NORMAL,-0.9770685339222046,-0.029218154119037554,1.443965007462197,-1.3607364107541395,covid_onset
2020-03-30 03:00:00,NORMAL,-0.9696923952706099,-0.027721963490865077,1.3990491528144364,-1.3607364107541395,covid_onset
2020-03-30 04:00:00,NORMAL,-0.9616030477698813,-0.026014622086978845,1.233517820071802,-1.3607364107541395,covid_onset
2020-03-30 05:00:00,NORMAL,-0.9548285938828355,-0.02316367757626535,0.9276944503482121,-1.3607364107541395,covid_onset
2020-03-30 06:00:00,NORMAL,-0.9488339575720138,-0.01660952746158985,0.34886579233471643,-1.3607364107541395,covid_onset
2020-03-30 07:00:00,NORMAL,-0.9480880450193554,-0.007401985132365923,-0.8647672169172023,-1.3607364107541395,covid_onset
2020-03-30 08:00:00,NORMAL,-0.9542528905513221,0.005543283192234722,-2.740858425011264,-1.3607364107541395,covid_onset
2020-03-30 09:00:00,NORMAL,-0.9619047768871107,0.015343963390961354,-3.529358656176407,-1.3607364107541395,covid_onset
2020-03-30 10:00:00,NORMAL,-0.9689765692949882,0.02583204556454181,-3.5787555415027916,-1.3607364107541395,covid_onset
2020-03-30 11:00:00,NORMAL,-0.9783634436727922,0.03510530503899436,-3.8517518858500455,-1.3607364107541395,covid_onset
2020-03-30 12:00:00,NORMAL,-0.9872900272638723,0.04422536129499394,-3.633518592238284,-1.3607364107541395,covid_onset
2020-03-30 13:00:00,NORMAL,-0.9950671680881359,0.05358951252738886,-3.561019424583158,-1.3607364107541395,covid_onset
2020-03-30 14:00:00,NORMAL,-1.0030859006774708,0.060883760170055895,-3.665526388107389,-1.3607364107541395,covid_onset
2020-03-30 15:00:00,NORMAL,-1.0095672334027035,0.06681800857272538,-3.509319095855048,-1.3607364107541395,covid_onset
2020-03-30 16:00:00,NORMAL,-1.0150039004398508,0.06990799531540756,-3.625772672789824,-1.3607364107541395,covid_onset
2020-03-30 17:00:00,NORMAL,-1.0193803446651306,0.07536219281701648,-2.8563174460849443,-1.3607364107541395,covid_onset
2020-03-30 18:00:00,NORMAL,-1.0223550951962335,0.07945945034598735,-2.0144110429431006,-1.3607364107541395,covid_onset
2020-03-30 19:00:00,NORMAL,-1.0248623352112727,0.08323839202306321,-0.8006198231925118,-1.3607364107541395,covid_onset
2020-03-30 20:00:00,NORMAL,-1.02594072902036,0.08607535218608313,-0.36930122963363327,-1.3607364107541395,covid_onset
2020-03-30 21:00:00,NORMAL,-1.0259428353313187,0.0875699791177007,0.11133220575880165,-1.3607364107541395,covid_onset
2020-03-30 22:00:00,NORMAL,-1.024930096750253,0.0879678633701833,0.5285792876963716,-1.3607364107541395,covid_onset
2020-03-30 23:00:00,NORMAL,-1.0235093823345218,0.08762621228062577,0.86154692521233,-1.3607364107541395,covid_onset
2020-03-31 00:00:00,NORMAL,-1.0243712275045536,0.0850559333908375,1.2960555335912467,-1.3607364107541395,covid_onset
2020-03-31 01:00:00,NORMAL,-1.0248936437326746,0.08476453844912603,1.4804838811055605,-1.3607364107541395,covid_onset
2020-03-31 02:00:00,NORMAL,-1.025249733386536,0.08344803030000068,1.5674386016154558,-1.3607364107541395,covid_onset
2020-03-31 03:00:00,NORMAL,-1.0252869472606143,0.08162233450748528,1.2343737509764219,-1.3607364107541395,covid_onset
2020-03-31 04:00:00,NORMAL,-1.0243291055717596,0.0804292795068684,1.407653625191563,-1.3607364107541395,covid_onset
2020-03-31 05:00:00,NORMAL,-1.0271681443301435,0.07702787723133232,0.4608182287176722,-1.3607364107541395,covid_onset
2020-03-31 06:00:00,NORMAL,-1.0305860772330768,0.07106073558499165,-0.23796727661582023,-1.3607364107541395,covid_onset
2020-03-31 07:00:00,NORMAL,-1.0365816708179907,0.06392404404529846,-1.2855754817079392,-1.3607364107541395,covid_onset
2020-03-31 08:00:00,NORMAL,-1.042356361646834,0.05656091642153866,-2.6067332017724536,-1.3607364107541395,covid_onset
2020-03-31 09:00:00,NORMAL,-1.0500361599383337,0.050224579158407695,-3.6434524053134645,-1.3607364107541395,covid_onset
2020-03-31 10:00:00,NORMAL,-1.05794604340943,0.041872712548077555,-3.9822581516039963,-1.3607364107541395,covid_onset
2020-03-31 11:00:00,NORMAL,-1.0672216819463576,0.034156786939396326,-4.29388895302432,-1.3607364107541395,covid_onset
2020-03-31 12:00:00,NORMAL,-1.074687968150437,0.027602813225402978,-3.8385825585518547,-1.3607364107541395,covid_onset
2020-03-31 13:00:00,NORMAL,-1.0806318449751957,0.020778175977626778,-3.7205062919967937,-1.3607364107541395,covid_onset
2020-03-31 14:00:00,NORMAL,-1.0841430161921306,0.016461119277711923,-3.498170286021469,-1.3607364107541395,covid_onset
2020-03-31 15:00:00,NORMAL,-1.0848497756602007,0.012646290019394704,-3.4392155879434068,-1.3607364107541395,covid_onset
2020-03-31 16:00:00,NORMAL,-1.0842441274154193,0.010790342465641091,-3.5087879056949762,-1.3607364107541395,covid_onset
2020-03-31 17:00:00,NORMAL,-1.086702936857214,0.0063709424911482515,-3.296988509870849,-1.3607364107541395,covid_onset
2020-03-31 18:00:00,NORMAL,-1.0833663135446874,0.003392423909347735,-1.9045399753788583,-1.3607364107541395,covid_onset
2020-03-31 19:00:00,NORMAL,-1.082285547741893,0.00038599168457874593,-0.7499093794593696,-1.3607364107541395,covid_onset
2020-03-31 20:00:00,NORMAL,-1.0820560452087715,-0.0016836605112153463,-0.30297700663908606,-1.3607364107541395,covid_onset
2020-03-31 21:00:00,NORMAL,-1.0817542595610925,-0.003383340844061902,0.07069360471584543,-1.3607364107541395,covid_onset
2020-03-31 22:00:00,NORMAL,-1.0831015738262704,-0.005657035677816767,0.2352286259200325,-1.3607364107541395,covid_onset
2020-03-31 23:00:00,NORMAL,-1.083445251515495,-0.006618784849152633,0.7873851787461248,-1.3607364107541395,covid_onset
2020-04-01 00:00:00,NORMAL,-1.0874007188017114,-0.007371623382371708,0.5916632136142762,-1.3607364107541395,covid_onset
2020-04-01 01:00:00,NORMAL,-1.0925022544839407,-0.009731678714563765,0.37063833918599054,-1.3607364107541395,covid_onset
2020-04-01 02:00:00,NORMAL,-1.0966499239282188,-0.011548168169680365,0.45200055387224786,-1.3607364107541395,covid_onset
2020-04-01 03:00:00,NORMAL,-1.104191853980362,-0.013194464822088706,-0.08321676886181816,-1.3607364107541395,covid_onset
2020-04-01 04:00:00,NORMAL,-1.1107590530286253,-0.015563851475519488,0.05981373931527658,-1.3607364107541395,covid_onset
2020-04-01 05:00:00,NORMAL,-1.1145852567595669,-0.015255023552387545,-0.19653312510193968,-1.3607364107541395,covid_onset
2020-04-01 06:00:00,NORMAL,-1.120305706107425,-0.014855603563337113,-0.8212707743229387,-1.3607364107541395,covid_onset
2020-04-01 07:00:00,NORMAL,-1.1296941858957628,-0.01579820838019425,-2.5051232666429963,-1.3607364107541395,covid_onset
2020-04-01 08:00:00,NORMAL,-1.1326640699191077,-0.018369769424296824,-3.1772501866398493,-1.3607364107541395,covid_onset
2020-04-01 09:00:00,NORMAL,-1.1332872366009046,-0.018789526997270694,-3.649925301182618,-1.3607364107541395,covid_onset
2020-04-01 10:00:00,NORMAL,-1.134070822910847,-0.018370253754886472,-3.9353774583896963,-1.3607364107541395,covid_onset
2020-04-01 11:00:00,NORMAL,-1.134835204924459,-0.017575577491959957,-4.017271202199758,-1.3607364107541395,covid_onset
2020-04-01 12:00:00,NORMAL,-1.1342345091935844,-0.018008157985430196,-3.6263069221895052,-1.3607364107541395,covid_onset
2020-04-01 13:00:00,NORMAL,-1.1338469741383708,-0.01837303601187291,-3.4831680199816315,-1.3607364107541395,covid_onset
2020-04-01 14:00:00,NORMAL,-1.1325448771050186,-0.02056743748172431,-3.363355390449249,-1.3607364107541395,covid_onset
2020-04-01 15:00:00,NORMAL,-1.131296414878201,-0.022345149419480532,-3.1451756103174913,-1.3607364107541395,covid_onset
2020-04-01 16:00:00,NORMAL,-1.1303427200039002,-0.024449491319042296,-3.2504350683420564,-1.3607364107541395,covid_onset
2020-04-01 17:00:00,NORMAL,-1.1308565158093573,-0.024051351564065394,-2.9279161563328855,-1.3607364107541395,covid_onset
2020-04-01 18:00:00,NORMAL,-1.1314819783457468,-0.02559743950007404,-2.2428530033682232,-1.3607364107541395,covid_onset
2020-04-01 19:00:00,NORMAL,-1.1367354886545058,-0.026616515415553283,-1.5529160250541525,-1.3607364107541395,covid_onset
2020-04-01 20:00:00,NORMAL,-1.1421371912318818,-0.027728924110756933,-1.1200505954313145,-1.3607364107541395,covid_onset
2020-04-01 21:00:00,NORMAL,-1.1463316435084516,-0.028852080578066385,-0.8120594427942023,-1.3607364107541395,covid_onset
2020-04-01 22:00:00,NORMAL,-1.150835389712596,-0.028919375100776384,-0.43227913644185023,-1.3607364107541395,covid_onset
2020-04-01 23:00:00,NORMAL,-1.1549676971491223,-0.030487449616879547,-0.3129156555459501,-1.3607364107541395,covid_onset
2020-04-02 00:00:00,NORMAL,-1.1580184504278432,-0.030138224304127537,0.33252263829005413,-1.3607364107541395,covid_onset
2020-04-02 01:00:00,NORMAL,-1.1617408254327057,-0.029132442147544017,0.0769283850547651,-1.3607364107541395,covid_onset
2020-04-02 02:00:00,NORMAL,-1.1645760876001077,-0.028040743847326816,0.2173945952764872,-1.3607364107541395,covid_onset
2020-04-02 03:00:00,NORMAL,-1.1664405827762618,-0.02518741752383902,0.33729269571376386,-1.3607364107541395,covid_onset
2020-04-02 04:00:00,NORMAL,-1.1695943585868367,-0.023397173448291977,-0.0502543721010175,-1.3607364107541395,covid_onset
2020-04-02 05:00:00,NORMAL,-1.1729864198942808,-0.02340302648567301,-0.5247730237550086,-1.3607364107541395,covid_onset
2020-04-02 06:00:00,NORMAL,-1.1736161611992877,-0.022734012959997423,-0.9140756391915691,-1.3607364107541395,covid_onset
2020-04-02 07:00:00,NORMAL,-1.178020637720549,-0.01981922603331029,-2.133982739885383,-1.3607364107541395,covid_onset
2020-04-02 08:00:00,NORMAL,-1.1814755081667734,-0.017179966774352212,-3.0523550400743176,-1.3607364107541395,covid_onset
2020-04-02 09:00:00,NORMAL,-1.1815720510840162,-0.016699507498068106,-3.7274399077875726,-1.3607364107541395,covid_onset
2020-04-02 10:00:00,NORMAL,-1.181781286044011,-0.015871467817679962,-3.944259262735024,-1.3607364107541395,covid_onset
2020-04-02 11:00:00,NORMAL,-1.182557689842222,-0.015571154161594332,-4.0933021104696845,-1.3607364107541395,covid_onset
2020-04-02 12:00:00,NORMAL,-1.1822848117655487,-0.01423690727540774,-3.556408808861593,-1.3607364107541395,covid_onset
2020-04-02 13:00:00,NORMAL,-1.1816477229325593,-0.013059722998355916,-3.4053439221437327,-1.3607364107541395,covid_onset
2020-04-02 14:00:00,NORMAL,-1.181202563782862,-0.011174668884292215,-3.3048974153317925,-1.3607364107541395,covid_onset
2020-04-02 15:00:00,NORMAL,-1.1813128949415577,-0.009825368910777468,-3.1951816174615386,-1.3607364107541395,covid_onset
2020-04-02 16:00:00,NORMAL,-1.1796802636978325,-0.007627306330960659,-3.136226681629122,-1.3607364107541395,covid_onset
2020-04-02 17:00:00,NORMAL,-1.1794116810537358,-0.006522943795924905,-2.7963627058975336,-1.3607364107541395,covid_onset
2020-04-02 18:00:00,NORMAL,-1.180117917616683,-0.005069264771173456,-2.1945247949396167,-1.3607364107541395,covid_onset
2020-04-02 19:00:00,NORMAL,-1.1850489072272214,-0.005255675497783541,-1.9485743926575496,-1.3607364107541395,covid_onset
2020-04-02 20:00:00,NORMAL,-1.1903736336640527,-0.005385063972539548,-1.50912973517773,-1.3607364107541395,covid_onset
2020-04-02 21:00:00,NORMAL,-1.1950832895243206,-0.005175196372258963,-1.2086770534370206,-1.3607364107541395,covid_onset
2020-04-02 22:00:00,NORMAL,-1.198911099350272,-0.0052365500852809875,-0.805663348138239,-1.3607364107541395,covid_onset
2020-04-02 23:00:00,NORMAL,-1.2012650224238781,-0.0033758080869209614,-0.2623933247457207,-1.3607364107541395,covid_onset
2020-04-03 00:00:00,NORMAL,-1.202572017746981,-0.003012122046149607,0.25194715133839185,-1.3607364107541395,covid_onset
2020-04-03 01:00:00,NORMAL,-1.2061979447325935,-0.0020999785995589916,0.21367970603216183,-1.3607364107541395,covid_onset
2020-04-03 02:00:00,NORMAL,-1.2093377588741026,-0.0018110858633734286,0.13045657676781494,-1.3607364107541395,covid_onset
2020-04-03 03:00:00,NORMAL,-1.21057071928951,-0.003017044772450775,0.15906466898568078,-1.3607364107541395,covid_onset
2020-04-03 04:00:00,NORMAL,-1.2134073866624244,-0.003404009304298187,-0.35624572327886556,-1.3607364107541395,covid_onset
2020-04-03 05:00:00,NORMAL,-1.2143625384732144,-0.0027626525609983593,-0.539939125932731,-1.3607364107541395,covid_onset
2020-04-03 06:00:00,NORMAL,-1.2161790362609775,-0.003442264193764892,-1.3219118277748307,-1.3607364107541395,covid_onset
2020-04-03 07:00:00,NORMAL,-1.2194299857171247,-0.004702756743879283,-2.2396727527299203,-1.3607364107541395,covid_onset
2020-04-03 08:00:00,NORMAL,-1.2192348616903894,-0.005363573836897014,-3.119308138529857,-1.3607364107541395,covid_onset
2020-04-03 09:00:00,NORMAL,-1.2187308290092962,-0.004859132568156109,-3.6659516619156163,-1.3607364107541395,covid_onset
2020-04-03 10:00:00,NORMAL,-1.218555599932273,-0.004576730774306293,-3.8813292073511203,-1.3607364107541395,covid_onset
2020-04-03 11:00:00,NORMAL,-1.217901196674736,-0.0028810161700618055,-3.745242056322979,-1.3607364107541395,covid_onset
2020-04-03 12:00:00,NORMAL,-1.216502439661533,-0.002814859967612682,-3.469063390971593,-1.3607364107541395,covid_onset
2020-04-03 13:00:00,NORMAL,-1.2159062604104207,-0.0033017299045107608,-3.451919118847199,-1.3607364107541395,covid_onset
2020-04-03 14:00:00,NORMAL,-1.2147714101974725,-0.0032400389227458244,-3.2307111323564714,-1.3607364107541395,covid_onset
2020-04-03 15:00:00,NORMAL,-1.2115528182688124,-0.0023057127474635157,-3.017560134069617,-1.3607364107541395,covid_onset
2020-04-03 16:00:00,NORMAL,-1.2092598719798593,-0.0018079487791138164,-2.8896647834757947,-1.3607364107541395,covid_onset
2020-04-03 17:00:00,NORMAL,-1.2085739808398455,-0.001918719580239048,-2.6985421307312656,-1.3607364107541395,covid_onset
2020-04-03 18:00:00,NORMAL,-1.2076264107840722,-0.0019946254443015915,-2.1732790347578907,-1.3607364107541395,covid_onset
2020-04-03 19:00:00,NORMAL,-1.2115041747455686,6.090204383606771e-05,-1.5826548428449432,-1.3607364107541395,covid_onset
2020-04-03 20:00:00,NORMAL,-1.2154117809365044,0.0018172961527142218,-1.245588653161745,-1.3607364107541395,covid_onset
2020-04-03 21:00:00,NORMAL,-1.219247386999257,0.004047683362642547,-0.7608053598149175,-1.3607364107541395,covid_onset
2020-04-03 22:00:00,NORMAL,-1.2231941792623384,0.0060655763844694455,-0.3775588489363094,-1.3607364107541395,covid_onset
2020-04-03 23:00:00,NORMAL,-1.2250470953204102,0.00657017680070173,-0.0016853248753218263,-1.3607364107541395,covid_onset
2020-04-04 00:00:00,NORMAL,-1.2306754380074372,0.006758366405585186,-0.06724586407556814,-1.3607364107541395,covid_onset
2020-04-04 01:00:00,NORMAL,-1.2366560358374254,0.006829756733571525,0.08606792179574928,-1.3607364107541395,covid_onset
2020-04-04 02:00:00,NORMAL,-1.240610795405258,0.0074085515581624834,0.036036269277900414,-1.3607364107541395,covid_onset
2020-04-04 03:00:00,NORMAL,-1.2446212069940192,0.008074301061467474,0.0573589712066703,-1.3607364107541395,covid_onset
2020-04-04 04:00:00,NORMAL,-1.2492299497083184,0.009367197586262121,-0.10946850265293492,-1.3607364107541395,covid_onset
2020-04-04 05:00:00,NORMAL,-1.2541507484355379,0.009134613281388237,-0.293779684698163,-1.3607364107541395,covid_onset
2020-04-04 06:00:00,NORMAL,-1.2573860344272587,0.00991800190971955,-0.1894881156366036,-1.3607364107541395,covid_onset
2020-04-04 07:00:00,NORMAL,-1.2619896202827272,0.008862971425279554,-0.3214968180889099,-1.3607364107541395,covid_onset
2020-04-04 08:00:00,NORMAL,-1.26612088353808,0.007808963817162083,-0.6096705142993224,-1.3607364107541395,covid_onset
2020-04-04 09:00:00,NORMAL,-1.2693342457248826,0.005788385586170814,-0.9392627794035011,-1.3607364107541395,covid_onset
2020-04-04 10:00:00,NORMAL,-1.271722320923588,0.0038215263086971638,-1.2064294747810866,-1.3607364107541395,covid_onset
2020-04-04 11:00:00,NORMAL,-1.2728504721160927,0.0007919515904567142,-1.2428172555204196,-1.3607364107541395,covid_onset
2020-04-04 12:00:00,NORMAL,-1.2758800486015813,-0.001655509069286714,-1.3796207499154436,-1.3607364107541395,covid_onset
2020-04-04 13:00:00,NORMAL,-1.2789925017846513,-0.0037332838152788414,-1.4422748440452295,-1.3607364107541395,covid_onset
2020-04-04 14:00:00,NORMAL,-1.281519791901738,-0.0056434365818798906,-1.1552008355526886,-1.3607364107541395,covid_onset
2020-04-04 15:00:00,NORMAL,-1.2851366306360652,-0.008335543397489072,-1.214116838351756,-1.3607364107541395,covid_onset
2020-04-04 16:00:00,NORMAL,-1.288822103826219,-0.011207452217776019,-1.3041575017684321,-1.3607364107541395,covid_onset
2020-04-04 17:00:00,NORMAL,-1.2922028930589957,-0.011971230341819407,-1.1275471988425554,-1.3607364107541395,covid_onset
2020-04-04 18:00:00,NORMAL,-1.2954563983539902,-0.013382129591221361,-1.4087066749624761,-1.3607364107541395,covid_onset
2020-04-04 19:00:00,NORMAL,-1.2954496455551046,-0.014882964291378593,-0.7283375370263246,-1.3607364107541395,covid_onset
2020-04-04 20:00:00,NORMAL,-1.2981633921527234,-0.01597242023913104,-0.6611619529850804,-1.3607364107541395,covid_onset
2020-04-04 21:00:00,NORMAL,-1.302526104077805,-0.01772253321845528,-0.38669233554335275,-1.3607364107541395,covid_onset
2020-04-04 22:00:00,NORMAL,-1.3053115369668769,-0.01931893412361037,-0.141837856209224,-1.3607364107541395,covid_onset
2020-04-04 23:00:00,NORMAL,-1.3078702330013552,-0.020321897762111973,0.1992565980399734,-1.3607364107541395,covid_onset
2020-04-05 00:00:00,NORMAL,-1.3082371396327548,-0.01981015484034489,0.1409957438142384,-1.3607364107541395,covid_onset
2020-04-05 01:00:00,NORMAL,-1.3106955726553617,-0.01982280665652132,0.2348710012469893,-1.3607364107541395,covid_onset
2020-04-05 02:00:00,NORMAL,-1.314150117738959,-0.020143350885735125,0.07073793870789476,-1.3607364107541395,covid_onset
2020-04-05 03:00:00,NORMAL,-1.317883484139927,-0.020373610936927317,0.09146726465093134,-1.3607364107541395,covid_onset
2020-04-05 04:00:00,NORMAL,-1.3221078861364415,-0.021074890990051696,-0.11400840258520796,-1.3607364107541395,covid_onset
2020-04-05 05:00:00,NORMAL,-1.3265798492260097,-0.021077509289732,-0.40193522325676034,-1.3607364107541395,covid_onset
2020-04-05 06:00:00,NORMAL,-1.329694546408572,-0.022810460102549158,-0.8937016338478204,-1.3607364107541395,covid_onset
2020-04-05 07:00:00,NORMAL,-1.334485741198078,-0.024719281153645842,-1.3480541984855836,-1.3607364107541395,covid_onset
2020-04-05 08:00:00,NORMAL,-1.3370100359293717,-0.02789589966807951,-1.6420061863503843,-1.3607364107541395,covid_onset
2020-04-05 09:00:00,NORMAL,-1.3400823666259112,-0.030025243301361474,-1.7096858784208886,-1.3607364107541395,covid_onset
2020-04-05 10:00:00,NORMAL,-1.3434369908842247,-0.03274262424058302,-2.0326081807026304,-1.3607364107541395,covid_onset
2020-04-05 11:00:00,NORMAL,-1.3464316240407408,-0.03580850549836009,-2.1998328772474025,-1.3607364107541395,covid_onset
2020-04-05 12:00:00,NORMAL,-1.3494234980949573,-0.037183510914849636,-2.200360872416303,-1.3607364107541395,covid_onset
2020-04-05 13:00:00,NORMAL,-1.3525629238225703,-0.03830430699757841,-2.3395092031754263,-1.3607364107541395,covid_onset
2020-04-05 14:00:00,NORMAL,-1.3559809564094985,-0.039654178174434014,-2.0285958031944458,-1.3607364107541395,covid_onset
2020-04-05 15:00:00,NORMAL,-1.3595364138576476,-0.039551707691362833,-1.7897060434742478,-1.3607364107541395,covid_onset
2020-04-05 16:00:00,SHIFT,-1.3643446350588182,-0.03902197703019335,-1.7895418083271077,-1.3607364107541395,covid_onset
2020-04-05 17:00:00,SHIFT,-1.3670521219647926,-0.04042291311411989,-1.80672060796004,-1.3607364107541395,covid_onset
2020-04-05 18:00:00,SHIFT,-1.3673076898640542,-0.03871744722057135,-1.267639200339152,-1.3607364107541395,covid_onset
2020-04-05 19:00:00,SHIFT,-1.367474301689589,-0.038897761153502707,-1.0265333325140904,-1.3607364107541395,covid_onset
2020-04-05 20:00:00,SHIFT,-1.3680077488749722,-0.03830717682029109,-0.5619479462750505,-1.3607364107541395,covid_onset
2020-04-05 21:00:00,SHIFT,-1.3720278579750296,-0.03754135967498431,-0.2888002523910563,-1.3607364107541395,covid_onset
2020-04-05 22:00:00,SHIFT,-1.375331700444379,-0.03611894106320656,0.2647188006230329,-1.3607364107541395,covid_onset
2020-04-05 23:00:00,SHIFT,-1.3779637166369187,-0.034607367889178155,0.7001386555059114,-1.3607364107541395,covid_onset
2020-04-06 00:00:00,SHIFT,-1.380309568328265,-0.03422604177565706,0.9624050914363391,-1.3607364107541395,covid_onset
2020-04-06 01:00:00,SHIFT,-1.3818052442576616,-0.03386278332815506,0.8937904251743296,-1.3607364107541395,covid_onset
2020-04-06 02:00:00,SHIFT,-1.3838562401607952,-0.03251872241351972,1.0993976957357572,-1.3607364107541395,covid_onset
2020-04-06 03:00:00,SHIFT,-1.3854171691809607,-0.031050919579961672,1.1368130774265983,-1.3607364107541395,covid_onset
2020-04-06 04:00:00,SHIFT,-1.3841146534220006,-0.02815209841622043,1.4523404675771767,-1.3607364107541395,covid_onset
2020-04-06 05:00:00,SHIFT,-1.3864962711986109,-0.025094270817086026,0.5275826638776412,-1.3607364107541395,covid_onset
2020-04-06 06:00:00,SHIFT,-1.3897584561292393,-0.0186642615965992,-0.19918127601087995,-1.3607364107541395,covid_onset
2020-04-06 07:00:00,SHIFT,-1.3927594116203283,-0.00787797631584119,-1.368927739420137,-1.3607364107541395,covid_onset
2020-04-06 08:00:00,SHIFT,-1.3896299980753153,0.006652732399895767,-2.215116949449072,-1.3607364107541395,covid_onset
2020-04-06 09:00:00,SHIFT,-1.3855342356439646,0.020433320124431654,-2.8412705677094623,-1.3607364107541395,covid_onset
2020-04-06 10:00:00,SHIFT,-1.3827295050627608,0.03537406319370464,-3.107560803860564,-1.3607364107541395,covid_onset
2020-04-06 11:00:00,SHIFT,-1.3785839214198023,0.049977093672279926,-3.1552938338330336,-1.3607364107541395,covid_onset
2020-04-06 12:00:00,SHIFT,-1.3733960751527223,0.06282056124460943,-2.7619604193688265,-1.3607364107541395,covid_onset
2020-04-06 13:00:00,SHIFT,-1.368637855766467,0.07558663618971294,-2.761638567692271,-1.3607364107541395,covid_onset
2020-04-06 14:00:00,SHIFT,-1.3616889979347073,0.08680911210955855,-2.498118272371771,-1.3607364107541395,covid_onset
2020-04-06 15:00:00,NORMAL,-1.354775785668285,0.09574153855061424,-2.3478994350961235,-1.3607364107541395,covid_onset
2020-04-06 16:00:00,NORMAL,-1.3468162681797093,0.10312656837514278,-2.2885737347091077,-1.3607364107541395,covid_onset
2020-04-06 17:00:00,NORMAL,-1.3421232448825346,0.10949846583422461,-2.0678895321596227,-1.3607364107541395,covid_onset
2020-04-06 18:00:00,NORMAL,-1.3395395431518646,0.1118700594250841,-1.5803491521904913,-1.3607364107541395,covid_onset
2020-04-06 19:00:00,NORMAL,-1.3408606482226486,0.11529580503851704,-1.0225654750841986,-1.3607364107541395,covid_onset
2020-04-06 20:00:00,NORMAL,-1.3417476254006393,0.11718578454690344,-0.5183133955361172,-1.3607364107541395,covid_onset
2020-04-06 21:00:00,NORMAL,-1.3423123742164398,0.11935552486047711,0.01645440470432131,-1.3607364107541395,covid_onset
2020-04-06 22:00:00,NORMAL,-1.3419842071114547,0.120408142858057,0.5837113613338772,-1.3607364107541395,covid_onset
2020-04-06 23:00:00,NORMAL,-1.3399570031280623,0.12133731027077323,1.2021171944222429,-1.3607364107541395,covid_onset
2020-04-07 00:00:00,NORMAL,-1.3366772451430582,0.12220314088704316,1.8470548750719462,-1.3607364107541395,covid_onset
2020-04-07 01:00:00,NORMAL,-1.3322059800039445,0.12423702110592012,2.2316564244766526,-1.3607364107541395,covid_onset
2020-04-07 02:00:00,NORMAL,-1.3292087860370065,0.12466441101247638,2.0709671880610627,-1.3607364107541395,covid_onset
2020-04-07 03:00:00,NORMAL,-1.324612895168485,0.12477849820224986,2.0064834168879893,-1.3607364107541395,covid_onset
2020-04-07 04:00:00,NORMAL,-1.3229079430747663,0.1223351798032463,1.6940855769363241,-1.3607364107541395,covid_onset
2020-04-07 05:00:00,NORMAL,-1.3187042750960591,0.12081006527466752,1.1670344491404911,-1.3607364107541395,covid_onset
2020-04-07 06:00:00,NORMAL,-1.313767157671075,0.11785074815332987,0.5914684507815345,-1.3607364107541395,covid_onset
2020-04-07 07:00:00,NORMAL,-1.312574505018844,0.11100558493319708,-1.085209836133167,-1.3607364107541395,covid_onset
2020-04-07 08:00:00,NORMAL,-1.3110084625156067,0.10052313929842539,-2.343638061228532,-1.3607364107541395,covid_onset
2020-04-07 09:00:00,NORMAL,-1.3064890941226774,0.09052336297284774,-2.8841985153013994,-1.3607364107541395,covid_onset
2020-04-07 10:00:00,NORMAL,-1.3005485221082376,0.08046886452885155,-2.984242053178099,-1.3607364107541395,covid_onset
2020-04-07 11:00:00,NORMAL,-1.2936109017850825,0.07066665725512812,-3.128368738734265,-1.3607364107541395,covid_onset
2020-04-07 12:00:00,NORMAL,-1.2882838157479892,0.060646906459073786,-2.943632104320207,-1.3607364107541395,covid_onset
2020-04-07 13:00:00,NORMAL,-1.2831469217305116,0.050908560170591845,-2.857508097060546,-1.3607364107541395,covid_onset
2020-04-07 14:00:00,NORMAL,-1.2785817540284103,0.04178219506239048,-2.731222112068459,-1.3607364107541395,covid_onset
2020-04-07 15:00:00,NORMAL,-1.2735144861261454,0.033799363948645945,-2.5879145803628796,-1.3607364107541395,covid_onset
2020-04-07 16:00:00,NORMAL,-1.2680786970567326,0.02673908997193461,-2.5955753420335963,-1.3607364107541395,covid_onset
2020-04-07 17:00:00,NORMAL,-1.261110165945162,0.02204801366866728,-2.126275283126997,-1.3607364107541395,covid_onset
2020-04-07 18:00:00,NORMAL,-1.2586739334045431,0.019550425949444755,-1.4952529085549062,-1.3607364107541395,covid_onset
2020-04-07 19:00:00,NORMAL,-1.2600223598141782,0.016923948707012065,-0.9764450162780406,-1.3607364107541395,covid_onset
2020-04-07 20:00:00,NORMAL,-1.260781152373595,0.01503827112522324,-0.43045415662111064,-1.3607364107541395,covid_onset
2020-04-07 21:00:00,NORMAL,-1.2610225744222046,0.01268990015608938,0.030134700549428663,-1.3607364107541395,covid_onset
2020-04-07 22:00:00,NORMAL,-1.2576436130504947,0.011236141214185454,0.8028941363673207,-1.3607364107541395,covid_onset
2020-04-07 23:00:00,NORMAL,-1.2565176382804881,0.00867231905494465,0.9765489401071802,-1.3607364107541395,covid_onset
2020-04-08 00:00:00,NORMAL,-1.2502504965035768,0.006501675069678105,1.644543032135412,-1.3607364107541395,covid_onset
2020-04-08 01:00:00,NORMAL,-1.2402721660299405,0.00339715378154723,2.0469978587568534,-1.3607364107541395,covid_onset
2020-04-08 02:00:00,NORMAL,-1.2316744257176166,0.0012212731009229488,1.8964209263426761,-1.3607364107541395,covid_onset
2020-04-08 03:00:00,NORMAL,-1.217644814544707,4.9400672246131525e-05,2.2737579081870076,-1.3607364107541395,covid_onset
2020-04-08 04:00:00,NORMAL,-1.207595081157412,-0.00029671547614361734,1.7481689483807985,-1.3607364107541395,covid_onset
2020-04-08 05:00:00,NORMAL,-1.1986204337988962,-0.0012856215950134582,1.311207631128787,-1.3607364107541395,covid_onset
2020-04-08 06:00:00,NORMAL,-1.187870086984471,-0.002142052219164751,0.9847874905004573,-1.3607364107541395,covid_onset
2020-04-08 07:00:00,NORMAL,-1.1785323796931224,-0.0024823867694788583,-0.9363884416964321,-1.3607364107541395,covid_onset
2020-04-08 08:00:00,NORMAL,-1.1745827098635,-0.0026208197208782494,-2.5137056552633,-1.3607364107541395,covid_onset
2020-04-08 09:00:00,NORMAL,-1.170746003517401,-0.0028867353435274284,-3.0053586350379797,-1.3607364107541395,covid_onset
2020-04-08 10:00:00,NORMAL,-1.1678188004286236,-0.004992781262091194,-3.4436073394750824,-1.3607364107541395,covid_onset
2020-04-08 11:00:00,NORMAL,-1.165023494226403,-0.006627932277947855,-3.5476597602267317,-1.3607364107541395,covid_onset
2020-04-08 12:00:00,NORMAL,-1.1623004518438411,-0.00679885556924895,-3.1688358019190934,-1.3607364107541395,covid_onset
2020-04-08 13:00:00,NORMAL,-1.1601023929123326,-0.007396744135581318,-3.1138941194881906,-1.3607364107541395,covid_onset
2020-04-08 14:00:00,NORMAL,-1.1576897116200175,-0.007391229588435205,-2.95802493334035,-1.3607364107541395,covid_onset
2020-04-08 15:00:00,NORMAL,-1.155123041221744,-0.006969766896586407,-2.7139749834074767,-1.3607364107541395,covid_onset
2020-04-08 16:00:00,NORMAL,-1.1514921373203093,-0.006050413985486988,-2.640443212901065,-1.3607364107541395,covid_onset
2020-04-08 17:00:00,NORMAL,-1.148106409291504,-0.006575698468085561,-2.3591138474936164,-1.3607364107541395,covid_onset
2020-04-08 18:00:00,NORMAL,-1.144107960947394,-0.0070054277135238804,-1.5711136815577382,-1.3607364107541395,covid_onset
2020-04-08 19:00:00,NORMAL,-1.1424973454418452,-0.007910761817188123,-1.2823326201219358,-1.3607364107541395,covid_onset
2020-04-08 20:00:00,NORMAL,-1.1394834614229072,-0.008603710098359958,-0.6137180802497435,-1.3607364107541395,covid_onset
2020-04-08 21:00:00,NORMAL,-1.135497861898541,-0.009064918421011788,-0.14247872270066078,-1.3607364107541395,covid_onset
2020-04-08 22:00:00,NORMAL,-1.1301020076192745,-0.010340323668857806,0.4742243824749127,-1.3607364107541395,covid_onset
2020-04-08 23:00:00,NORMAL,-1.124442423131801,-0.010599956783410176,0.6378945383495844,-1.3607364107541395,covid_onset
2020-04-09 00:00:00,NORMAL,-1.1188672267055384,-0.010940384995355752,1.2691556379022102,-1.3607364107541395,covid_onset
2020-04-09 01:00:00,NORMAL,-1.11095047811185,-0.011828718329869266,1.4069421487943974,-1.3607364107541395,covid_onset
2020-04-09 02:00:00,NORMAL,-1.1041530099700716,-0.012499467044137678,1.359369243095271,-1.3607364107541395,covid_onset
2020-04-09 03:00:00,NORMAL,-1.0972298585992142,-0.014396987586224251,1.5003821260177899,-1.3607364107541395,covid_onset
2020-04-09 04:00:00,NORMAL,-1.084918206169761,-0.014005434395608161,2.018103236047107,-1.3607364107541395,covid_onset
2020-04-09 05:00:00,NORMAL,-1.0667440566181787,-0.011959124414702942,2.528484100910833,-1.3607364107541395,covid_onset
2020-04-09 06:00:00,NORMAL,-1.0459820155181059,-0.009627841808059685,2.573947265620638,-1.3607364107541395,covid_onset
2020-04-09 07:00:00,NORMAL,-1.0320985242179421,-0.007249301815592749,0.19844379854216873,-1.3607364107541395,covid_onset
2020-04-09 08:00:00,NORMAL,-1.0248827700128382,-0.004492405432023928,-1.8401083336168578,-1.3607364107541395,covid_onset
2020-04-09 09:00:00,NORMAL,-1.0199731258150142,-0.003729338753424613,-2.9026196825531128,-1.3607364107541395,covid_onset
2020-04-09 10:00:00,NORMAL,-1.0154469006215576,-0.0010973013967502017,-3.1838534302343855,-1.3607364107541395,covid_onset
2020-04-09 11:00:00,NORMAL,-1.0119638113095146,0.0005892931486370967,-3.5081431060464383,-1.3607364107541395,covid_onset
2020-04-09 12:00:00,NORMAL,-1.010365553454269,0.000971334296497333,-3.2879014891802987,-1.3607364107541395,covid_onset
2020-04-09 13:00:00,NORMAL,-1.0095952693222474,0.001306964576465752,-3.27593618796413,-1.3607364107541395,covid_onset
2020-04-09 14:00:00,NORMAL,-1.0089010287926103,0.001275463318628469,-3.1882650063527516,-1.3607364107541395,covid_onset
2020-04-09 15:00:00,NORMAL,-1.0080723430416252,0.0004226037796327157,-3.0559624112960355,-1.3607364107541395,covid_onset
2020-04-09 16:00:00,NORMAL,-1.007822833904889,-0.0010632282298903468,-3.0943091466574635,-1.3607364107541395,covid_onset
2020-04-09 17:00:00,NORMAL,-1.005941306851496,-0.0007336334257547096,-2.4802661609275245,-1.3607364107541395,covid_onset
2020-04-09 18:00:00,NORMAL,-1.0027316369944919,-0.0007568894729854484,-1.655300258962896,-1.3607364107541395,covid_onset
2020-04-09 19:00:00,NORMAL,-0.9981706197437393,0.0002915976397947291,-1.1823234945311358,-1.3607364107541395,covid_onset
2020-04-09 20:00:00,NORMAL,-0.9930712352399651,0.0006592744067712321,-0.6524331385436621,-1.3607364107541395,covid_onset
2020-04-09 21:00:00,NORMAL,-0.987065528719577,0.0009434205595682761,-0.19971835801181834,-1.3607364107541395,covid_onset
2020-04-09 22:00:00,NORMAL,-0.9808414745144699,0.0011520582257657204,0.23997775831976756,-1.3607364107541395,covid_onset
2020-04-09 23:00:00,NORMAL,-0.9733031489491933,0.002747646511766351,1.0040453702207583,-1.3607364107541395,covid_onset
2020-04-10 00:00:00,NORMAL,-0.9621436244924891,0.005179093961201769,2.1267472600646924,-1.3607364107541395,covid_onset
2020-04-10 01:00:00,NORMAL,-0.95060843039484,0.007915443573638064,2.1515923144372073,-1.3607364107541395,covid_onset
2020-04-10 02:00:00,NORMAL,-0.9392387971948285,0.010191843029401692,2.0405549543697448,-1.3607364107541395,covid_onset
2020-04-10 03:00:00,NORMAL,-0.926995246570864,0.012944062679264628,2.2159811738117,-1.3607364107541395,covid_onset
2020-04-10 04:00:00,NORMAL,-0.9122408571231769,0.012641382975935362,2.1224917039325932,-1.3607364107541395,covid_onset
2020-04-10 05:00:00,NORMAL,-0.9006621051466729,0.008287552462198531,1.405291206119962,-1.3607364107541395,covid_onset
2020-04-10 06:00:00,NORMAL,-0.8912035172375119,0.0009599480153895274,0.26713094096417594,-1.3607364107541395,covid_onset
2020-04-10 07:00:00,NORMAL,-0.8882832230868174,-0.006194945571938264,-1.7490633354132337,-1.3607364107541395,covid_onset
2020-04-10 08:00:00,NORMAL,-0.8894155515424578,-0.012974339679252773,-3.309539319077464,-1.3607364107541395,covid_onset
2020-04-10 09:00:00,NORMAL,-0.8917486242101743,-0.017251648834039603,-4.05790787009198,-1.3607364107541395,covid_onset
2020-04-10 10:00:00,NORMAL,-0.8946793095080323,-0.022593286791454465,-4.373684337391263,-1.3607364107541395,covid_onset
2020-04-10 11:00:00,NORMAL,-0.8974533614749172,-0.02540889906266974,-4.211282786759609,-1.3607364107541395,covid_onset
2020-04-10 12:00:00,NORMAL,-0.9000774208458393,-0.027324433460188226,-3.909905365286557,-1.3607364107541395,covid_onset
2020-04-10 13:00:00,NORMAL,-0.901103014471291,-0.028050534142780192,-3.6242188479230677,-1.3607364107541395,covid_onset
2020-04-10 14:00:00,NORMAL,-0.9013288239399635,-0.027476335639150393,-3.268647123093436,-1.3607364107541395,covid_onset
2020-04-10 15:00:00,NORMAL,-0.9001859587761897,-0.02520083510696337,-2.8255587865556255,-1.3607364107541395,covid_onset
2020-04-10 16:00:00,NORMAL,-0.8986261047231765,-0.021788182574756797,-2.627609302569578,-1.3607364107541395,covid_onset
2020-04-10 17:00:00,NORMAL,-0.897830133447925,-0.021678573765930086,-2.564818956489033,-1.3607364107541395,covid_onset
2020-04-10 18:00:00,NORMAL,-0.8965363137244756,-0.02226191944151389,-1.9559173212183636,-1.3607364107541395,covid_onset
2020-04-10 19:00:00,NORMAL,-0.8943528780582323,-0.022611256230947233,-1.2158376509160629,-1.3607364107541395,covid_onset
2020-04-10 20:00:00,NORMAL,-0.8912814096033875,-0.022710906310518947,-0.7295819527478214,-1.3607364107541395,covid_onset
2020-04-10 21:00:00,NORMAL,-0.8880936646209816,-0.0226318538350163,-0.2252642027707552,-1.3607364107541395,covid_onset
2020-04-10 22:00:00,NORMAL,-0.8843956249371063,-0.02207017371232059,0.24371181795476754,-1.3607364107541395,covid_onset
2020-04-10 23:00:00,NORMAL,-0.8802688289762768,-0.023605923019644166,0.6916163965440352,-1.3607364107541395,covid_onset
2020-04-11 00:00:00,NORMAL,-0.8780540962891056,-0.027987539833713573,0.30482922736918083,-1.3607364107541395,covid_onset
2020-04-11 01:00:00,NORMAL,-0.8748542584596256,-0.03173155299850743,0.6236406771484044,-1.3607364107541395,covid_onset
2020-04-11 02:00:00,NORMAL,-0.8730073879290281,-0.0354413373251136,0.34631051841826527,-1.3607364107541395,covid_onset
2020-04-11 03:00:00,NORMAL,-0.8719023565580379,-0.03984539405476936,0.2430042415330071,-1.3607364107541395,covid_onset
2020-04-11 04:00:00,NORMAL,-0.8690323278575304,-0.04278218125707773,0.3726963190323528,-1.3607364107541395,covid_onset
2020-04-11 05:00:00,NORMAL,-0.8677962032715449,-0.04422528846566478,-0.08611075425262701,-1.3607364107541395,covid_onset
2020-04-11 06:00:00,NORMAL,-0.8668719188179453,-0.04295803443330256,-0.03420832743187406,-1.3607364107541395,covid_onset
2020-04-11 07:00:00,NORMAL,-0.8698197720810912,-0.04254481496797539,-0.8167361662973677,-1.3607364107541395,covid_onset
2020-04-11 08:00:00,NORMAL,-0.874057671527002,-0.0416396660461629,-1.3216376212123533,-1.3607364107541395,covid_onset
2020-04-11 09:00:00,NORMAL,-0.8768467209213626,-0.040469491850123114,-1.4078230776560996,-1.3607364107541395,covid_onset
2020-04-11 10:00:00,NORMAL,-0.880588297698266,-0.0392808732060043,-1.835014373300815,-1.3607364107541395,covid_onset
2020-04-11 11:00:00,NORMAL,-0.8856614785547947,-0.04064370756796581,-2.0951116394172686,-1.3607364107541395,covid_onset
2020-04-11 12:00:00,NORMAL,-0.8905044658776579,-0.042119511053064974,-2.1932426201564406,-1.3607364107541395,covid_onset
2020-04-11 13:00:00,NORMAL,-0.8946100781268207,-0.044887855118287766,-2.1320177019046063,-1.3607364107541395,covid_onset
2020-04-11 14:00:00,NORMAL,-0.9002794030433705,-0.049153891254315824,-2.1076474215330423,-1.3607364107541395,covid_onset
2020-04-11 15:00:00,NORMAL,-0.9036741729335501,-0.05449930703109756,-1.7844381799019369,-1.3607364107541395,covid_onset
2020-04-11 16:00:00,NORMAL,-0.9070657401715692,-0.06064466022218634,-1.8739407977556504,-1.3607364107541395,covid_onset
2020-04-11 17:00:00,NORMAL,-0.911746901644653,-0.06335322833274092,-1.9139823263206597,-1.3607364107541395,covid_onset
2020-04-11 18:00:00,NORMAL,-0.9129414018837543,-0.06495318881887616,-1.6093827151314746,-1.3607364107541395,covid_onset
2020-04-11 19:00:00,NORMAL,-0.9156214008821584,-0.06730329290155646,-1.1785773687582,-1.3607364107541395,covid_onset
2020-04-11 20:00:00,NORMAL,-0.9165771372827216,-0.0691456405283246,-0.8217256682796985,-1.3607364107541395,covid_onset
2020-04-11 21:00:00,NORMAL,-0.9158256579657598,-0.07070142200301865,-0.2604438102937711,-1.3607364107541395,covid_onset
2020-04-11 22:00:00,NORMAL,-0.9143384412873378,-0.07214916431729802,0.10801454576565654,-1.3607364107541395,covid_onset
2020-04-11 23:00:00,NORMAL,-0.9124792477103033,-0.07271601509780758,0.511601118981792,-1.3607364107541395,covid_onset
2020-04-12 00:00:00,NORMAL,-0.9109307453366355,-0.06979376851253834,0.40114414259038816,-1.3607364107541395,covid_onset
2020-04-12 01:00:00,NORMAL,-0.9066982977221704,-0.06680313442839352,0.9459222004771639,-1.3607364107541395,covid_onset
2020-04-12 02:00:00,NORMAL,-0.9040607810904265,-0.06397613415761258,0.5138407328408527,-1.3607364107541395,covid_onset
2020-04-12 03:00:00,NORMAL,-0.9022108524433315,-0.06054145646777264,0.402255277362904,-1.3607364107541395,covid_onset
2020-04-12 04:00:00,NORMAL,-0.8998433007341345,-0.05800140490838132,0.2837402845598863,-1.3607364107541395,covid_onset
2020-04-12 05:00:00,NORMAL,-0.8974520333821028,-0.05431842552911939,-0.00020230811540363516,-1.3607364107541395,covid_onset
2020-04-12 06:00:00,NORMAL,-0.8946608568526093,-0.052379697224778844,-0.4247839768929508,-1.3607364107541395,covid_onset
2020-04-12 07:00:00,NORMAL,-0.8924569602195592,-0.04890701445324771,-0.977799564133156,-1.3607364107541395,covid_onset
2020-04-12 08:00:00,NORMAL,-0.8910769700327806,-0.04565272915685122,-1.4101678349716074,-1.3607364107541395,covid_onset
2020-04-12 09:00:00,NORMAL,-0.890195532605114,-0.04372889506513949,-1.5616043905728836,-1.3607364107541395,covid_onset
2020-04-12 10:00:00,NORMAL,-0.8896385319191689,-0.04115921049771585,-1.9390320654638347,-1.3607364107541395,covid_onset
2020-04-12 11:00:00,NORMAL,-0.8892776334163709,-0.03737191733566283,-2.1392019287773647,-1.3607364107541395,covid_onset
2020-04-12 12:00:00,NORMAL,-0.8908358443276911,-0.03477707026437206,-2.4621403055180715,-1.3607364107541395,covid_onset
2020-04-12 13:00:00,NORMAL,-0.8933592893087142,-0.033204973304900874,-2.76344795998731,-1.3607364107541395,covid_onset
2020-04-12 14:00:00,NORMAL,-0.8974492706890997,-0.03085658342443354,-2.7157126750992213,-1.3607364107541395,covid_onset
2020-04-12 15:00:00,NORMAL,-0.903393635876561,-0.029838942422606374,-2.7883593949677583,-1.3607364107541395,covid_onset
2020-04-12 16:00:00,NORMAL,-0.9099323286809586,-0.028517708198138897,-2.888042199465902,-1.3607364107541395,covid_onset
2020-04-12 17:00:00,NORMAL,-0.9138802362005262,-0.027149905309578143,-2.469969071247383,-1.3607364107541395,covid_onset
2020-04-12 18:00:00,NORMAL,-0.9187643986014165,-0.02595680161633318,-2.08817848368872,-1.3607364107541395,covid_onset
2020-04-12 19:00:00,NORMAL,-0.9252894512177602,-0.02572806187228102,-2.12274217205983,-1.3607364107541395,covid_onset
2020-04-12 20:00:00,NORMAL,-0.9335981759764355,-0.026239562195249838,-1.9578137057324998,-1.3607364107541395,covid_onset
2020-04-12 21:00:00,NORMAL,-0.9409626322577159,-0.027349305346952613,-1.5260289076461546,-1.3607364107541395,covid_onset
2020-04-12 22:00:00,NORMAL,-0.9484582609075739,-0.028359301772493278,-0.9945468125531385,-1.3607364107541395,covid_onset
2020-04-12 23:00:00,NORMAL,-0.9552034004005944,-0.029197650770135527,-0.43304477932153107,-1.3607364107541395,covid_onset
2020-04-13 00:00:00,NORMAL,-0.9642518589199541,-0.03226264023193129,-0.557735939816079,-1.3607364107541395,covid_onset
2020-04-13 01:00:00,NORMAL,-0.9728598624774589,-0.0368214819681482,-0.5523541724864803,-1.3607364107541395,covid_onset
2020-04-13 02:00:00,NORMAL,-0.9821284652998179,-0.039888730520331074,-0.4577275784205703,-1.3607364107541395,covid_onset
2020-04-13 03:00:00,NORMAL,-0.9906302825124234,-0.042256413544301874,-0.29149221429111455,-1.3607364107541395,covid_onset
2020-04-13 04:00:00,NORMAL,-1.0015105740189625,-0.04367848803099048,-0.375548505521382,-1.3607364107541395,covid_onset
2020-04-13 05:00:00,NORMAL,-1.0076929359071416,-0.04427876843841421,-0.511054133336435,-1.3607364107541395,covid_onset
2020-04-13 06:00:00,NORMAL,-1.013774854969098,-0.04233177902836935,-1.22094367841959,-1.3607364107541395,covid_onset
2020-04-13 07:00:00,NORMAL,-1.0213501753747036,-0.039321921872857254,-2.641581567561843,-1.3607364107541395,covid_onset
2020-04-13 08:00:00,NORMAL,-1.0286577582776835,-0.034946344171416184,-3.442790877149726,-1.3607364107541395,covid_onset
2020-04-13 09:00:00,NORMAL,-1.0374215067210968,-0.03130446873178474,-4.313580306202897,-1.3607364107541395,covid_onset
2020-04-13 10:00:00,NORMAL,-1.0452675347974671,-0.02682322548348344,-4.425693520690776,-1.3607364107541395,covid_onset
2020-04-13 11:00:00,NORMAL,-1.0528137631468613,-0.022809957643092973,-4.423060196531259,-1.3607364107541395,covid_onset
2020-04-13 12:00:00,NORMAL,-1.0617743758017364,-0.017559678810435225,-4.267343345387794,-1.3607364107541395,covid_onset
2020-04-13 13:00:00,NORMAL,-1.0705304226681445,-0.010326054409904712,-4.232654441248835,-1.3607364107541395,covid_onset
2020-04-13 14:00:00,NORMAL,-1.0802140207656477,-0.00434298265117501,-4.124962752752351,-1.3607364107541395,covid_onset
2020-04-13 15:00:00,NORMAL,-1.088981705267269,0.0033125129776507022,-3.8208704313684803,-1.3607364107541395,covid_onset
2020-04-13 16:00:00,NORMAL,-1.098128657589888,0.009718363096389139,-3.8252617249091423,-1.3607364107541395,covid_onset
2020-04-13 17:00:00,NORMAL,-1.1058453052885502,0.013531115341967681,-3.364286345534822,-1.3607364107541395,covid_onset
2020-04-13 18:00:00,NORMAL,-1.1140581233694014,0.015620370128295187,-2.960102589773502,-1.3607364107541395,covid_onset
2020-04-13 19:00:00,NORMAL,-1.123787314324578,0.018676837439525976,-2.657069555553889,-1.3607364107541395,covid_onset
2020-04-13 20:00:00,NORMAL,-1.134154623334488,0.021782017055273675,-2.2600213092009684,-1.3607364107541395,covid_onset
2020-04-13 21:00:00,NORMAL,-1.1452997526440827,0.024672450302377722,-1.8559273193075831,-1.3607364107541395,covid_onset
2020-04-13 22:00:00,NORMAL,-1.1573453404741791,0.026876509014523136,-1.4399473941223258,-1.3607364107541395,covid_onset
2020-04-13 23:00:00,NORMAL,-1.1705405539172418,0.028352934386726356,-1.0146786640122694,-1.3607364107541395,covid_onset
2020-04-14 00:00:00,NORMAL,-1.1850909324895544,0.031090886778209436,-0.5974087250766104,-1.3607364107541395,covid_onset
2020-04-14 01:00:00,NORMAL,-1.1994607034679503,0.035729269735085334,-0.18246509989384319,-1.3607364107541395,covid_onset
2020-04-14 02:00:00,NORMAL,-1.2160826812500058,0.037850107422639494,-0.7215250793242536,-1.3607364107541395,covid_onset
2020-04-14 03:00:00,NORMAL,-1.2317734796077229,0.03914881885972437,-0.629570707208503,-1.3607364107541395,covid_onset
2020-04-14 04:00:00,NORMAL,-1.2462632209005284,0.0400510342105471,-0.7401909602550112,-1.3607364107541395,covid_onset
2020-04-14 05:00:00,NORMAL,-1.259263492698099,0.03938833834463306,-1.017011212851352,-1.3607364107541395,covid_onset
2020-04-14 06:00:00,NORMAL,-1.2728223657678033,0.037426647016386365,-1.6864222249287752,-1.3607364107541395,covid_onset
2020-04-14 07:00:00,NORMAL,-1.2830768603151117,0.03449866328343945,-2.80796492008098,-1.3607364107541395,covid_onset
2020-04-14 08:00:00,NORMAL,-1.2900660656815557,0.03027079509398536,-3.51782456279112,-1.3607364107541395,covid_onset
2020-04-14 09:00:00,NORMAL,-1.297311240945937,0.02827489282749135,-4.10138795971751,-1.3607364107541395,covid_onset
2020-04-14 10:00:00,NORMAL,-1.304659568208955,0.025254084306077992,-4.2187610333651016,-1.3607364107541395,covid_onset
2020-04-14 11:00:00,NORMAL,-1.3114533861831241,0.022115611434039575,-4.269730158394671,-1.3607364107541395,covid_onset
2020-04-14 12:00:00,NORMAL,-1.3168325243367018,0.01986142090233374,-3.8473273141212294,-1.3607364107541395,covid_onset
2020-04-14 13:00:00,NORMAL,-1.3225949060151847,0.016883549068582075,-3.8255882190457067,-1.3607364107541395,covid_onset
2020-04-14 14:00:00,NORMAL,-1.3278848668450318,0.015333182629135333,-3.6199355314827506,-1.3607364107541395,covid_onset
2020-04-14 15:00:00,NORMAL,-1.3344399866831413,0.011648274018022738,-3.6891747131653,-1.3607364107541395,covid_onset
2020-04-14 16:00:00,NORMAL,-1.3405757215497094,0.009107382513494447,-3.626378799617018,-1.3607364107541395,covid_onset
2020-04-14 17:00:00,NORMAL,-1.346695868015693,0.0075890999186201185,-3.1544598894122977,-1.3607364107541395,covid_onset
2020-04-14 18:00:00,NORMAL,-1.353968248440546,0.007429216664848268,-2.7170128199301766,-1.3607364107541395,covid_onset
2020-04-14 19:00:00,SHIFT,-1.3646152449189348,0.006271394796978749,-2.765140424647333,-1.3607364107541395,covid_onset
2020-04-14 20:00:00,SHIFT,-1.3754545687369921,0.005744207997916621,-2.2514605580547333,-1.3607364107541395,covid_onset
2020-04-14 21:00:00,SHIFT,-1.387578400584686,0.005163151794179982,-2.0066690498631807,-1.3607364107541395,covid_onset
2020-04-14 22:00:00,SHIFT,-1.401532916349408,0.005139227141437216,-1.5414645121059667,-1.3607364107541395,covid_onset
2020-04-14 23:00:00,SHIFT,-1.4148744208680177,0.00513930663609063,-1.2648238190192427,-1.3607364107541395,covid_onset
2020-04-15 00:00:00,SHIFT,-1.4313748831316746,0.004071974346571315,-1.1275346281589547,-1.3607364107541395,covid_onset
2020-04-15 01:00:00,SHIFT,-1.4470470635835775,0.00237833458457814,-0.5859284571628083,-1.3607364107541395,covid_onset
2020-04-15 02:00:00,SHIFT,-1.4631668730822045,0.002733159836949267,-0.8117070694266666,-1.3607364107541395,covid_onset
2020-04-15 03:00:00,SHIFT,-1.4819521898938441,0.0028993907633007,-0.882175316168449,-1.3607364107541395,covid_onset
2020-04-15 04:00:00,SHIFT,-1.4975433456328677,0.00336212605524667,-0.8711452157751916,-1.3607364107541395,covid_onset
2020-04-15 05:00:00,SHIFT,-1.5125033707601951,0.004020365141165694,-1.2020765902622,-1.3607364107541395,covid_onset
2020-04-15 06:00:00,SHIFT,-1.526664525719903,0.005694798988762237,-1.3942865427304667,-1.3607364107541395,covid_onset
2020-04-15 07:00:00,SHIFT,-1.5362372205333792,0.006854340615443789,-2.544601170360414,-1.3607364107541395,covid_onset
2020-04-15 08:00:00,SHIFT,-1.5407595654653488,0.00798885941229732,-3.273459603834208,-1.3607364107541395,covid_onset
2020-04-15 09:00:00,SHIFT,-1.5463362704309165,0.007773462679476053,-3.942245069253353,-1.3607364107541395,covid_onset
2020-04-15 10:00:00,SHIFT,-1.5487450396216116,0.008416698721809267,-3.8482805635118695,-1.3607364107541395,covid_onset
2020-04-15 11:00:00,SHIFT,-1.5513180496158208,0.008963020140790723,-3.9799254392538512,-1.3607364107541395,covid_onset
2020-04-15 12:00:00,SHIFT,-1.5525785170451607,0.009079333257432156,-3.3805943300482073,-1.3607364107541395,covid_onset
2020-04-15 13:00:00,SHIFT,-1.5552021421857696,0.008459149574783964,-3.5546631431104747,-1.3607364107541395,covid_onset
2020-04-15 14:00:00,SHIFT,-1.5575180938795234,0.007389800726688805,-3.3471048178910556,-1.3607364107541395,covid_onset
2020-04-15 15:00:00,SHIFT,-1.5606975219609653,0.008718203818942852,-3.2481189010896947,-1.3607364107541395,covid_onset
2020-04-15 16:00:00,SHIFT,-1.5643026492002194,0.009423538158112225,-3.246104589095743,-1.3607364107541395,covid_onset
2020-04-15 17:00:00,SHIFT,-1.5686731719551597,0.008929167979268944,-3.0933616703235565,-1.3607364107541395,covid_onset
2020-04-15 18:00:00,SHIFT,-1.574829414376174,0.008537603058875987,-2.605362408288201,-1.3607364107541395,covid_onset
2020-04-15 19:00:00,SHIFT,-1.5783127540771669,0.011441590532716803,-1.867533689888716,-1.3607364107541395,covid_onset
2020-04-15 20:00:00,SHIFT,-1.5840229744020773,0.013365137148436157,-1.5730350948347103,-1.3607364107541395,covid_onset
2020-04-15 21:00:00,SHIFT,-1.5898811251969625,0.016263871007819588,-1.1266480562413344,-1.3607364107541395,covid_onset
2020-04-15 22:00:00,SHIFT,-1.5978586509935924,0.018331831148310034,-0.8659999513588685,-1.3607364107541395,covid_onset
2020-04-15 23:00:00,SHIFT,-1.604264512848854,0.021067527665559763,-0.4382902533344365,-1.3607364107541395,covid_onset
2020-04-16 00:00:00,SHIFT,-1.6129009426577678,0.024337450623202427,-0.18176456999521914,-1.3607364107541395,covid_onset
2020-04-16 01:00:00,SHIFT,-1.6223151199969277,0.026124300782450843,-0.17463964418447436,-1.3607364107541395,covid_onset
2020-04-16 02:00:00,SHIFT,-1.6306715559054872,0.027919197685287677,-0.04451198954276107,-1.3607364107541395,covid_onset
2020-04-16 03:00:00,SHIFT,-1.640688447106612,0.02992013560570883,-0.1824555957712334,-1.3607364107541395,covid_onset
2020-04-16 04:00:00,SHIFT,-1.6541555211083736,0.03147090271103284,-0.24436519624878655,-1.3607364107541395,covid_onset
2020-04-16 05:00:00,SHIFT,-1.6717547505749775,0.03353551547684961,-0.42818644947864365,-1.3607364107541395,covid_onset
2020-04-16 06:00:00,SHIFT,-1.6945418676778072,0.0331892755923985,-1.2542884076547591,-1.3607364107541395,covid_onset
2020-04-16 07:00:00,SHIFT,-1.7108456992075436,0.03248637033649181,-2.5405998984535505,-1.3607364107541395,covid_onset
2020-04-16 08:00:00,SHIFT,-1.719465970246247,0.031565312624758785,-3.2883138681190167,-1.3607364107541395,covid_onset
2020-04-16 09:00:00,SHIFT,-1.7240238351764952,0.03198285310037557,-3.6683409908347957,-1.3607364107541395,covid_onset
2020-04-16 10:00:00,SHIFT,-1.7273551287561537,0.030895374627812004,-3.743510751617021,-1.3607364107541395,covid_onset
2020-04-16 11:00:00,SHIFT,-1.7277040103854273,0.031351453986298634,-3.5667552197643952,-1.3607364107541395,covid_onset
2020-04-16 12:00:00,SHIFT,-1.7276012931398645,0.0299042804712378,-3.2706449919257667,-1.3607364107541395,covid_onset
2020-04-16 13:00:00,SHIFT,-1.7286151690544256,0.02923389117512606,-3.4462673416103566,-1.3607364107541395,covid_onset
2020-04-16 14:00:00,SHIFT,-1.7292694426800812,0.028303459898446296,-3.2981829754629524,-1.3607364107541395,covid_onset
2020-04-16 15:00:00,SHIFT,-1.730132850750802,0.026592893485627083,-3.201014967177111,-1.3607364107541395,covid_onset
2020-04-16 16:00:00,SHIFT,-1.7311090004252356,0.025035431466337816,-3.258302291962266,-1.3607364107541395,covid_onset
2020-04-16 17:00:00,SHIFT,-1.7346474853425102,0.024897216665770647,-3.074731627029695,-1.3607364107541395,covid_onset
2020-04-16 18:00:00,SHIFT,-1.7414799450818006,0.024008075144081573,-2.80315349516366,-1.3607364107541395,covid_onset
2020-04-16 19:00:00,SHIFT,-1.7472817801748208,0.02062648906991225,-2.157031790158563,-1.3607364107541395,covid_onset
2020-04-16 20:00:00,SHIFT,-1.7538136651367229,0.018193453561382553,-1.749789812143224,-1.3607364107541395,covid_onset
2020-04-16 21:00:00,SHIFT,-1.7590714917696446,0.015830922389603753,-1.0830332323426337,-1.3607364107541395,covid_onset
2020-04-16 22:00:00,SHIFT,-1.7632920149573716,0.015045200150921362,-0.46907013721839697,-1.3607364107541395,covid_onset
2020-04-16 23:00:00,SHIFT,-1.772027738219409,0.012876385557148312,-0.46355613780150673,-1.3607364107541395,covid_onset
2020-04-17 00:00:00,SHIFT,-1.7855539576454842,0.010836833008534094,-0.14565760351590923,-1.3607364107541395,covid_onset
2020-04-17 01:00:00,SHIFT,-1.8001238715922707,0.00966181353977339,-0.29615322862292265,-1.3607364107541395,covid_onset
2020-04-17 02:00:00,SHIFT,-1.8145371418307548,0.00737660707283733,-0.38087444569554557,-1.3607364107541395,covid_onset
2020-04-17 03:00:00,SHIFT,-1.830379682450852,0.005365767520172887,-0.4455656503647258,-1.3607364107541395,covid_onset
2020-04-17 04:00:00,SHIFT,-1.847269590438974,0.0031461340056875603,-0.7150128380718557,-1.3607364107541395,covid_onset
2020-04-17 05:00:00,SHIFT,-1.8617195298427132,0.0002448074907907438,-1.0222986137082342,-1.3607364107541395,covid_onset
2020-04-17 06:00:00,SHIFT,-1.8701233315918164,0.00017582869568935058,-1.1447077528851841,-1.3607364107541395,covid_onset
2020-04-17 07:00:00,SHIFT,-1.8754171715818724,-9.535937666804225e-05,-2.6384284537426583,-1.3607364107541395,covid_onset
2020-04-17 08:00:00,SHIFT,-1.8744278991594028,0.00046221107893784603,-3.1433415521025507,-1.3607364107541395,covid_onset
2020-04-17 09:00:00,SHIFT,-1.8724270363828122,-0.0007482254306118435,-3.721762923624717,-1.3607364107541395,covid_onset
2020-04-17 10:00:00,SHIFT,-1.868872762777738,-0.0012841661942578498,-3.776566371738862,-1.3607364107541395,covid_onset
2020-04-17 11:00:00,SHIFT,-1.8661949438146872,-0.003662338467480545,-3.7614092009670212,-1.3607364107541395,covid_onset
2020-04-17 12:00:00,SHIFT,-1.864115136131721,-0.005183028224688561,-3.5604976745482495,-1.3607364107541395,covid_onset
2020-04-17 13:00:00,SHIFT,-1.8634882134057094,-0.0058953475016077775,-3.5188958299531135,-1.3607364107541395,covid_onset
2020-04-17 14:00:00,SHIFT,-1.8643807422625363,-0.006574253152375617,-3.41859197104034,-1.3607364107541395,covid_onset
2020-04-17 15:00:00,SHIFT,-1.866534253994595,-0.006712634122116518,-3.1873487575415225,-1.3607364107541395,covid_onset
2020-04-17 16:00:00,SHIFT,-1.8697382126460773,-0.006311136506901135,-3.165874356018579,-1.3607364107541395,covid_onset
2020-04-17 17:00:00,SHIFT,-1.8722578582107599,-0.006091794788277877,-2.988119411355703,-1.3607364107541395,covid_onset
2020-04-17 18:00:00,SHIFT,-1.8780792808893427,-0.0059049003691999955,-2.933916331220306,-1.3607364107541395,covid_onset
2020-04-17 19:00:00,SHIFT,-1.8833262049831123,-0.004951735722909956,-2.0973208986693948,-1.3607364107541395,covid_onset
2020-04-17 20:00:00,SHIFT,-1.888204566185421,-0.003909938294008615,-1.5491466347356755,-1.3607364107541395,covid_onset
2020-04-17 21:00:00,SHIFT,-1.8944550147959918,-0.004535658365412669,-1.2753395693466076,-1.3607364107541395,covid_onset
2020-04-17 22:00:00,SHIFT,-1.9026198391594729,-0.0071917922477244415,-1.1279786751100382,-1.3607364107541395,covid_onset
2020-04-17 23:00:00,SHIFT,-1.9100240645721647,-0.007346157323940659,-0.5522934727881934,-1.3607364107541395,covid_onset
2020-04-18 00:00:00,SHIFT,-1.9129679677229023,-0.006876350237572003,-0.18974650195475468,-1.3607364107541395,covid_onset
2020-04-18 01:00:00,SHIFT,-1.917800967121263,-0.005797435789600934,-0.18830322177621225,-1.3607364107541395,covid_onset
2020-04-18 02:00:00,SHIFT,-1.9223489593894934,-0.004807148079998123,-0.4177521826444366,-1.3607364107541395,covid_onset
2020-04-18 03:00:00,SHIFT,-1.9255532438276408,-0.0035785269636656515,-0.29531554407574084,-1.3607364107541395,covid_onset
2020-04-18 04:00:00,SHIFT,-1.9321242059355472,-0.0027680205357600907,-0.731225315095868,-1.3607364107541395,covid_onset
2020-04-18 05:00:00,SHIFT,-1.9380337572774038,-0.0027479912232536946,-1.078915379684589,-1.3607364107541395,covid_onset
2020-04-18 06:00:00,SHIFT,-1.9459512893464632,-0.006483719228342737,-1.3643537150338585,-1.3607364107541395,covid_onset
2020-04-18 07:00:00,SHIFT,-1.949319827646,-0.009841665178872878,-1.382650600619538,-1.3607364107541395,covid_onset
2020-04-18 08:00:00,SHIFT,-1.9513763226634626,-0.0159866175122795,-1.667128784146091,-1.3607364107541395,covid_onset
2020-04-18 09:00:00,SHIFT,-1.9532198589862,-0.021208627694800693,-1.7175371798759551,-1.3607364107541395,covid_onset
2020-04-18 10:00:00,SHIFT,-1.953889645475068,-0.02696779438877175,-1.9475385034306603,-1.3607364107541395,covid_onset
2020-04-18 11:00:00,SHIFT,-1.9544888697633298,-0.03230674656604066,-2.1957813198452194,-1.3607364107541395,covid_onset
2020-04-18 12:00:00,SHIFT,-1.9551800823194545,-0.03675374201444228,-2.309366329585379,-1.3607364107541395,covid_onset
2020-04-18 13:00:00,SHIFT,-1.955706817611391,-0.04126981350727941,-2.2205092309499577,-1.3607364107541395,covid_onset
2020-04-18 14:00:00,SHIFT,-1.9556580880606234,-0.04480448016137448,-2.0994608570040465,-1.3607364107541395,covid_onset
2020-04-18 15:00:00,SHIFT,-1.9575900470017786,-0.04896001397890564,-2.1090072820160337,-1.3607364107541395,covid_onset
2020-04-18 16:00:00,SHIFT,-1.9585579063071161,-0.05232311577926677,-2.0365411610523863,-1.3607364107541395,covid_onset
2020-04-18 17:00:00,SHIFT,-1.9615701530337313,-0.05570970823245212,-2.4200397763919836,-1.3607364107541395,covid_onset
2020-04-18 18:00:00,SHIFT,-1.9681437819093468,-0.05786010705236632,-2.7137523662348735,-1.3607364107541395,covid_onset
2020-04-18 19:00:00,SHIFT,-1.9705406547613347,-0.05910951850936496,-1.5812520078922092,-1.3607364107541395,covid_onset
2020-04-18 20:00:00,SHIFT,-1.97466483668896,-0.061134246063109576,-1.5145882321207866,-1.3607364107541395,covid_onset
2020-04-18 21:00:00,SHIFT,-1.9813136323375447,-0.06200793153677644,-1.3774414792559257,-1.3607364107541395,covid_onset
2020-04-18 22:00:00,SHIFT,-1.98721348272705,-0.06067430593058982,-0.8831603196712688,-1.3607364107541395,covid_onset
2020-04-18 23:00:00,SHIFT,-1.9931547991985017,-0.06109173912629395,-0.48654004822210684,-1.3607364107541395,covid_onset
2020-04-19 00:00:00,SHIFT,-1.9982719844258747,-0.0623312972212195,-0.45854297560825996,-1.3607364107541395,covid_onset
2020-04-19 01:00:00,SHIFT,-2.0079115617883962,-0.06431091931753903,-0.6735267964264449,-1.3607364107541395,covid_onset
2020-04-19 02:00:00,SHIFT,-2.014702656426419,-0.06515036545290144,-0.6270631663470061,-1.3607364107541395,covid_onset
2020-04-19 03:00:00,SHIFT,-2.0208421827640057,-0.0666584295332105,-0.6291851473516096,-1.3607364107541395,covid_onset
2020-04-19 04:00:00,SHIFT,-2.028102183080464,-0.06704759599294594,-0.9359397686051578,-1.3607364107541395,covid_onset
2020-04-19 05:00:00,SHIFT,-2.035356709803326,-0.06619784861584103,-1.2189627975561925,-1.3607364107541395,covid_onset
2020-04-19 06:00:00,SHIFT,-2.04172039701251,-0.0630652298001144,-1.4938834280358344,-1.3607364107541395,covid_onset
2020-04-19 07:00:00,SHIFT,-2.0477717194038014,-0.061545106482651345,-1.9944217258701866,-1.3607364107541395,covid_onset
2020-04-19 08:00:00,SHIFT,-2.051990651424553,-0.05809817615191276,-2.118948414457863,-1.3607364107541395,covid_onset
2020-04-19 09:00:00,SHIFT,-2.055341142813841,-0.054974460658546886,-2.1244869439732246,-1.3607364107541395,covid_onset
2020-04-19 10:00:00,SHIFT,-2.057125300065335,-0.05081684148814108,-2.2387704837148004,-1.3607364107541395,covid_onset
2020-04-19 11:00:00,SHIFT,-2.059109070298806,-0.046267617282796845,-2.4724753280006184,-1.3607364107541395,covid_onset
2020-04-19 12:00:00,SHIFT,-2.058914142670436,-0.0412837070614822,-2.429392463951797,-1.3607364107541395,covid_onset
2020-04-19 13:00:00,SHIFT,-2.0574888683430017,-0.03771343314336179,-2.524001872978316,-1.3607364107541395,covid_onset
2020-04-19 14:00:00,SHIFT,-2.0553309336190644,-0.03462902489279274,-2.353179641477782,-1.3607364107541395,covid_onset
2020-04-19 15:00:00,SHIFT,-2.051300836445845,-0.03053764968865989,-2.111303069866906,-1.3607364107541395,covid_onset
2020-04-19 16:00:00,SHIFT,-2.0484554349324653,-0.028669496006220114,-2.410014745218119,-1.3607364107541395,covid_onset
2020-04-19 17:00:00,SHIFT,-2.045288571028311,-0.024123285261174573,-1.9379359353495342,-1.3607364107541395,covid_onset
2020-04-19 18:00:00,SHIFT,-2.0454202240986783,-0.019950675877101476,-2.110296199510339,-1.3607364107541395,covid_onset
2020-04-19 19:00:00,SHIFT,-2.040987181197655,-0.018380363797601055,-1.3779909646879034,-1.3607364107541395,covid_onset
2020-04-19 20:00:00,SHIFT,-2.036071555513568,-0.01601925122081897,-1.1319885908059666,-1.3607364107541395,covid_onset
2020-04-19 21:00:00,SHIFT,-2.0332001023874176,-0.013871618073982865,-1.0436247824528828,-1.3607364107541395,covid_onset
2020-04-19 22:00:00,SHIFT,-2.031870925579287,-0.013300241693170506,-0.7712451087871878,-1.3607364107541395,covid_onset
2020-04-19 23:00:00,SHIFT,-2.031097856358308,-0.012235528947690808,-0.3031691501970131,-1.3607364107541395,covid_onset
2020-04-20 00:00:00,SHIFT,-2.0292615991748626,-0.01160786517826144,-0.24924473299728647,-1.3607364107541395,covid_onset
2020-04-20 01:00:00,SHIFT,-2.027841048647765,-0.010107289344737412,-0.3137016839340324,-1.3607364107541395,covid_onset
2020-04-20 02:00:00,SHIFT,-2.028528219058422,-0.009755438704744154,-0.5731722074110256,-1.3607364107541395,covid_onset
2020-04-20 03:00:00,SHIFT,-2.030466443092381,-0.009159024947394989,-0.6171138519961594,-1.3607364107541395,covid_onset
2020-04-20 04:00:00,SHIFT,-2.0327161708200467,-0.008076956200081824,-0.7535027637692644,-1.3607364107541395,covid_onset
2020-04-20 05:00:00,SHIFT,-2.0370962558459955,-0.006588516176721426,-1.246908417695759,-1.3607364107541395,covid_onset
2020-04-20 06:00:00,SHIFT,-2.0413849103357555,-0.003923447765405785,-1.9414376326993619,-1.3607364107541395,covid_onset
2020-04-20 07:00:00,SHIFT,-2.0404550183069112,0.005030316660692136,-2.4853597067159794,-1.3607364107541395,covid_onset
2020-04-20 08:00:00,SHIFT,-2.0372378923256016,0.01743475060273048,-2.902313712289637,-1.3607364107541395,covid_onset
2020-04-20 09:00:00,SHIFT,-2.0312592163262,0.03056606037639022,-3.309162738303464,-1.3607364107541395,covid_onset
2020-04-20 10:00:00,SHIFT,-2.024424108545963,0.043599307620958656,-3.2773954136110044,-1.3607364107541395,covid_onset
2020-04-20 11:00:00,SHIFT,-2.018604689627192,0.05560269233872891,-3.445397818177698,-1.3607364107541395,covid_onset
2020-04-20 12:00:00,SHIFT,-2.0118633878334866,0.06516036083856455,-3.134804644045271,-1.3607364107541395,covid_onset
2020-04-20 13:00:00,SHIFT,-2.004915361923272,0.07532722458652592,-3.065386088332784,-1.3607364107541395,covid_onset
2020-04-20 14:00:00,SHIFT,-1.997147823261748,0.0845051277405892,-2.8200162576163534,-1.3607364107541395,covid_onset
2020-04-20 15:00:00,SHIFT,-1.9904817082485515,0.0912839936388099,-2.700963109151435,-1.3607364107541395,covid_onset
2020-04-20 16:00:00,SHIFT,-1.9828299717167068,0.09957055849607786,-2.539769987559267,-1.3607364107541395,covid_onset
2020-04-20 17:00:00,SHIFT,-1.9756761533937701,0.1027506460919953,-2.16244486728145,-1.3607364107541395,covid_onset
2020-04-20 18:00:00,SHIFT,-1.968966057399444,0.10542628990922127,-1.8328064627266913,-1.3607364107541395,covid_onset
2020-04-20 19:00:00,SHIFT,-1.9614656054248252,0.10752191663389121,-1.396993623817913,-1.3607364107541395,covid_onset
2020-04-20 20:00:00,SHIFT,-1.9528419584300114,0.10929449620470628,-0.811248614072254,-1.3607364107541395,covid_onset
2020-04-20 21:00:00,SHIFT,-1.9440461534164337,0.111630547528396,-0.3782320770265391,-1.3607364107541395,covid_onset
2020-04-20 22:00:00,SHIFT,-1.9346248602809488,0.11471844062880919,0.14282985263914064,-1.3607364107541395,covid_onset
2020-04-20 23:00:00,SHIFT,-1.9254540278099588,0.11714380587302838,0.5260211911140059,-1.3607364107541395,covid_onset
2020-04-21 00:00:00,SHIFT,-1.916085359586672,0.11982847335663448,0.9765275364356021,-1.3607364107541395,covid_onset
2020-04-21 01:00:00,SHIFT,-1.9121756717918668,0.12121369846213535,0.4743624496334486,-1.3607364107541395,covid_onset
2020-04-21 02:00:00,SHIFT,-1.9049201692480218,0.12360505773263865,0.4973993480416456,-1.3607364107541395,covid_onset
2020-04-21 03:00:00,SHIFT,-1.8991915924994234,0.12579993892377125,0.33283018655609603,-1.3607364107541395,covid_onset
2020-04-21 04:00:00,SHIFT,-1.8948167505453197,0.12675629195192986,-0.005217511965593583,-1.3607364107541395,covid_onset
2020-04-21 05:00:00,SHIFT,-1.891469834064635,0.1273428246143032,-0.4547292440963221,-1.3607364107541395,covid_onset
2020-04-21 06:00:00,SHIFT,-1.8880281450897964,0.1269362295989749,-1.1082184771559416,-1.3607364107541395,covid_onset
2020-04-21 07:00:00,SHIFT,-1.8837156787699019,0.12114733190612686,-2.0834705783387037,-1.3607364107541395,covid_onset
2020-04-21 08:00:00,SHIFT,-1.8791935804619675,0.11142247844659282,-2.7581120470581095,-1.3607364107541395,covid_onset
2020-04-21 09:00:00,SHIFT,-1.8743840393957296,0.10063850710884115,-3.2933850605895665,-1.3607364107541395,covid_onset
2020-04-21 10:00:00,SHIFT,-1.8697255377149185,0.0887470622675821,-3.4361327509887767,-1.3607364107541395,covid_onset
2020-04-21 11:00:00,SHIFT,-1.865212427425575,0.07802596019208086,-3.5115276297850033,-1.3607364107541395,covid_onset
2020-04-21 12:00:00,SHIFT,-1.8615719107280093,0.06865270137977346,-3.2357205089302075,-1.3607364107541395,covid_onset
2020-04-21 13:00:00,SHIFT,-1.8571144778293138,0.05967280647365811,-3.0767394920648377,-1.3607364107541395,covid_onset
2020-04-21 14:00:00,SHIFT,-1.8542971568142643,0.05017700763198788,-3.146625600954441,-1.3607364107541395,covid_onset
2020-04-21 15:00:00,SHIFT,-1.8493602589539797,0.04278386920231921,-2.8597758726375475,-1.3607364107541395,covid_onset
2020-04-21 16:00:00,SHIFT,-1.8436965013658253,0.035151202973747867,-2.6748675248069915,-1.3607364107541395,covid_onset
2020-04-21 17:00:00,SHIFT,-1.838061403159893,0.030395314398664677,-2.2077633908156984,-1.3607364107541395,covid_onset
2020-04-21 18:00:00,SHIFT,-1.8320147699044211,0.02643544806222049,-1.7011784330108843,-1.3607364107541395,covid_onset
2020-04-21 19:00:00,SHIFT,-1.8219915520151733,0.02468675954171759,-1.0812398192537014,-1.3607364107541395,covid_onset
2020-04-21 20:00:00,SHIFT,-1.8124774022945145,0.02243406127075455,-0.6530834049840843,-1.3607364107541395,covid_onset
2020-04-21 21:00:00,SHIFT,-1.8026187014661172,0.019404437631227924,-0.35040731069245495,-1.3607364107541395,covid_onset
2020-04-21 22:00:00,SHIFT,-1.7935457910882104,0.01566923187294224,-0.017215568617615588,-1.3607364107541395,covid_onset
2020-04-21 23:00:00,SHIFT,-1.7843634418466805,0.012241895585740665,0.2778108535578137,-1.3607364107541395,covid_onset
2020-04-22 00:00:00,SHIFT,-1.7730090800288514,0.009227279245494416,0.7799981572362964,-1.3607364107541395,covid_onset
2020-04-22 01:00:00,SHIFT,-1.764296758012114,0.00835195280281466,0.8777416416491224,-1.3607364107541395,covid_onset
2020-04-22 02:00:00,SHIFT,-1.753494687276784,0.007129903872601526,1.0030408141087304,-1.3607364107541395,covid_onset
2020-04-22 03:00:00,SHIFT,-1.743217212437831,0.006169861518958983,0.8444404567756729,-1.3607364107541395,covid_onset
2020-04-22 04:00:00,SHIFT,-1.7342460728385731,0.005905670919621821,0.636006236900112,-1.3607364107541395,covid_onset
2020-04-22 05:00:00,SHIFT,-1.7272229800589853,0.0050912139229103,-0.02219700329143109,-1.3607364107541395,covid_onset
2020-04-22 06:00:00,SHIFT,-1.722971350228744,0.004127375068337354,-0.680012731249938,-1.3607364107541395,covid_onset
2020-04-22 07:00:00,SHIFT,-1.7196344180453413,0.0033182516624375557,-1.983996563548742,-1.3607364107541395,covid_onset
2020-04-22 08:00:00,SHIFT,-1.7162546258968678,0.0030061288299101474,-2.7056545228907005,-1.3607364107541395,covid_onset
2020-04-22 09:00:00,SHIFT,-1.7115262445971422,0.0034613436124050503,-3.147877010899413,-1.3607364107541395,covid_onset
2020-04-22 10:00:00,SHIFT,-1.7105596794582405,0.00311132610695353,-3.685897620176376,-1.3607364107541395,covid_onset
2020-04-22 11:00:00,SHIFT,-1.7069476663528793,0.0038854216220370664,-3.3731072375531848,-1.3607364107541395,covid_onset
2020-04-22 12:00:00,SHIFT,-1.706331099016584,0.0041074049272987094,-3.2770110175505764,-1.3607364107541395,covid_onset
2020-04-22 13:00:00,SHIFT,-1.7071668578876722,0.0018131252692732147,-3.69507063345331,-1.3607364107541395,covid_onset
2020-04-22 14:00:00,SHIFT,-1.7051843666082955,0.0035865945222184237,-3.014046282955748,-1.3607364107541395,covid_onset
2020-04-22 15:00:00,SHIFT,-1.7045128873549866,0.0031129009992224206,-3.1353103865338046,-1.3607364107541395,covid_onset
2020-04-22 16:00:00,SHIFT,-1.7038516775561168,0.0019232269634340184,-3.1350213428856044,-1.3607364107541395,covid_onset
2020-04-22 17:00:00,SHIFT,-1.7003705604084736,0.0011501360428246394,-2.50853398951954,-1.3607364107541395,covid_onset
2020-04-22 18:00:00,SHIFT,-1.6966466884788372,4.050918351677244e-05,-1.979751924109198,-1.3607364107541395,covid_onset
2020-04-22 19:00:00,SHIFT,-1.6930634599618815,-0.0012698447391771672,-1.2655512990402038,-1.3607364107541395,covid_onset
2020-04-22 20:00:00,SHIFT,-1.6886108840286962,-0.002127708006018965,-0.8250023380596029,-1.3607364107541395,covid_onset
2020-04-22 21:00:00,SHIFT,-1.6845486470344948,-0.002435843198149957,-0.4441922412155175,-1.3607364107541395,covid_onset
2020-04-22 22:00:00,SHIFT,-1.6793501644787927,-0.001991346680147462,0.007345117999087861,-1.3607364107541395,covid_onset
2020-04-22 23:00:00,SHIFT,-1.6755926823231864,-0.0016186433186321444,0.1929667488074563,-1.3607364107541395,covid_onset
2020-04-23 00:00:00,SHIFT,-1.6699804788694632,-0.0012618912658274315,0.7610856102302345,-1.3607364107541395,covid_onset
2020-04-23 01:00:00,SHIFT,-1.6631545083149049,-0.0019140682529927352,0.9721234089813136,-1.3607364107541395,covid_onset
2020-04-23 02:00:00,SHIFT,-1.6583802453471186,-0.003378892787294588,0.7575641890453428,-1.3607364107541395,covid_onset
2020-04-23 03:00:00,SHIFT,-1.6535760097553631,-0.004821105274605327,0.6246559836437304,-1.3607364107541395,covid_onset
2020-04-23 04:00:00,SHIFT,-1.6506560774195935,-0.006824802445241637,0.24618343616048902,-1.3607364107541395,covid_onset
2020-04-23 05:00:00,SHIFT,-1.652187203582381,-0.00907116862950814,-0.6854156448269294,-1.3607364107541395,covid_onset
2020-04-23 06:00:00,SHIFT,-1.6544487672911372,-0.012034033275583236,-1.6342311107258012,-1.3607364107541395,covid_onset
2020-04-23 07:00:00,SHIFT,-1.6531174415003607,-0.01314762662445853,-2.31693716560306,-1.3607364107541395,covid_onset
2020-04-23 08:00:00,SHIFT,-1.6517655542358556,-0.01450565011683187,-3.06119680768216,-1.3607364107541395,covid_onset
2020-04-23 09:00:00,SHIFT,-1.6501632846400487,-0.015887509091079107,-3.3991596987392865,-1.3607364107541395,covid_onset
2020-04-23 10:00:00,SHIFT,-1.6489798259263562,-0.014408018727757705,-3.5446896877166876,-1.3607364107541395,covid_onset
2020-04-23 11:00:00,SHIFT,-1.6478907421968088,-0.01497286788209637,-3.3837891532004214,-1.3607364107541395,covid_onset
2020-04-23 12:00:00,SHIFT,-1.6464528441626916,-0.013875777001580073,-3.0290781221940852,-1.3607364107541395,covid_onset
2020-04-23 13:00:00,SHIFT,-1.6457096904783417,-0.010042378914768724,-3.321417522639563,-1.3607364107541395,covid_onset
2020-04-23 14:00:00,SHIFT,-1.6442918644235003,-0.010744647872424044,-3.05998819824958,-1.3607364107541395,covid_onset
2020-04-23 15:00:00,SHIFT,-1.6435664004371608,-0.009419245993143774,-3.0791370174720716,-1.3607364107541395,covid_onset
2020-04-23 16:00:00,SHIFT,-1.6434180560790312,-0.008116518955067408,-3.233380439796552,-1.3607364107541395,covid_onset
2020-04-23 17:00:00,SHIFT,-1.6428583230258966,-0.008666787501322283,-2.980696474103048,-1.3607364107541395,covid_onset
2020-04-23 18:00:00,SHIFT,-1.6417736864267047,-0.009676744359227671,-2.620934546499421,-1.3607364107541395,covid_onset
2020-04-23 19:00:00,SHIFT,-1.6410858685451184,-0.011230907718445824,-2.0414783860521024,-1.3607364107541395,covid_onset
2020-04-23 20:00:00,SHIFT,-1.6407069825825993,-0.013037684550559618,-1.6861369704399738,-1.3607364107541395,covid_onset
2020-04-23 21:00:00,SHIFT,-1.640314024237954,-0.014259324251982968,-1.0170162304421633,-1.3607364107541395,covid_onset
2020-04-23 22:00:00,SHIFT,-1.6430613374668188,-0.016592357735569187,-0.9306187596677146,-1.3607364107541395,covid_onset
2020-04-23 23:00:00,SHIFT,-1.6429418720397253,-0.01788459430363186,-0.44348594604983227,-1.3607364107541395,covid_onset
2020-04-24 00:00:00,SHIFT,-1.6424148208830114,-0.019508555347703235,-0.057113009187989984,-1.3607364107541395,covid_onset
2020-04-24 01:00:00,SHIFT,-1.6408823574399782,-0.02177134120113176,-0.038699370193332125,-1.3607364107541395,covid_onset
2020-04-24 02:00:00,SHIFT,-1.6395147448782759,-0.023064226498817172,-0.15111553532955058,-1.3607364107541395,covid_onset
2020-04-24 03:00:00,SHIFT,-1.637920646970981,-0.024209897767384816,-0.17775720193920622,-1.3607364107541395,covid_onset
2020-04-24 04:00:00,SHIFT,-1.6354817089834301,-0.02453732138195554,-0.30527125616331363,-1.3607364107541395,covid_onset
2020-04-24 05:00:00,SHIFT,-1.6334377012096755,-0.02317547192470952,-0.6789053077174345,-1.3607364107541395,covid_onset
2020-04-24 06:00:00,SHIFT,-1.6346553983589986,-0.020506829075467522,-1.3492808739714262,-1.3607364107541395,covid_onset
2020-04-24 07:00:00,SHIFT,-1.6324072755471553,-0.019503086321603757,-2.26074382135303,-1.3607364107541395,covid_onset
2020-04-24 08:00:00,SHIFT,-1.6295233738692958,-0.016942704388833687,-2.658846070222101,-1.3607364107541395,covid_onset
2020-04-24 09:00:00,SHIFT,-1.6265213754416112,-0.015427982480735186,-3.217427187773772,-1.3607364107541395,covid_onset
2020-04-24 10:00:00,SHIFT,-1.624259624287786,-0.01540883443056442,-3.3965921778962205,-1.3607364107541395,covid_onset
2020-04-24 11:00:00,SHIFT,-1.6229062290845802,-0.015931992598207385,-3.534038806828409,-1.3607364107541395,covid_onset
2020-04-24 12:00:00,SHIFT,-1.6213652524274238,-0.017884462460504003,-3.301613596145996,-1.3607364107541395,covid_onset
2020-04-24 13:00:00,SHIFT,-1.6194960340045574,-0.018930178316355777,-3.20486713491155,-1.3607364107541395,covid_onset
2020-04-24 14:00:00,SHIFT,-1.6190630292675545,-0.019870055354241307,-3.3458471752238905,-1.3607364107541395,covid_onset
2020-04-24 15:00:00,SHIFT,-1.621515260505962,-0.022212812324814004,-3.5993236055939097,-1.3607364107541395,covid_onset
2020-04-24 16:00:00,SHIFT,-1.6246440125242056,-0.023593792105180422,-3.6915046950835912,-1.3607364107541395,covid_onset
2020-04-24 17:00:00,SHIFT,-1.6263050963312022,-0.023051822737047936,-3.2671814909310792,-1.3607364107541395,covid_onset
2020-04-24 18:00:00,SHIFT,-1.6250071052987596,-0.021562646714239367,-2.7158538377699304,-1.3607364107541395,covid_onset
2020-04-24 19:00:00,SHIFT,-1.626626246376372,-0.02043373944130591,-2.3693365997083045,-1.3607364107541395,covid_onset
2020-04-24 20:00:00,SHIFT,-1.6283645580388215,-0.018610800646716052,-1.8411829940272049,-1.3607364107541395,covid_onset
2020-04-24 21:00:00,SHIFT,-1.6298370381955265,-0.018486562827453538,-1.522716235673045,-1.3607364107541395,covid_onset
2020-04-24 22:00:00,SHIFT,-1.629594764534326,-0.016614761773494656,-1.0872767000284043,-1.3607364107541395,covid_onset
2020-04-24 23:00:00,SHIFT,-1.630257278463697,-0.015659227552442877,-0.6635958129224432,-1.3607364107541395,covid_onset
2020-04-25 00:00:00,SHIFT,-1.6314856212709121,-0.014176485930276352,-0.3961080935668748,-1.3607364107541395,covid_onset
2020-04-25 01:00:00,SHIFT,-1.6328385490430688,-0.012406285613248818,-0.41559508749853685,-1.3607364107541395,covid_onset
2020-04-25 02:00:00,SHIFT,-1.633746600536527,-0.011182541461868386,-0.5703048335454461,-1.3607364107541395,covid_onset
2020-04-25 03:00:00,SHIFT,-1.635164873155423,-0.010055749286439276,-0.5335853440502617,-1.3607364107541395,covid_onset
2020-04-25 04:00:00,SHIFT,-1.6313992517205202,-0.008371071464933195,-0.09860091403224225,-1.3607364107541395,covid_onset
2020-04-25 05:00:00,SHIFT,-1.6295588707524964,-0.009533792870651448,-0.7697313770565745,-1.3607364107541395,covid_onset
2020-04-25 06:00:00,SHIFT,-1.626010399985597,-0.011707507609453155,-0.7682106261947742,-1.3607364107541395,covid_onset
2020-04-25 07:00:00,SHIFT,-1.6249775534683466,-0.015845268972828386,-1.209132385721448,-1.3607364107541395,covid_onset
2020-04-25 08:00:00,SHIFT,-1.6227410705553011,-0.022734907926219055,-1.2913996547544346,-1.3607364107541395,covid_onset
2020-04-25 09:00:00,SHIFT,-1.6210542879498693,-0.0289942477586829,-1.4341577021633933,-1.3607364107541395,covid_onset
2020-04-25 10:00:00,SHIFT,-1.6188067165066478,-0.03480300008250462,-1.56994650096944,-1.3607364107541395,covid_onset
2020-04-25 11:00:00,SHIFT,-1.616100482542099,-0.03895371360648525,-1.7411340138011027,-1.3607364107541395,covid_onset
2020-04-25 12:00:00,SHIFT,-1.6128773395205864,-0.04219435958868131,-1.7678783019712416,-1.3607364107541395,covid_onset
2020-04-25 13:00:00,SHIFT,-1.6105484474427183,-0.047145181843796374,-1.8292553618680658,-1.3607364107541395,covid_onset
2020-04-25 14:00:00,SHIFT,-1.6080440726442067,-0.048920161410992674,-1.6787258908541245,-1.3607364107541395,covid_onset
2020-04-25 15:00:00,SHIFT,-1.6044486108372755,-0.04734566515132003,-1.5049696984515732,-1.3607364107541395,covid_onset
2020-04-25 16:00:00,SHIFT,-1.6013883109916758,-0.04512055371657963,-1.5224107869916184,-1.3607364107541395,covid_onset
2020-04-25 17:00:00,SHIFT,-1.5952465644469889,-0.04355034035456957,-1.3882263568845847,-1.3607364107541395,covid_onset
2020-04-25 18:00:00,SHIFT,-1.5881197001338974,-0.043385238037448565,-1.5164391616355133,-1.3607364107541395,covid_onset
2020-04-25 19:00:00,SHIFT,-1.5850168279526828,-0.041584210071179344,-1.0599694814481502,-1.3607364107541395,covid_onset
2020-04-25 20:00:00,SHIFT,-1.5807534485165171,-0.04019173251118759,-0.7983404868449947,-1.3607364107541395,covid_onset
2020-04-25 21:00:00,SHIFT,-1.5749687554272136,-0.03740236995686986,-0.4056130402529401,-1.3607364107541395,covid_onset
2020-04-25 22:00:00,SHIFT,-1.571284408243423,-0.03597725365103368,-0.26418999279445243,-1.3607364107541395,covid_onset
2020-04-25 23:00:00,SHIFT,-1.5674267900672372,-0.0342943761215224,0.16153980537712895,-1.3607364107541395,covid_onset
2020-04-26 00:00:00,SHIFT,-1.5647451557378158,-0.03310150770033192,-0.008028408265505537,-1.3607364107541395,covid_onset
2020-04-26 01:00:00,SHIFT,-1.5599341081730989,-0.03146502933864305,0.13472919444607603,-1.3607364107541395,covid_onset
2020-04-26 02:00:00,SHIFT,-1.5576667411470984,-0.030100181494852638,-0.24614550597897214,-1.3607364107541395,covid_onset
2020-04-26 03:00:00,SHIFT,-1.5549825419760706,-0.02877530932307415,-0.17823968661890602,-1.3607364107541395,covid_onset
2020-04-26 04:00:00,SHIFT,-1.5517105187836056,-0.030084819875707103,-0.38623987227104306,-1.3607364107541395,covid_onset
2020-04-26 05:00:00,SHIFT,-1.549743511307506,-0.029237272481719073,-0.8885055415714512,-1.3607364107541395,covid_onset
2020-04-26 06:00:00,SHIFT,-1.5486737721727757,-0.029171475516167417,-1.314167253401192,-1.3607364107541395,covid_onset
2020-04-26 07:00:00,SHIFT,-1.5449986058662777,-0.025748904879870707,-1.37699378637846,-1.3607364107541395,covid_onset
2020-04-26 08:00:00,SHIFT,-1.542528932472243,-0.022155074847702284,-1.7040432842601083,-1.3607364107541395,covid_onset
2020-04-26 09:00:00,SHIFT,-1.5407671672147976,-0.018678275031601844,-1.828510380722337,-1.3607364107541395,covid_onset
2020-04-26 10:00:00,SHIFT,-1.5395396097251581,-0.016037143678877566,-2.032540825455384,-1.3607364107541395,covid_onset
2020-04-26 11:00:00,SHIFT,-1.537500463178175,-0.013352561305647248,-2.1298987081074223,-1.3607364107541395,covid_onset
2020-04-26 12:00:00,SHIFT,-1.5365055335971582,-0.01128429830961713,-2.2622442943410364,-1.3607364107541395,covid_onset
2020-04-26 13:00:00,SHIFT,-1.5343500925463422,-0.008082520035979049,-2.161887776441241,-1.3607364107541395,covid_onset
2020-04-26 14:00:00,SHIFT,-1.533311197386167,-0.006959972472334639,-2.1786452545683423,-1.3607364107541395,covid_onset
2020-04-26 15:00:00,SHIFT,-1.5335423407816249,-0.008553864682047909,-2.15013516030383,-1.3607364107541395,covid_onset
2020-04-26 16:00:00,SHIFT,-1.533532839773707,-0.011631510953890242,-2.408418575887859,-1.3607364107541395,covid_onset
2020-04-26 17:00:00,SHIFT,-1.5361145812239048,-0.015017405392115492,-2.3716684989828316,-1.3607364107541395,covid_onset
2020-04-26 18:00:00,SHIFT,-1.5365776714278876,-0.01660561884654377,-2.1880953537794094,-1.3607364107541395,covid_onset
2020-04-26 19:00:00,SHIFT,-1.5366280398789394,-0.018263124764266184,-1.3864528644645768,-1.3607364107541395,covid_onset
2020-04-26 20:00:00,SHIFT,-1.535071506993289,-0.019389029682733084,-0.8704910660167148,-1.3607364107541395,covid_onset
2020-04-26 21:00:00,SHIFT,-1.533640088049456,-0.02170734980484681,-0.8031463998889411,-1.3607364107541395,covid_onset
2020-04-26 22:00:00,SHIFT,-1.531740789699622,-0.023156790800243198,-0.45216298601505545,-1.3607364107541395,covid_onset
2020-04-26 23:00:00,SHIFT,-1.5316862401951743,-0.025339624277623263,-0.29400483344986206,-1.3607364107541395,covid_onset
2020-04-27 00:00:00,SHIFT,-1.5298750865404744,-0.026933305146779284,0.05502908099231677,-1.3607364107541395,covid_onset
2020-04-27 01:00:00,SHIFT,-1.5274899375382303,-0.029012086011603735,0.0870033484429952,-1.3607364107541395,covid_onset
2020-04-27 02:00:00,SHIFT,-1.5220986131251923,-0.029134283723492246,0.3325702939793791,-1.3607364107541395,covid_onset
2020-04-27 03:00:00,SHIFT,-1.518482697637814,-0.030096579970488088,-0.009640050116648145,-1.3607364107541395,covid_onset
2020-04-27 04:00:00,SHIFT,-1.5148745583185776,-0.028992596920655724,-0.1473353581375517,-1.3607364107541395,covid_onset
2020-04-27 05:00:00,SHIFT,-1.510862573276063,-0.026966551298981928,-0.5728949305532931,-1.3607364107541395,covid_onset
2020-04-27 06:00:00,SHIFT,-1.505753655301608,-0.021687602343898115,-1.0831394129909089,-1.3607364107541395,covid_onset
2020-04-27 07:00:00,SHIFT,-1.501876331891185,-0.01481880768357685,-1.8339693737649188,-1.3607364107541395,covid_onset
2020-04-27 08:00:00,SHIFT,-1.499830219107024,-0.0038293697703803455,-2.5585667645505987,-1.3607364107541395,covid_onset
2020-04-27 09:00:00,SHIFT,-1.4977683463050848,0.008488192757564711,-2.962768107577683,-1.3607364107541395,covid_onset
2020-04-27 10:00:00,SHIFT,-1.4963353015902936,0.02192168021199233,-3.0366439015260926,-1.3607364107541395,covid_onset
2020-04-27 11:00:00,SHIFT,-1.49414592387112,0.03372711754064518,-3.0775823613565163,-1.3607364107541395,covid_onset
2020-04-27 12:00:00,SHIFT,-1.4930988928627407,0.04474505394746969,-2.9589034346375436,-1.3607364107541395,covid_onset
2020-04-27 13:00:00,SHIFT,-1.4933313491808935,0.05303575109478073,-3.104438749782424,-1.3607364107541395,covid_onset
2020-04-27 14:00:00,SHIFT,-1.4946735479011477,0.06126099689980676,-3.045505642619117,-1.3607364107541395,covid_onset
2020-04-27 15:00:00,SHIFT,-1.4959529121966981,0.06933969987441566,-2.9158963108038627,-1.3607364107541395,covid_onset
2020-04-27 16:00:00,SHIFT,-1.498701202858957,0.0771400942351171,-3.0014828188187863,-1.3607364107541395,covid_onset
2020-04-27 17:00:00,SHIFT,-1.5002873929643583,0.08500635959462523,-2.428924804988847,-1.3607364107541395,covid_onset
2020-04-27 18:00:00,SHIFT,-1.5026625122398052,0.09004160829990299,-2.231826501001783,-1.3607364107541395,covid_onset
2020-04-27 19:00:00,SHIFT,-1.5058431512316723,0.09190515317547426,-1.9313409744515635,-1.3607364107541395,covid_onset
2020-04-27 20:00:00,SHIFT,-1.509208764474151,0.09255668209543866,-1.3766716388086866,-1.3607364107541395,covid_onset
2020-04-27 21:00:00,SHIFT,-1.5122936683195605,0.09455279728237266,-0.8964959230553218,-1.3607364107541395,covid_onset
2020-04-27 22:00:00,SHIFT,-1.5173227025981133,0.09538315468159247,-0.7020479061577671,-1.3607364107541395,covid_onset
2020-04-27 23:00:00,SHIFT,-1.5226605946583869,0.0970507409583487,-0.37074467501194225,-1.3607364107541395,covid_onset
2020-04-28 00:00:00,SHIFT,-1.5269340848209585,0.09805946919494009,0.2585811891235799,-1.3607364107541395,covid_onset
2020-04-28 01:00:00,SHIFT,-1.5297332171084297,0.09862293594714805,0.004108225338317004,-1.3607364107541395,covid_onset
2020-04-28 02:00:00,SHIFT,-1.5318682764719664,0.09753663859753409,0.13870937496743407,-1.3607364107541395,covid_onset
2020-04-28 03:00:00,SHIFT,-1.5334675694583988,0.0977680409580865,0.06414896483544627,-1.3607364107541395,covid_onset
2020-04-28 04:00:00,SHIFT,-1.5332028683553545,0.09772904704428509,0.03925227334588364,-1.3607364107541395,covid_onset
2020-04-28 05:00:00,SHIFT,-1.5337689599851394,0.09605267357354101,-0.5498326379002327,-1.3607364107541395,covid_onset
2020-04-28 06:00:00,SHIFT,-1.53417446519966,0.09204149249852246,-1.176343353195334,-1.3607364107541395,covid_onset
2020-04-28 07:00:00,SHIFT,-1.5336678221806046,0.085321487518855,-1.9983545511374563,-1.3607364107541395,covid_onset
2020-04-28 08:00:00,SHIFT,-1.5325076181625947,0.07623502900593157,-2.563197772032445,-1.3607364107541395,covid_onset
2020-04-28 09:00:00,SHIFT,-1.5310343329940426,0.06577272817519517,-3.0458731522727645,-1.3607364107541395,covid_onset
2020-04-28 10:00:00,SHIFT,-1.5305074278956756,0.05381906335506199,-3.347612694463159,-1.3607364107541395,covid_onset
2020-04-28 11:00:00,SHIFT,-1.5286800046401219,0.04357988605765748,-3.2045205228519955,-1.3607364107541395,covid_onset
2020-04-28 12:00:00,SHIFT,-1.5278523641768387,0.0342376705977908,-3.0966769110986267,-1.3607364107541395,covid_onset
2020-04-28 13:00:00,SHIFT,-1.527925984768436,0.02730357755048791,-3.0891077514531657,-1.3607364107541395,covid_onset
2020-04-28 14:00:00,SHIFT,-1.5266594623818333,0.021286156877767113,-2.933849840005197,-1.3607364107541395,covid_onset
2020-04-28 15:00:00,SHIFT,-1.525540645357839,0.01631620474514842,-2.6718146126064783,-1.3607364107541395,covid_onset
2020-04-28 16:00:00,SHIFT,-1.526485519429486,0.011752001250607316,-2.8336063688436792,-1.3607364107541395,covid_onset
2020-04-28 17:00:00,SHIFT,-1.5278909439837567,0.006573472887211853,-2.4438747159331955,-1.3607364107541395,covid_onset
2020-04-28 18:00:00,SHIFT,-1.5287341099227345,0.004320311576591661,-1.8428303107591513,-1.3607364107541395,covid_onset
2020-04-28 19:00:00,SHIFT,-1.528557662561662,0.005618827759656019,-1.051596662593547,-1.3607364107541395,covid_onset
2020-04-28 20:00:00,SHIFT,-1.5291426967549702,0.006822754812728736,-0.7513691494598977,-1.3607364107541395,covid_onset
2020-04-28 21:00:00,SHIFT,-1.5290435529691042,0.007164811514108222,-0.33375115466697386,-1.3607364107541395,covid_onset
2020-04-28 22:00:00,SHIFT,-1.529247545182128,0.008405084565780986,-0.05148626040556717,-1.3607364107541395,covid_onset
2020-04-28 23:00:00,SHIFT,-1.5292976290891367,0.009319390102938694,0.2693967571803781,-1.3607364107541395,covid_onset
2020-04-29 00:00:00,SHIFT,-1.5292725702683676,0.009985834438364734,0.7842080391254513,-1.3607364107541395,covid_onset
2020-04-29 01:00:00,SHIFT,-1.5294485407756202,0.011976886778454897,0.8481785964307691,-1.3607364107541395,covid_onset
2020-04-29 02:00:00,SHIFT,-1.5320741127758213,0.013206871629730624,0.5619447180748735,-1.3607364107541395,covid_onset
2020-04-29 03:00:00,SHIFT,-1.5338181404117432,0.014038248060602351,0.5514438139407568,-1.3607364107541395,covid_onset
2020-04-29 04:00:00,SHIFT,-1.535769677323373,0.014196417435433742,0.3081480357463798,-1.3607364107541395,covid_onset
2020-04-29 05:00:00,SHIFT,-1.5362694484894672,0.015073960786114284,-0.10615855919524356,-1.3607364107541395,covid_onset
2020-04-29 06:00:00,SHIFT,-1.5364998918607244,0.016275887950970343,-0.7187272176211662,-1.3607364107541395,covid_onset
2020-04-29 07:00:00,SHIFT,-1.5345715372253936,0.017565560053119475,-1.6600329848131432,-1.3607364107541395,covid_onset
2020-04-29 08:00:00,SHIFT,-1.5337621382813371,0.017559480104870833,-2.5696755002892555,-1.3607364107541395,covid_onset
2020-04-29 09:00:00,SHIFT,-1.533211254791448,0.017810729148344657,-3.0553285845980427,-1.3607364107541395,covid_onset
2020-04-29 10:00:00,SHIFT,-1.5307330668432395,0.01922784129602956,-3.2695620448773575,-1.3607364107541395,covid_onset
2020-04-29 11:00:00,SHIFT,-1.5305982419968676,0.01915256093879855,-3.350456663362716,-1.3607364107541395,covid_onset
2020-04-29 12:00:00,SHIFT,-1.5290223952813111,0.019975896832660985,-3.012268769337057,-1.3607364107541395,covid_onset
2020-04-29 13:00:00,SHIFT,-1.5251221666883108,0.020104262512686037,-3.0398322298292513,-1.3607364107541395,covid_onset
2020-04-29 14:00:00,SHIFT,-1.5247342138693636,0.019609697971382668,-2.9488702093726005,-1.3607364107541395,covid_onset
2020-04-29 15:00:00,SHIFT,-1.5228358394829458,0.01806874893137561,-2.8163834896156446,-1.3607364107541395,covid_onset
2020-04-29 16:00:00,SHIFT,-1.5212571595738649,0.017305641315652178,-2.8698031181599735,-1.3607364107541395,covid_onset
2020-04-29 17:00:00,SHIFT,-1.518928814518138,0.018356359228811323,-2.117372020157453,-1.3607364107541395,covid_onset
2020-04-29 18:00:00,SHIFT,-1.514332778030273,0.01899908741545596,-1.2076177941478754,-1.3607364107541395,covid_onset
2020-04-29 19:00:00,SHIFT,-1.5146644563242264,0.015899144806321753,-1.3212732524243591,-1.3607364107541395,covid_onset
2020-04-29 20:00:00,SHIFT,-1.5143449226725056,0.01415372125069222,-0.7713206845705447,-1.3607364107541395,covid_onset
2020-04-29 21:00:00,SHIFT,-1.5133405078363493,0.012826965137350784,-0.2754505487412572,-1.3607364107541395,covid_onset
2020-04-29 22:00:00,SHIFT,-1.5121673087668395,0.011804722391056786,0.20444256167677638,-1.3607364107541395,covid_onset
2020-04-29 23:00:00,SHIFT,-1.5103887448662814,0.010775494158132018,0.4917654841012195,-1.3607364107541395,covid_onset
2020-04-30 00:00:00,SHIFT,-1.5095680964285885,0.00991361329701,0.8989545477626047,-1.3607364107541395,covid_onset
2020-04-30 01:00:00,SHIFT,-1.510900621851088,0.007894177637143689,0.748259138001377,-1.3607364107541395,covid_onset
2020-04-30 02:00:00,SHIFT,-1.5108578136119544,0.007445488876465452,0.7647559732198084,-1.3607364107541395,covid_onset
2020-04-30 03:00:00,SHIFT,-1.5096360254547536,0.007012493357511209,0.8299163940534824,-1.3607364107541395,covid_onset
2020-04-30 04:00:00,SHIFT,-1.5089560386735665,0.006586402299328216,0.3604212153999076,-1.3607364107541395,covid_onset
2020-04-30 05:00:00,SHIFT,-1.5057535763741459,0.005576500914089872,-0.14740197852425124,-1.3607364107541395,covid_onset
2020-04-30 06:00:00,SHIFT,-1.4999897559741056,0.004689774513480045,-0.6659092835190394,-1.3607364107541395,covid_onset
2020-04-30 07:00:00,SHIFT,-1.4956787251248624,0.003988764805036143,-1.5926839829302002,-1.3607364107541395,covid_onset
2020-04-30 08:00:00,SHIFT,-1.4912403944320562,0.004846365560093602,-2.3155572512907,-1.3607364107541395,covid_onset
2020-04-30 09:00:00,SHIFT,-1.4887155927385496,0.005155267215391022,-2.974993014230188,-1.3607364107541395,covid_onset
2020-04-30 10:00:00,SHIFT,-1.486390254192673,0.005291829965716952,-3.1540328120094214,-1.3607364107541395,covid_onset
2020-04-30 11:00:00,SHIFT,-1.4846153195565153,0.00681989074555291,-3.085600134325903,-1.3607364107541395,covid_onset
2020-04-30 12:00:00,SHIFT,-1.4844629329844696,0.006537297634700179,-3.0034771780904443,-1.3607364107541395,covid_onset
2020-04-30 13:00:00,SHIFT,-1.4819709067507871,0.006867221728576386,-2.9027571153809286,-1.3607364107541395,covid_onset
2020-04-30 14:00:00,SHIFT,-1.481386135576599,0.006875445876374681,-2.9617466409859428,-1.3607364107541395,covid_onset
2020-04-30 15:00:00,SHIFT,-1.4802594256348047,0.0071493259722389966,-2.889849747250652,-1.3607364107541395,covid_onset
2020-04-30 16:00:00,SHIFT,-1.4782418346842217,0.007191784239076418,-2.8944251600985913,-1.3607364107541395,covid_onset
2020-04-30 17:00:00,SHIFT,-1.4734956944244892,0.005988780543681905,-2.1833449104680134,-1.3607364107541395,covid_onset
2020-04-30 18:00:00,SHIFT,-1.4675490201716395,0.0031763879098709404,-1.621893272020631,-1.3607364107541395,covid_onset
2020-04-30 19:00:00,SHIFT,-1.463521089079667,0.0037586423155198333,-1.3647859626007606,-1.3607364107541395,covid_onset
2020-04-30 20:00:00,SHIFT,-1.4581329568688761,0.003785524883631691,-0.7809307590270793,-1.3607364107541395,covid_onset
2020-04-30 21:00:00,SHIFT,-1.4538790939791626,0.0035701431111029654,-0.30236726497028,-1.3607364107541395,covid_onset
2020-04-30 22:00:00,SHIFT,-1.4476083769761199,0.0027522049092518954,0.12286169684342453,-1.3607364107541395,covid_onset
2020-04-30 23:00:00,SHIFT,-1.441604984116718,0.002402676274790493,0.5650840543297111,-1.3607364107541395,covid_onset
2020-05-01 00:00:00,SHIFT,-1.434904231941517,0.002299397487037707,1.0686133562457891,-1.3607364107541395,covid_onset
2020-05-01 01:00:00,SHIFT,-1.426148484469742,0.0035144097024168257,1.4322662050648438,-1.3607364107541395,covid_onset
2020-05-01 02:00:00,SHIFT,-1.4187562396107005,0.0033706830919158002,1.0907816009894316,-1.3607364107541395,covid_onset
2020-05-01 03:00:00,SHIFT,-1.4119203608351578,0.0027955659021689384,0.9706704323519586,-1.3607364107541395,covid_onset
2020-05-01 04:00:00,SHIFT,-1.4071021747153563,0.0027270252886346514,0.5041840119633416,-1.3607364107541395,covid_onset
2020-05-01 05:00:00,SHIFT,-1.404889968498746,0.002462503408276097,-0.30725466332688617,-1.3607364107541395,covid_onset
2020-05-01 06:00:00,SHIFT,-1.4070828024014703,0.0005171754752216311,-1.7176769696291163,-1.3607364107541395,covid_onset
2020-05-01 07:00:00,SHIFT,-1.4130374293098642,-0.003662292573483836,-3.261121141963209,-1.3607364107541395,covid_onset
2020-05-01 08:00:00,SHIFT,-1.4203156295962711,-0.00875257829484003,-3.8815837183384683,-1.3607364107541395,covid_onset
2020-05-01 09:00:00,SHIFT,-1.4265364732797985,-0.013175862637789026,-4.262528926606374,-1.3607364107541395,covid_onset
2020-05-01 10:00:00,SHIFT,-1.4346369976219802,-0.018011125701475627,-4.757480267382754,-1.3607364107541395,covid_onset
2020-05-01 11:00:00,SHIFT,-1.4433285104622242,-0.023639774464617392,-4.994212963989389,-1.3607364107541395,covid_onset
2020-05-01 12:00:00,SHIFT,-1.451108267049961,-0.02702411914559343,-4.608612702885792,-1.3607364107541395,covid_onset
2020-05-01 13:00:00,SHIFT,-1.4587614386907417,-0.03163123612450927,-4.49059997056272,-1.3607364107541395,covid_onset
2020-05-01 14:00:00,SHIFT,-1.463751017151411,-0.03495691522292096,-4.184096356616304,-1.3607364107541395,covid_onset
2020-05-01 15:00:00,SHIFT,-1.4655357260681943,-0.03666624977153385,-3.8991547036134886,-1.3607364107541395,covid_onset
2020-05-01 16:00:00,SHIFT,-1.4663182513026638,-0.03849937711590627,-3.8229689344744613,-1.3607364107541395,covid_onset
2020-05-01 17:00:00,SHIFT,-1.4666795821525387,-0.04023747555472124,-3.3278850737100814,-1.3607364107541395,covid_onset
2020-05-01 18:00:00,SHIFT,-1.4673469415981493,-0.04056899745660372,-2.8279702246325176,-1.3607364107541395,covid_onset
2020-05-01 19:00:00,SHIFT,-1.4655696231400035,-0.04107394090814812,-2.07074709873982,-1.3607364107541395,covid_onset
2020-05-01 20:00:00,SHIFT,-1.4636236523084523,-0.042120622439987244,-1.5142598943265924,-1.3607364107541395,covid_onset
2020-05-01 21:00:00,SHIFT,-1.4602971353013372,-0.04337436607123225,-0.9638613784777169,-1.3607364107541395,covid_onset
2020-05-01 22:00:00,SHIFT,-1.4529527751361673,-0.04338695208851734,0.14657580772013096,-1.3607364107541395,covid_onset
2020-05-01 23:00:00,SHIFT,-1.446108799021542,-0.04416466922895043,0.4861921743346453,-1.3607364107541395,covid_onset
2020-05-02 00:00:00,SHIFT,-1.4378137938991642,-0.04493260419642183,0.9974527669925658,-1.3607364107541395,covid_onset
2020-05-02 01:00:00,SHIFT,-1.4285371871262738,-0.04700109257059446,1.142874850347045,-1.3607364107541395,covid_onset
2020-05-02 02:00:00,SHIFT,-1.4198054775608309,-0.04795084960566046,0.8966223734489952,-1.3607364107541395,covid_onset
2020-05-02 03:00:00,SHIFT,-1.4099533615664137,-0.048204174716539074,1.1215701430118121,-1.3607364107541395,covid_onset
2020-05-02 04:00:00,SHIFT,-1.404593014229162,-0.04832450445942979,0.8019374386260354,-1.3607364107541395,covid_onset
2020-05-02 05:00:00,SHIFT,-1.399471692733741,-0.04868148693329133,0.09065063417417141,-1.3607364107541395,covid_onset
2020-05-02 06:00:00,SHIFT,-1.395989347076903,-0.046872042476139096,-0.1831765558459763,-1.3607364107541395,covid_onset
2020-05-02 07:00:00,SHIFT,-1.3925764637435103,-0.0425838824143818,-0.6357679857114773,-1.3607364107541395,covid_onset
2020-05-02 08:00:00,SHIFT,-1.3911040420145508,-0.03970422432552432,-1.0440328042892806,-1.3607364107541395,covid_onset
2020-05-02 09:00:00,SHIFT,-1.390592719127556,-0.03736604899421123,-1.3482554571482674,-1.3607364107541395,covid_onset
2020-05-02 10:00:00,SHIFT,-1.3913450793583284,-0.034787287229833604,-1.6963430197391551,-1.3607364107541395,covid_onset
2020-05-02 11:00:00,SHIFT,-1.392323522768875,-0.03208789524208582,-1.9055125067729766,-1.3607364107541395,covid_onset
2020-05-02 12:00:00,SHIFT,-1.39270667566723,-0.030656016869163832,-1.8322479888948449,-1.3607364107541395,covid_onset
2020-05-02 13:00:00,SHIFT,-1.3931208853654486,-0.028170105572439,-1.8988425911687958,-1.3607364107541395,covid_onset
2020-05-02 14:00:00,SHIFT,-1.3928646984261834,-0.02626850725281471,-1.6356864850576247,-1.3607364107541395,covid_onset
2020-05-02 15:00:00,SHIFT,-1.391855824324007,-0.026011989895018673,-1.335478849285887,-1.3607364107541395,covid_onset
2020-05-02 16:00:00,SHIFT,-1.3934023172238736,-0.02615193080420999,-1.7822215941692436,-1.3607364107541395,covid_onset
2020-05-02 17:00:00,SHIFT,-1.394805419587834,-0.025974347246830606,-1.6239475540299246,-1.3607364107541395,covid_onset
2020-05-02 18:00:00,SHIFT,-1.3932892559627585,-0.025692733736375813,-1.2617236726227903,-1.3607364107541395,covid_onset
2020-05-02 19:00:00,SHIFT,-1.3892215609084917,-0.02533063156012454,-0.3765967123313404,-1.3607364107541395,covid_onset
2020-05-02 20:00:00,SHIFT,-1.3830668871426117,-0.023742105929901152,0.2356447058228508,-1.3607364107541395,covid_onset
2020-05-02 21:00:00,SHIFT,-1.3772338280375045,-0.02192770215514433,0.5743408894050399,-1.3607364107541395,covid_onset
2020-05-02 22:00:00,SHIFT,-1.3686915074902848,-0.021904767111287207,1.1709198591384473,-1.3607364107541395,covid_onset
2020-05-02 23:00:00,SHIFT,-1.3614513782648605,-0.021365368094222376,1.377881515248423,-1.3607364107541395,covid_onset
2020-05-03 00:00:00,NORMAL,-1.351688767374016,-0.01963432712715168,1.6320902213963768,-1.3607364107541395,covid_onset
2020-05-03 01:00:00,NORMAL,-1.3422320697198178,-0.017619235531829553,1.7234544003514218,-1.3607364107541395,covid_onset
2020-05-03 02:00:00,NORMAL,-1.3303834348812067,-0.015583928553483112,1.744425146907657,-1.3607364107541395,covid_onset
2020-05-03 03:00:00,NORMAL,-1.3200487288339968,-0.014643744486428962,1.5579909293123233,-1.3607364107541395,covid_onset
2020-05-03 04:00:00,NORMAL,-1.3077210785955882,-0.01320022661843181,1.6848053677816168,-1.3607364107541395,covid_onset
2020-05-03 05:00:00,NORMAL,-1.2986602533502125,-0.011597367462456709,0.6337130996516642,-1.3607364107541395,covid_onset
2020-05-03 06:00:00,NORMAL,-1.2947803186599671,-0.012457225577710722,-0.6623382254399602,-1.3607364107541395,covid_onset
2020-05-03 07:00:00,NORMAL,-1.2933991005709562,-0.014131368374989827,-1.1449491474246445,-1.3607364107541395,covid_onset
2020-05-03 08:00:00,NORMAL,-1.2924514994739653,-0.014874103017792989,-1.5448462999656116,-1.3607364107541395,covid_onset
2020-05-03 09:00:00,NORMAL,-1.2924647626369985,-0.015558366572818456,-1.8307385921118955,-1.3607364107541395,covid_onset
2020-05-03 10:00:00,NORMAL,-1.2929379365139488,-0.015845309482661576,-2.11203403678306,-1.3607364107541395,covid_onset
2020-05-03 11:00:00,NORMAL,-1.2935158514542244,-0.015419579237552314,-2.226988418073716,-1.3607364107541395,covid_onset
2020-05-03 12:00:00,NORMAL,-1.2961109368412846,-0.016857313512133605,-2.6982186393671634,-1.3607364107541395,covid_onset
2020-05-03 13:00:00,NORMAL,-1.2984146440521964,-0.017420972224277534,-2.5489105878744476,-1.3607364107541395,covid_onset
2020-05-03 14:00:00,NORMAL,-1.2990605453624686,-0.01804765619491492,-2.2871566746940255,-1.3607364107541395,covid_onset
2020-05-03 15:00:00,NORMAL,-1.2956234977187595,-0.017044847704470602,-1.5727111561607285,-1.3607364107541395,covid_onset
2020-05-03 16:00:00,NORMAL,-1.289788355608887,-0.01398393614511697,-1.428114701429248,-1.3607364107541395,covid_onset
2020-05-03 17:00:00,NORMAL,-1.2827148850846721,-0.011086916360934396,-1.183325450914765,-1.3607364107541395,covid_onset
2020-05-03 18:00:00,NORMAL,-1.2774793793676475,-0.010055329978552737,-1.3085303933192736,-1.3607364107541395,covid_onset
2020-05-03 19:00:00,NORMAL,-1.2712566012260254,-0.009726572465897506,-0.34102613667206055,-1.3607364107541395,covid_onset
2020-05-03 20:00:00,NORMAL,-1.2657059354964544,-0.010582852092239,0.06202077655122956,-1.3607364107541395,covid_onset
2020-05-03 21:00:00,NORMAL,-1.258243791319941,-0.011320931744362871,0.45049382176534714,-1.3607364107541395,covid_onset
2020-05-03 22:00:00,NORMAL,-1.2500740708099674,-0.011643407156699592,0.920350059660475,-1.3607364107541395,covid_onset
2020-05-03 23:00:00,NORMAL,-1.2399938986880765,-0.011530581497392264,1.3994640830278182,-1.3607364107541395,covid_onset
2020-05-04 00:00:00,NORMAL,-1.2331297470994733,-0.012762648041884957,1.2082065478776256,-1.3607364107541395,covid_onset
2020-05-04 01:00:00,NORMAL,-1.2247549450460364,-0.013466521189379138,1.4939700934203939,-1.3607364107541395,covid_onset
2020-05-04 02:00:00,NORMAL,-1.2182829356397153,-0.014783938496802332,1.419867874241318,-1.3607364107541395,covid_onset
2020-05-04 03:00:00,NORMAL,-1.2092123850654137,-0.01474713932893879,1.5142124463660331,-1.3607364107541395,covid_onset
2020-05-04 04:00:00,NORMAL,-1.199926844158868,-0.015627805240072373,1.412635514162116,-1.3607364107541395,covid_onset
2020-05-04 05:00:00,NORMAL,-1.1905806202165083,-0.014332964443331708,0.9972706917631663,-1.3607364107541395,covid_onset
2020-05-04 06:00:00,NORMAL,-1.1833685198620099,-0.00862006255861065,0.12849344656479164,-1.3607364107541395,covid_onset
2020-05-04 07:00:00,NORMAL,-1.1794850581371004,-9.09200323864617e-05,-1.181547803980097,-1.3607364107541395,covid_onset
2020-05-04 08:00:00,NORMAL,-1.1773137708426482,0.011974485278245996,-2.1937904990826422,-1.3607364107541395,covid_onset
2020-05-04 09:00:00,NORMAL,-1.1756552878310669,0.02564396017944713,-2.6841429616320007,-1.3607364107541395,covid_onset
2020-05-04 10:00:00,NORMAL,-1.1752648280689262,0.039339730783141263,-2.971046661486456,-1.3607364107541395,covid_onset
2020-05-04 11:00:00,NORMAL,-1.176736020112084,0.050972896598053215,-3.3247426246070484,-1.3607364107541395,covid_onset
2020-05-04 12:00:00,NORMAL,-1.1771139407433722,0.06626147228660867,-3.0223941006939703,-1.3607364107541395,covid_onset
2020-05-04 13:00:00,NORMAL,-1.1759859496638594,0.07871863701749011,-2.9149362484242345,-1.3607364107541395,covid_onset
2020-05-04 14:00:00,NORMAL,-1.175182264568488,0.08986630817813472,-2.9104865465967196,-1.3607364107541395,covid_onset
2020-05-04 15:00:00,NORMAL,-1.1763111757950213,0.09618136400617472,-3.105553396861492,-1.3607364107541395,covid_onset
2020-05-04 16:00:00,NORMAL,-1.1764243233635545,0.09903814340960528,-3.020491610332364,-1.3607364107541395,covid_onset
2020-05-04 17:00:00,NORMAL,-1.1788005012103433,0.0999073343665665,-2.8281226832493545,-1.3607364107541395,covid_onset
2020-05-04 18:00:00,NORMAL,-1.1774808852290906,0.10306720589754464,-2.0101310161512993,-1.3607364107541395,covid_onset
2020-05-04 19:00:00,NORMAL,-1.1720247718913173,0.10536520917639165,-1.0147139337056854,-1.3607364107541395,covid_onset
2020-05-04 20:00:00,NORMAL,-1.1661633879039865,0.1077948548826017,-0.3919591289370816,-1.3607364107541395,covid_onset
2020-05-04 21:00:00,NORMAL,-1.1596967749021647,0.11018781352959973,0.18989506125073252,-1.3607364107541395,covid_onset
2020-05-04 22:00:00,NORMAL,-1.1502251552325613,0.11297795936423262,0.8891841983355706,-1.3607364107541395,covid_onset
2020-05-04 23:00:00,NORMAL,-1.1400539122055147,0.11467640327763873,1.3380241535319306,-1.3607364107541395,covid_onset
2020-05-05 00:00:00,NORMAL,-1.1297487012278016,0.11646583866947181,1.9898566333793308,-1.3607364107541395,covid_onset
2020-05-05 01:00:00,NORMAL,-1.1172076942449878,0.11744590251146443,2.110997398451059,-1.3607364107541395,covid_onset
2020-05-05 02:00:00,NORMAL,-1.1068027652632397,0.11832213252413547,1.8867374439011302,-1.3607364107541395,covid_onset
2020-05-05 03:00:00,NORMAL,-1.0960669400367042,0.11830833869824013,1.8677676028933876,-1.3607364107541395,covid_onset
2020-05-05 04:00:00,NORMAL,-1.0857337474809288,0.11850530459667584,1.7752286227161498,-1.3607364107541395,covid_onset
2020-05-05 05:00:00,NORMAL,-1.0743821242095422,0.11693394259463141,1.3572400716927258,-1.3607364107541395,covid_onset
2020-05-05 06:00:00,NORMAL,-1.0667285885485034,0.11206805247951696,0.10945063785916764,-1.3607364107541395,covid_onset
2020-05-05 07:00:00,NORMAL,-1.0626491105527294,0.10461203776040327,-1.3130022478474095,-1.3607364107541395,covid_onset
2020-05-05 08:00:00,NORMAL,-1.0614540014880225,0.09416198059023817,-2.3624194491616874,-1.3607364107541395,covid_onset
2020-05-05 09:00:00,NORMAL,-1.0604982177578886,0.0823309124323935,-2.885301485610269,-1.3607364107541395,covid_onset
2020-05-05 10:00:00,NORMAL,-1.059585890370482,0.07003404276444418,-3.194341693378844,-1.3607364107541395,covid_onset
2020-05-05 11:00:00,NORMAL,-1.0604328403569256,0.059846190868903,-3.346808120574533,-1.3607364107541395,covid_onset
2020-05-05 12:00:00,NORMAL,-1.0607953442275853,0.047511753551877235,-3.1575775613694788,-1.3607364107541395,covid_onset
2020-05-05 13:00:00,NORMAL,-1.0608382846996824,0.03664695320720927,-3.0963217507654615,-1.3607364107541395,covid_onset
2020-05-05 14:00:00,NORMAL,-1.0620980003226688,0.026807733350015513,-3.1454820646668673,-1.3607364107541395,covid_onset
2020-05-05 15:00:00,NORMAL,-1.0641070321593789,0.021550948502100074,-3.009331961173796,-1.3607364107541395,covid_onset
2020-05-05 16:00:00,NORMAL,-1.0647415280007644,0.017945341530000228,-2.940201670196427,-1.3607364107541395,covid_onset
2020-05-05 17:00:00,NORMAL,-1.065136795212925,0.016743667076852573,-2.5102796075761855,-1.3607364107541395,covid_onset
2020-05-05 18:00:00,NORMAL,-1.0655291376125582,0.013891771786168483,-1.9087438338975267,-1.3607364107541395,covid_onset
2020-05-05 19:00:00,NORMAL,-1.0697258914119923,0.010071095135504167,-1.7566513008985003,-1.3607364107541395,covid_onset
2020-05-05 20:00:00,NORMAL,-1.0717374517076652,0.006642214261353291,-1.089311279132927,-1.3607364107541395,covid_onset
2020-05-05 21:00:00,NORMAL,-1.0719768740122093,0.003383347960688355,-0.3739741018304028,-1.3607364107541395,covid_onset
2020-05-05 22:00:00,NORMAL,-1.0702468154614617,-0.0002106766692807384,0.23916357612001504,-1.3607364107541395,covid_onset
2020-05-05 23:00:00,NORMAL,-1.069429383807756,-0.003752669191003475,0.40672527500297484,-1.3607364107541395,covid_onset
2020-05-06 00:00:00,NORMAL,-1.0670043503914395,-0.00702363909264993,1.191613653066616,-1.3607364107541395,covid_onset
2020-05-06 01:00:00,NORMAL,-1.0643580989364811,-0.00984262815844948,1.292748840863776,-1.3607364107541395,covid_onset
2020-05-06 02:00:00,NORMAL,-1.0599683678383243,-0.01184642997641118,1.2994195425652044,-1.3607364107541395,covid_onset
2020-05-06 03:00:00,NORMAL,-1.0607029813721407,-0.015261474402930892,0.428028740259609,-1.3607364107541395,covid_onset
2020-05-06 04:00:00,NORMAL,-1.058105646633614,-0.017814086199261624,0.7445002718188825,-1.3607364107541395,covid_onset
2020-05-06 05:00:00,NORMAL,-1.0563361330578018,-0.020415822704676075,0.19111972154117052,-1.3607364107541395,covid_onset
2020-05-06 06:00:00,NORMAL,-1.056234166477844,-0.021917931113528136,-0.7015968321882284,-1.3607364107541395,covid_onset
2020-05-06 07:00:00,NORMAL,-1.0580018315663755,-0.02318777391539813,-1.9570007196864465,-1.3607364107541395,covid_onset
2020-05-06 08:00:00,NORMAL,-1.0599928656743216,-0.02431756298493315,-2.904169230424201,-1.3607364107541395,covid_onset
2020-05-06 09:00:00,NORMAL,-1.0601252089417945,-0.02429859477604371,-3.077562253533512,-1.3607364107541395,covid_onset
2020-05-06 10:00:00,NORMAL,-1.0614733567358337,-0.024567496371147694,-3.4960508742759133,-1.3607364107541395,covid_onset
2020-05-06 11:00:00,NORMAL,-1.061792099825879,-0.024676788572164283,-3.4040055024903517,-1.3607364107541395,covid_onset
2020-05-06 12:00:00,NORMAL,-1.0627686697823133,-0.024329832289377684,-3.17633252201801,-1.3607364107541395,covid_onset
2020-05-06 13:00:00,NORMAL,-1.0630967129422007,-0.023749276618110673,-3.094943480690296,-1.3607364107541395,covid_onset
2020-05-06 14:00:00,NORMAL,-1.061720004076279,-0.021486631943698417,-2.7175831198977884,-1.3607364107541395,covid_onset
2020-05-06 15:00:00,NORMAL,-1.062274409860193,-0.021477292279007854,-2.9095236613132096,-1.3607364107541395,covid_onset
2020-05-06 16:00:00,NORMAL,-1.0618203807008828,-0.021275096616176676,-2.793526219395823,-1.3607364107541395,covid_onset
2020-05-06 17:00:00,NORMAL,-1.0630078468765336,-0.021599847493747604,-2.316866337666837,-1.3607364107541395,covid_onset
2020-05-06 18:00:00,NORMAL,-1.0676661488670096,-0.02197181051091389,-1.9902125285477825,-1.3607364107541395,covid_onset
2020-05-06 19:00:00,NORMAL,-1.0679900640161621,-0.019748798338667016,-1.3756909974819995,-1.3607364107541395,covid_onset
2020-05-06 20:00:00,NORMAL,-1.0675553747999327,-0.017634527128100052,-0.6982928962440044,-1.3607364107541395,covid_onset
2020-05-06 21:00:00,NORMAL,-1.0657699742928908,-0.015716568912580185,0.024496736441764817,-1.3607364107541395,covid_onset
2020-05-06 22:00:00,NORMAL,-1.064182279048284,-0.013921745058947589,0.47117536277072714,-1.3607364107541395,covid_onset
2020-05-06 23:00:00,NORMAL,-1.061922198895683,-0.01118259037295643,0.8714589497381666,-1.3607364107541395,covid_onset
2020-05-07 00:00:00,NORMAL,-1.0580153715153793,-0.00879329428418645,1.5553015476536505,-1.3607364107541395,covid_onset
2020-05-07 01:00:00,NORMAL,-1.0537878090394461,-0.0068721975332431936,1.4584896339581548,-1.3607364107541395,covid_onset
2020-05-07 02:00:00,NORMAL,-1.0491310020752427,-0.005287323373649458,1.5470995432059533,-1.3607364107541395,covid_onset
2020-05-07 03:00:00,NORMAL,-1.0440588100565167,-6.907098005568511e-06,1.6820446531994977,-1.3607364107541395,covid_onset
2020-05-07 04:00:00,NORMAL,-1.0365682943906736,0.0035440184379585994,1.618827847261533,-1.3607364107541395,covid_onset
2020-05-07 05:00:00,NORMAL,-1.0286368027875143,0.007298023388775047,1.1850886108064913,-1.3607364107541395,covid_onset
2020-05-07 06:00:00,NORMAL,-1.025605723761514,0.009909277280215574,-0.1566880071509553,-1.3607364107541395,covid_onset
2020-05-07 07:00:00,NORMAL,-1.0235237063501816,0.013337488722649058,-1.242905057826415,-1.3607364107541395,covid_onset
2020-05-07 08:00:00,NORMAL,-1.0224900226034552,0.017358170127307566,-2.1418983818406545,-1.3607364107541395,covid_onset
2020-05-07 09:00:00,NORMAL,-1.0209971250479517,0.019180108255127237,-2.724186224905562,-1.3607364107541395,covid_onset
2020-05-07 10:00:00,NORMAL,-1.0213043100928958,0.021138751929231158,-3.2056398995600413,-1.3607364107541395,covid_onset
2020-05-07 11:00:00,NORMAL,-1.022575756644743,0.02164359465970866,-3.2992031550362793,-1.3607364107541395,covid_onset
2020-05-07 12:00:00,NORMAL,-1.023005082009828,0.022004116524077882,-3.0756038394246614,-1.3607364107541395,covid_onset
2020-05-07 13:00:00,NORMAL,-1.0241685281432662,0.021989138486808692,-3.098216065798567,-1.3607364107541395,covid_onset
2020-05-07 14:00:00,NORMAL,-1.0233275746485002,0.02017718783997288,-2.820466453865245,-1.3607364107541395,covid_onset
2020-05-07 15:00:00,NORMAL,-1.0228352119818187,0.020183032743602742,-2.8071328192481446,-1.3607364107541395,covid_onset
2020-05-07 16:00:00,NORMAL,-1.022834898683297,0.019426979823082103,-2.8943725259469506,-1.3607364107541395,covid_onset
2020-05-07 17:00:00,NORMAL,-1.0253746667601646,0.018225167628957314,-2.6100259473818075,-1.3607364107541395,covid_onset
2020-05-07 18:00:00,NORMAL,-1.027474716129579,0.018422026553345353,-1.9747015660822325,-1.3607364107541395,covid_onset
2020-05-07 19:00:00,NORMAL,-1.0269710571154098,0.01784010702165276,-1.280171248220335,-1.3607364107541395,covid_onset
2020-05-07 20:00:00,NORMAL,-1.026744262388472,0.0169778273273675,-0.742829244901528,-1.3607364107541395,covid_onset
2020-05-07 21:00:00,NORMAL,-1.0252828770624565,0.016009482820523304,-0.0568545301997087,-1.3607364107541395,covid_onset
2020-05-07 22:00:00,NORMAL,-1.0216395871552546,0.016069317984703464,0.7349344012534071,-1.3607364107541395,covid_onset
2020-05-07 23:00:00,NORMAL,-1.0185465904701079,0.015551740395425616,1.084707497434316,-1.3607364107541395,covid_onset
2020-05-08 00:00:00,NORMAL,-1.0152952468403256,0.014906859888894222,1.614839086049204,-1.3607364107541395,covid_onset
2020-05-08 01:00:00,NORMAL,-1.013367296109982,0.015168086523484418,1.7561619277625728,-1.3607364107541395,covid_onset
2020-05-08 02:00:00,NORMAL,-1.0088349306809812,0.015272475796866011,1.8522189930615873,-1.3607364107541395,covid_onset
2020-05-08 03:00:00,NORMAL,-1.005038087423138,0.012584275430211124,1.608540099669617,-1.3607364107541395,covid_onset
2020-05-08 04:00:00,NORMAL,-0.9989078124451968,0.01075808858591386,1.5340702082574607,-1.3607364107541395,covid_onset
2020-05-08 05:00:00,NORMAL,-0.9919104801182802,0.008443178276456395,0.8682971675950789,-1.3607364107541395,covid_onset
2020-05-08 06:00:00,NORMAL,-0.9812826487078478,0.007801088385077427,0.06779870732355829,-1.3607364107541395,covid_onset
2020-05-08 07:00:00,NORMAL,-0.9682739577214994,0.006377058615783702,-1.0756610562566826,-1.3607364107541395,covid_onset
2020-05-08 08:00:00,NORMAL,-0.9567166889853741,0.004586486725339804,-1.9399625706694332,-1.3607364107541395,covid_onset
2020-05-08 09:00:00,NORMAL,-0.9465610889713643,0.003947878995317646,-2.5563881242527065,-1.3607364107541395,covid_onset
2020-05-08 10:00:00,NORMAL,-0.9379781185081948,0.0026159320229002542,-3.3155412295702864,-1.3607364107541395,covid_onset
2020-05-08 11:00:00,NORMAL,-0.9276927398107697,0.002390828326625774,-3.2662693428219662,-1.3607364107541395,covid_onset
2020-05-08 12:00:00,NORMAL,-0.917721768653029,0.002512622523467435,-2.933489548385369,-1.3607364107541395,covid_onset
2020-05-08 13:00:00,NORMAL,-0.9068020103274529,0.003947370181309587,-2.65608057186594,-1.3607364107541395,covid_onset
2020-05-08 14:00:00,NORMAL,-0.8970779268977389,0.0051925422533305845,-2.5504503404243466,-1.3607364107541395,covid_onset
2020-05-08 15:00:00,NORMAL,-0.8909380422758146,0.004665157741880928,-2.867654087130196,-1.3607364107541395,covid_onset
2020-05-08 16:00:00,NORMAL,-0.8863793642712127,0.004473655615266948,-3.05711102970135,-1.3607364107541395,covid_onset
2020-05-08 17:00:00,NORMAL,-0.8806401391232583,0.005810745719387562,-2.3636952488537544,-1.3607364107541395,covid_onset
2020-05-08 18:00:00,NORMAL,-0.8738405136695135,0.006367450179171157,-1.685633148403385,-1.3607364107541395,covid_onset
2020-05-08 19:00:00,NORMAL,-0.8691688407184653,0.006166058266759451,-1.2859060429637006,-1.3607364107541395,covid_onset
2020-05-08 20:00:00,NORMAL,-0.861922384189652,0.0071229862124583465,-0.29685519748599415,-1.3607364107541395,covid_onset
2020-05-08 21:00:00,NORMAL,-0.8555200909823943,0.007620698821610394,0.11172388034159342,-1.3607364107541395,covid_onset
2020-05-08 22:00:00,NORMAL,-0.8531111703707469,0.006704192225293919,0.5512744704768847,-1.3607364107541395,covid_onset
2020-05-08 23:00:00,NORMAL,-0.8483434634411828,0.006678870457286647,1.2871669385014417,-1.3607364107541395,covid_onset
2020-05-09 00:00:00,NORMAL,-0.8389877494409991,0.007397003438359643,2.569212719023416,-1.3607364107541395,covid_onset
2020-05-09 01:00:00,NORMAL,-0.8291843392581735,0.007722049575948115,2.789847761061774,-1.3607364107541395,covid_onset
2020-05-09 02:00:00,NORMAL,-0.8179846993833534,0.007852229761243877,2.778161872418766,-1.3607364107541395,covid_onset
2020-05-09 03:00:00,NORMAL,-0.8076029628054564,0.009034221433472532,2.8657018880984855,-1.3607364107541395,covid_onset
2020-05-09 04:00:00,NORMAL,-0.799160957201985,0.009281790734586163,2.220194380009233,-1.3607364107541395,covid_onset
2020-05-09 05:00:00,NORMAL,-0.7894702746341145,0.009629622450110287,1.7186853055764058,-1.3607364107541395,covid_onset
2020-05-09 06:00:00,NORMAL,-0.783732275043596,0.007415682033570935,0.7808073753611402,-1.3607364107541395,covid_onset
2020-05-09 07:00:00,NORMAL,-0.780941399421572,0.00304626359319249,-0.16690088121146138,-1.3607364107541395,covid_onset
2020-05-09 08:00:00,NORMAL,-0.7780623058081663,-0.0027055873787528092,-0.5603450772371087,-1.3607364107541395,covid_onset
2020-05-09 09:00:00,NORMAL,-0.775040104586257,-0.008141884689293383,-0.8405256518675097,-1.3607364107541395,covid_onset
2020-05-09 10:00:00,NORMAL,-0.7727345210773681,-0.012491594322867715,-1.3090049902458196,-1.3607364107541395,covid_onset
2020-05-09 11:00:00,NORMAL,-0.7706793091894271,-0.018270918457524835,-1.5602369095988702,-1.3607364107541395,covid_onset
2020-05-09 12:00:00,NORMAL,-0.769571273477044,-0.02474936441850126,-1.646097989214528,-1.3607364107541395,covid_onset
2020-05-09 13:00:00,NORMAL,-0.7671917263624273,-0.03216603481559608,-1.4990786759131454,-1.3607364107541395,covid_onset
2020-05-09 14:00:00,NORMAL,-0.7663635428689082,-0.03932849414421236,-1.496551658146449,-1.3607364107541395,covid_onset
2020-05-09 15:00:00,NORMAL,-0.7633333920914858,-0.04267433287528564,-0.8264135186789082,-1.3607364107541395,covid_onset
2020-05-09 16:00:00,NORMAL,-0.7563540998831783,-0.04353548691693435,-0.6097005031735703,-1.3607364107541395,covid_onset
2020-05-09 17:00:00,NORMAL,-0.7527961598586232,-0.04679282608203663,-1.0262136299046904,-1.3607364107541395,covid_onset
2020-05-09 18:00:00,NORMAL,-0.7501446187918734,-0.04985801707164248,-0.8162647734088181,-1.3607364107541395,covid_onset
2020-05-09 19:00:00,NORMAL,-0.7491369826078094,-0.05132288642308086,-0.20731383340857606,-1.3607364107541395,covid_onset
2020-05-09 20:00:00,NORMAL,-0.7505366328374361,-0.054471484541013394,0.000503467245551158,-1.3607364107541395,covid_onset
2020-05-09 21:00:00,NORMAL,-0.7496611969066179,-0.0561877790937334,0.7214141257824975,-1.3607364107541395,covid_onset
2020-05-09 22:00:00,NORMAL,-0.7506740547197219,-0.05716235314552842,1.0007597465369567,-1.3607364107541395,covid_onset
2020-05-09 23:00:00,NORMAL,-0.7494034951530159,-0.05876557971890927,1.5913355224550734,-1.3607364107541395,covid_onset
2020-05-10 00:00:00,NORMAL,-0.7468031810275919,-0.06041604059764442,2.0689429944675877,-1.3607364107541395,covid_onset
2020-05-10 01:00:00,NORMAL,-0.7432597524649326,-0.06206470800017692,2.3187503988781804,-1.3607364107541395,covid_onset
2020-05-10 02:00:00,NORMAL,-0.7414029980214872,-0.06384256154712241,2.056359893406481,-1.3607364107541395,covid_onset
2020-05-10 03:00:00,NORMAL,-0.7402229612525857,-0.0664597781639101,1.7562371064877818,-1.3607364107541395,covid_onset
2020-05-10 04:00:00,NORMAL,-0.7425409172473737,-0.06790137876571421,1.2953887606572378,-1.3607364107541395,covid_onset
2020-05-10 05:00:00,NORMAL,-0.7419156448484836,-0.06922795133692204,0.7387588626652061,-1.3607364107541395,covid_onset
2020-05-10 06:00:00,NORMAL,-0.7377641775014053,-0.06876310401118513,0.03510828886917556,-1.3607364107541395,covid_onset
2020-05-10 07:00:00,NORMAL,-0.7377511493051421,-0.06740027038442144,-1.1427604104524076,-1.3607364107541395,covid_onset
2020-05-10 08:00:00,NORMAL,-0.7375342337536115,-0.06606724574087372,-1.50840448730847,-1.3607364107541395,covid_onset
2020-05-10 09:00:00,NORMAL,-0.7369329522974978,-0.06550099381214798,-1.7297233074848017,-1.3607364107541395,covid_onset
2020-05-10 10:00:00,NORMAL,-0.7366520235000161,-0.06446576026389754,-2.064837998806146,-1.3607364107541395,covid_onset
2020-05-10 11:00:00,NORMAL,-0.7360295764331329,-0.06133621704500742,-2.1224173108373403,-1.3607364107541395,covid_onset
2020-05-10 12:00:00,NORMAL,-0.7328495234939104,-0.05725731157300561,-2.1639697455777713,-1.3607364107541395,covid_onset
2020-05-10 13:00:00,NORMAL,-0.7299623000002291,-0.05309039793611725,-2.0638570409360035,-1.3607364107541395,covid_onset
2020-05-10 14:00:00,NORMAL,-0.7261057838912733,-0.047286873088799496,-1.6392619683894512,-1.3607364107541395,covid_onset
2020-05-10 15:00:00,NORMAL,-0.7236786576909863,-0.04476467786631907,-1.164953954512486,-1.3607364107541395,covid_onset
2020-05-10 16:00:00,NORMAL,-0.7220686755719774,-0.04483490497545859,-1.157637705435762,-1.3607364107541395,covid_onset
2020-05-10 17:00:00,NORMAL,-0.7210374131013102,-0.04215366775874557,-1.010073355842686,-1.3607364107541395,covid_onset
2020-05-10 18:00:00,NORMAL,-0.7185405291180509,-0.039830713340881334,-0.8890538841316898,-1.3607364107541395,covid_onset
2020-05-10 19:00:00,NORMAL,-0.7158179278565566,-0.03770809077460761,0.11637087525895759,-1.3607364107541395,covid_onset
2020-05-10 20:00:00,NORMAL,-0.7122628937660882,-0.034127286617361384,0.6592665037499313,-1.3607364107541395,covid_onset
2020-05-10 21:00:00,NORMAL,-0.7083698389986878,-0.03199361786922474,1.1045270226886157,-1.3607364107541395,covid_onset
2020-05-10 22:00:00,NORMAL,-0.7062606048281762,-0.030086101421170422,1.2747014003064292,-1.3607364107541395,covid_onset
2020-05-10 23:00:00,NORMAL,-0.7027798837183645,-0.02809850254838517,1.984225229476168,-1.3607364107541395,covid_onset
2020-05-11 00:00:00,NORMAL,-0.702546038707594,-0.028065687409335627,1.2474925096870724,-1.3607364107541395,covid_onset
2020-05-11 01:00:00,NORMAL,-0.702913300784066,-0.0281488710066375,1.4322700645731103,-1.3607364107541395,covid_onset
2020-05-11 02:00:00,NORMAL,-0.7019357794806096,-0.027222655412493916,1.5840914532219825,-1.3607364107541395,covid_onset
2020-05-11 03:00:00,NORMAL,-0.7022885382909779,-0.02536379469782052,1.4549489662241653,-1.3607364107541395,covid_onset
2020-05-11 04:00:00,NORMAL,-0.7018434946597619,-0.02280262688396328,1.4874028442063976,-1.3607364107541395,covid_onset
2020-05-11 05:00:00,NORMAL,-0.7021133617525516,-0.01934992557605322,0.9519330201745145,-1.3607364107541395,covid_onset
2020-05-11 06:00:00,NORMAL,-0.7013238038685851,-0.01435075694285346,0.26113917107114903,-1.3607364107541395,covid_onset
2020-05-11 07:00:00,NORMAL,-0.7000952222036118,-0.004036752579155573,-0.9751460842645836,-1.3607364107541395,covid_onset
2020-05-11 08:00:00,NORMAL,-0.6981071403702767,0.010757776143515073,-1.8597927510823409,-1.3607364107541395,covid_onset
2020-05-11 09:00:00,NORMAL,-0.6955165162445655,0.027334264094892324,-2.248918108512514,-1.3607364107541395,covid_onset
2020-05-11 10:00:00,NORMAL,-0.6941801783160404,0.043182434291239434,-2.7465418894942397,-1.3607364107541395,covid_onset
2020-05-11 11:00:00,NORMAL,-0.6910044339970176,0.057254654284295776,-2.79121757901124,-1.3607364107541395,covid_onset
2020-05-11 12:00:00,NORMAL,-0.6897304972830222,0.06918945843182632,-2.8083727327427286,-1.3607364107541395,covid_onset
2020-05-11 13:00:00,NORMAL,-0.6878858989324356,0.08043814127398917,-2.605043725525686,-1.3607364107541395,covid_onset
2020-05-11 14:00:00,NORMAL,-0.6861322207459539,0.08854521302767863,-2.6158686112678042,-1.3607364107541395,covid_onset
2020-05-11 15:00:00,NORMAL,-0.6821301498718368,0.09614954774977591,-2.433205490009821,-1.3607364107541395,covid_onset
2020-05-11 16:00:00,NORMAL,-0.6782057362025512,0.10281778585342759,-2.3611901138923796,-1.3607364107541395,covid_onset
2020-05-11 17:00:00,NORMAL,-0.673143139487711,0.10656979195181776,-1.9776064351561884,-1.3607364107541395,covid_onset
2020-05-11 18:00:00,NORMAL,-0.6713897315408589,0.10945736574934324,-1.7155584810801487,-1.3607364107541395,covid_onset
2020-05-11 19:00:00,NORMAL,-0.6723958321477431,0.10988813913490518,-1.183738835662221,-1.3607364107541395,covid_onset
2020-05-11 20:00:00,NORMAL,-0.6732361769384037,0.10919666249473807,-0.5331370537680753,-1.3607364107541395,covid_onset
2020-05-11 21:00:00,NORMAL,-0.6744263706711146,0.10886041379631013,-0.010057485844691379,-1.3607364107541395,covid_onset
2020-05-11 22:00:00,NORMAL,-0.6759191336279103,0.10930539623868195,0.638400021593892,-1.3607364107541395,covid_onset
2020-05-11 23:00:00,NORMAL,-0.6775230206952125,0.10855116732997254,1.0685711262251592,-1.3607364107541395,covid_onset
2020-05-12 00:00:00,NORMAL,-0.6804221530599598,0.10986505763969161,1.5028023961017891,-1.3607364107541395,covid_onset
2020-05-12 01:00:00,NORMAL,-0.6833396656276656,0.11105414523824181,1.6208552870764952,-1.3607364107541395,covid_onset
2020-05-12 02:00:00,NORMAL,-0.6861287917313448,0.11087541541851952,1.4181642584830196,-1.3607364107541395,covid_onset
2020-05-12 03:00:00,NORMAL,-0.6893445902798868,0.11034596111864164,1.3275134467383154,-1.3607364107541395,covid_onset
2020-05-12 04:00:00,NORMAL,-0.6935804406471806,0.10835148774624576,1.063605761010793,-1.3607364107541395,covid_onset
2020-05-12 05:00:00,NORMAL,-0.698841787161045,0.10559277908515198,0.47333385736352895,-1.3607364107541395,covid_onset
2020-05-12 06:00:00,NORMAL,-0.7003240992559762,0.10115696347652947,-0.13957779408928211,-1.3607364107541395,covid_onset
2020-05-12 07:00:00,NORMAL,-0.6994823793788929,0.0929615339738342,-1.1715933084974277,-1.3607364107541395,covid_onset
2020-05-12 08:00:00,NORMAL,-0.6971818610583959,0.0816497315439757,-1.9759323713181849,-1.3607364107541395,covid_onset
2020-05-12 09:00:00,NORMAL,-0.6945293713814542,0.06879521588388612,-2.439683219884076,-1.3607364107541395,covid_onset
2020-05-12 10:00:00,NORMAL,-0.6921334291113427,0.05647810516756604,-2.7918233920001034,-1.3607364107541395,covid_onset
2020-05-12 11:00:00,NORMAL,-0.6905132814047147,0.04410798284068967,-3.0746233058610324,-1.3607364107541395,covid_onset
2020-05-12 12:00:00,NORMAL,-0.6883137083521285,0.034206671713071665,-2.7880492885349843,-1.3607364107541395,covid_onset
2020-05-12 13:00:00,NORMAL,-0.6845422605864165,0.025225157973503106,-2.462718526125858,-1.3607364107541395,covid_onset
2020-05-12 14:00:00,NORMAL,-0.6807685768106556,0.01791698521124652,-2.5115031903390297,-1.3607364107541395,covid_onset
2020-05-12 15:00:00,NORMAL,-0.6776069346090828,0.011190453642296259,-2.4781760713095804,-1.3607364107541395,covid_onset
2020-05-12 16:00:00,NORMAL,-0.6737425808050483,0.006157730712822673,-2.290990231118635,-1.3607364107541395,covid_onset
2020-05-12 17:00:00,NORMAL,-0.6694648933120201,0.0028138043619059176,-1.7916281087474377,-1.3607364107541395,covid_onset
2020-05-12 18:00:00,NORMAL,-0.6645354647271761,0.0013562511431142721,-1.0805998316437337,-1.3607364107541395,covid_onset
2020-05-12 19:00:00,NORMAL,-0.6601381846935139,0.0006060020257910842,-1.0179082552432601,-1.3607364107541395,covid_onset
2020-05-12 20:00:00,NORMAL,-0.6569111713329481,-3.205599015162691e-05,-0.5471730345578472,-1.3607364107541395,covid_onset
2020-05-12 21:00:00,NORMAL,-0.653169784906292,7.717194695027053e-05,0.25457881784782654,-1.3607364107541395,covid_onset
2020-05-12 22:00:00,NORMAL,-0.6506020905125796,-0.0008617715097772606,0.6705362342636767,-1.3607364107541395,covid_onset
2020-05-12 23:00:00,NORMAL,-0.6461595044580678,-0.0007225047770552179,1.1530797321609534,-1.3607364107541395,covid_onset
2020-05-13 00:00:00,NORMAL,-0.6478775973550573,-0.0025080129869409222,0.9029740463723842,-1.3607364107541395,covid_onset
2020-05-13 01:00:00,NORMAL,-0.6450435811134353,-0.002591938670973012,1.7688635694562789,-1.3607364107541395,covid_onset
2020-05-13 02:00:00,NORMAL,-0.6426484427095571,-0.0017295980627779425,1.7018027944167475,-1.3607364107541395,covid_onset
2020-05-13 03:00:00,NORMAL,-0.6351892209957926,-0.0007947900690964386,1.6811779881720463,-1.3607364107541395,covid_onset
2020-05-13 04:00:00,NORMAL,-0.6314701677576744,0.0005638816763291048,1.369301215822732,-1.3607364107541395,covid_onset
2020-05-13 05:00:00,NORMAL,-0.6301823024163143,0.001274563594496999,0.4074810988896635,-1.3607364107541395,covid_onset
2020-05-13 06:00:00,NORMAL,-0.6286362660298009,0.0014494608166615152,-0.4418627192539899,-1.3607364107541395,covid_onset
2020-05-13 07:00:00,NORMAL,-0.6239590287995403,0.00192655633577485,-1.1712248650026584,-1.3607364107541395,covid_onset
2020-05-13 08:00:00,NORMAL,-0.6187531684644061,0.0021068702976812918,-2.0295846941216467,-1.3607364107541395,covid_onset
2020-05-13 09:00:00,NORMAL,-0.6143696703942368,0.003021885143690542,-2.341134577745072,-1.3607364107541395,covid_onset
2020-05-13 10:00:00,NORMAL,-0.6106752385607143,0.0029000825040115343,-2.8753863262441417,-1.3607364107541395,covid_onset
2020-05-13 11:00:00,NORMAL,-0.607641323678,0.0042949970596470035,-2.8943078021943376,-1.3607364107541395,covid_onset
2020-05-13 12:00:00,NORMAL,-0.6046376222347795,0.004576756314509273,-2.6717106795569534,-1.3607364107541395,covid_onset
2020-05-13 13:00:00,NORMAL,-0.6028870753815495,0.0030969455079893266,-2.800851609347668,-1.3607364107541395,covid_onset
2020-05-13 14:00:00,NORMAL,-0.6047196742218593,0.0010748878161329772,-3.0254597250698296,-1.3607364107541395,covid_onset
2020-05-13 15:00:00,NORMAL,-0.607504611577713,-0.0016089479698050003,-3.3773931370966364,-1.3607364107541395,covid_onset
2020-05-13 16:00:00,NORMAL,-0.6124401083496578,-0.005714575061808461,-3.622689677082553,-1.3607364107541395,covid_onset
2020-05-13 17:00:00,NORMAL,-0.6189004795747445,-0.010003706161415325,-3.4022087034813926,-1.3607364107541395,covid_onset
2020-05-13 18:00:00,NORMAL,-0.6247146453722838,-0.014958222209907772,-2.9669923825343933,-1.3607364107541395,covid_onset
2020-05-13 19:00:00,NORMAL,-0.6315041597460879,-0.018216147507959454,-2.5163294122810766,-1.3607364107541395,covid_onset
2020-05-13 20:00:00,NORMAL,-0.6386640933877158,-0.020807010209000887,-1.9011617480374952,-1.3607364107541395,covid_onset
2020-05-13 21:00:00,NORMAL,-0.6450855978994445,-0.023905013706621625,-1.054316021528675,-1.3607364107541395,covid_onset
2020-05-13 22:00:00,NORMAL,-0.6506238589421779,-0.026274532237291235,-0.4592524924084675,-1.3607364107541395,covid_onset
2020-05-13 23:00:00,NORMAL,-0.6546058128834822,-0.028293389031348565,0.20249068759904662,-1.3607364107541395,covid_onset
2020-05-14 00:00:00,NORMAL,-0.6598441357399751,-0.027534019024357603,0.675263307762826,-1.3607364107541395,covid_onset
2020-05-14 01:00:00,NORMAL,-0.6653752475729346,-0.03027078362695188,0.5292628460209395,-1.3607364107541395,covid_onset
2020-05-14 02:00:00,NORMAL,-0.6677889132057835,-0.031880028631477625,1.1416037168873667,-1.3607364107541395,covid_onset
2020-05-14 03:00:00,NORMAL,-0.6729897172462967,-0.03423939713705709,0.8083095743932672,-1.3607364107541395,covid_onset
2020-05-14 04:00:00,NORMAL,-0.6803369050967313,-0.03664419245160244,0.38450028838853245,-1.3607364107541395,covid_onset
2020-05-14 05:00:00,NORMAL,-0.6889591551482865,-0.0377138749662009,-0.26344939785477905,-1.3607364107541395,covid_onset
2020-05-14 06:00:00,NORMAL,-0.6914004616514222,-0.03737710587469914,-0.5668274996777617,-1.3607364107541395,covid_onset
2020-05-14 07:00:00,NORMAL,-0.6933160126558907,-0.03834284990208648,-1.564717626577122,-1.3607364107541395,covid_onset
2020-05-14 08:00:00,NORMAL,-0.6938721014069342,-0.03879069610340389,-2.235321292015969,-1.3607364107541395,covid_onset
2020-05-14 09:00:00,NORMAL,-0.6926378313105751,-0.039662160538570086,-2.5168288487172177,-1.3607364107541395,covid_onset
2020-05-14 10:00:00,NORMAL,-0.6917425688973314,-0.03997092855514782,-3.0552358141351106,-1.3607364107541395,covid_onset
2020-05-14 11:00:00,NORMAL,-0.6906860055202114,-0.041203744494467696,-3.1217005076801136,-1.3607364107541395,covid_onset
2020-05-14 12:00:00,NORMAL,-0.6914012032363519,-0.043071037643686305,-3.1957570557362684,-1.3607364107541395,covid_onset
2020-05-14 13:00:00,NORMAL,-0.6905529671354722,-0.04252047600937423,-2.9557124008507856,-1.3607364107541395,covid_onset
2020-05-14 14:00:00,NORMAL,-0.6928104071838671,-0.04143500749020353,-3.199716381995584,-1.3607364107541395,covid_onset
2020-05-14 15:00:00,NORMAL,-0.6948291181492813,-0.03783160920297559,-3.1462762614377193,-1.3607364107541395,covid_onset
2020-05-14 16:00:00,NORMAL,-0.69438294376845,-0.0313378320968097,-2.819415229967298,-1.3607364107541395,covid_onset
2020-05-14 17:00:00,NORMAL,-0.6942543693673174,-0.02535925252917087,-2.588425447991537,-1.3607364107541395,covid_onset
2020-05-14 18:00:00,NORMAL,-0.6954349459637379,-0.019982704342429502,-2.1730384342808686,-1.3607364107541395,covid_onset
2020-05-14 19:00:00,NORMAL,-0.6951972124185006,-0.014366698964838253,-1.240232012620461,-1.3607364107541395,covid_onset
2020-05-14 20:00:00,NORMAL,-0.695379091681353,-0.009421923300803403,-0.7733849610607507,-1.3607364107541395,covid_onset
2020-05-14 21:00:00,NORMAL,-0.6962458682437798,-0.005066754512337533,-0.20247299268739632,-1.3607364107541395,covid_onset
2020-05-14 22:00:00,NORMAL,-0.6970180517092002,-0.0004651606735885684,0.6052075790627759,-1.3607364107541395,covid_onset
2020-05-14 23:00:00,NORMAL,-0.6974877669836134,0.003027443329391826,1.0057953313328987,-1.3607364107541395,covid_onset
2020-05-15 00:00:00,NORMAL,-0.7030018088568311,0.0035443668487690027,0.6884800513486388,-1.3607364107541395,covid_onset
2020-05-15 01:00:00,NORMAL,-0.7070710859886328,0.007124725697006184,1.0725233696198901,-1.3607364107541395,covid_onset
2020-05-15 02:00:00,NORMAL,-0.7117984443268053,0.008025522610429216,1.0580227922485894,-1.3607364107541395,covid_onset
2020-05-15 03:00:00,NORMAL,-0.7161062763700505,0.009849226875328838,0.8848243164044275,-1.3607364107541395,covid_onset
2020-05-15 04:00:00,NORMAL,-0.7214489029503889,0.012167952738126727,0.6365089427606279,-1.3607364107541395,covid_onset
2020-05-15 05:00:00,NORMAL,-0.7283832971689472,0.013293242288598907,-0.2966810611227414,-1.3607364107541395,covid_onset
2020-05-15 06:00:00,NORMAL,-0.7340215861048238,0.012924641372153151,-0.8794338339037072,-1.3607364107541395,covid_onset
2020-05-15 07:00:00,NORMAL,-0.7388723803279209,0.013071493451008316,-1.890594485736983,-1.3607364107541395,covid_onset
2020-05-15 08:00:00,NORMAL,-0.7415032664813507,0.01323896049863429,-2.3819514444456322,-1.3607364107541395,covid_onset
2020-05-15 09:00:00,NORMAL,-0.7415379770768183,0.013649958645308066,-2.5622195042912863,-1.3607364107541395,covid_onset
2020-05-15 10:00:00,NORMAL,-0.7395074331415353,0.014484895327552892,-2.9744098484427215,-1.3607364107541395,covid_onset
2020-05-15 11:00:00,NORMAL,-0.7379018962077996,0.015551035365196779,-2.9965391379543758,-1.3607364107541395,covid_onset
2020-05-15 12:00:00,NORMAL,-0.7381897890300114,0.017723284840826695,-2.9818555425169566,-1.3607364107541395,covid_onset
2020-05-15 13:00:00,NORMAL,-0.741900641189241,0.01717928033578234,-3.2795037346165175,-1.3607364107541395,covid_onset
2020-05-15 14:00:00,NORMAL,-0.7471215092992591,0.016985757577400534,-3.4275561829073857,-1.3607364107541395,covid_onset
2020-05-15 15:00:00,NORMAL,-0.7518571340095713,0.014496967600058487,-3.663239038462654,-1.3607364107541395,covid_onset
2020-05-15 16:00:00,NORMAL,-0.7545372597354808,0.009810320166077033,-3.507372151654132,-1.3607364107541395,covid_onset
2020-05-15 17:00:00,NORMAL,-0.7601559701004199,0.005875481537999335,-3.3076385901635286,-1.3607364107541395,covid_onset
2020-05-15 18:00:00,NORMAL,-0.7688076795935701,0.0021920227107485005,-3.1391203432526003,-1.3607364107541395,covid_onset
2020-05-15 19:00:00,NORMAL,-0.7733605567190842,-0.0020952007844524862,-2.0507894000500992,-1.3607364107541395,covid_onset
2020-05-15 20:00:00,NORMAL,-0.7797613560096179,-0.00559208447797237,-1.3721894782956576,-1.3607364107541395,covid_onset
2020-05-15 21:00:00,NORMAL,-0.7854932895958063,-0.008678410205040881,-0.8512409621380314,-1.3607364107541395,covid_onset
2020-05-15 22:00:00,NORMAL,-0.7910590241911495,-0.012999326330199283,-0.38376894154078295,-1.3607364107541395,covid_onset
2020-05-15 23:00:00,NORMAL,-0.7965416809215061,-0.015894452979578286,0.36608060780154705,-1.3607364107541395,covid_onset
2020-05-16 00:00:00,NORMAL,-0.8101628072368091,-0.01698886125699003,0.2808634980525222,-1.3607364107541395,covid_onset
2020-05-16 01:00:00,NORMAL,-0.8211115134704207,-0.018785100022178095,0.9504651138150179,-1.3607364107541395,covid_onset
2020-05-16 02:00:00,NORMAL,-0.8312023845245369,-0.01896561626484886,1.082895535327231,-1.3607364107541395,covid_onset
2020-05-16 03:00:00,NORMAL,-0.8421263314119433,-0.01936706182159646,1.0304788110142076,-1.3607364107541395,covid_onset
2020-05-16 04:00:00,NORMAL,-0.8506039006600867,-0.020206916452977227,0.7959627463211362,-1.3607364107541395,covid_onset
2020-05-16 05:00:00,NORMAL,-0.8586694091929742,-0.020427873016894776,0.3636798720513062,-1.3607364107541395,covid_onset
2020-05-16 06:00:00,NORMAL,-0.8621700851147571,-0.020838497626582145,0.1926938205016184,-1.3607364107541395,covid_onset
2020-05-16 07:00:00,NORMAL,-0.8617613930561273,-0.021916256862361677,-0.09824061536165407,-1.3607364107541395,covid_onset
2020-05-16 08:00:00,NORMAL,-0.8609327871692223,-0.024956561041438022,-0.4211392882370701,-1.3607364107541395,covid_onset
2020-05-16 09:00:00,NORMAL,-0.8596579697295348,-0.02876341162920884,-0.6263563219999987,-1.3607364107541395,covid_onset
2020-05-16 10:00:00,NORMAL,-0.8572151592023086,-0.032983535601259495,-0.8986128216718181,-1.3607364107541395,covid_onset
2020-05-16 11:00:00,NORMAL,-0.8538662036167566,-0.037589806513429774,-0.9976123712261394,-1.3607364107541395,covid_onset
2020-05-16 12:00:00,NORMAL,-0.8491703715127021,-0.041587067074789236,-0.8571981957333836,-1.3607364107541395,covid_onset
2020-05-16 13:00:00,NORMAL,-0.8440690114868035,-0.042316372064776904,-0.6420501915621549,-1.3607364107541395,covid_onset
2020-05-16 14:00:00,NORMAL,-0.8365327485385057,-0.041479818785151605,-0.23045948283243245,-1.3607364107541395,covid_onset
2020-05-16 15:00:00,NORMAL,-0.8309271776027232,-0.0380360946527224,0.11532239853256551,-1.3607364107541395,covid_onset
2020-05-16 16:00:00,NORMAL,-0.8261235835474103,-0.033801980681514236,0.1973032981189594,-1.3607364107541395,covid_onset
2020-05-16 17:00:00,NORMAL,-0.8187155218539175,-0.02926173806141681,0.21834073460213269,-1.3607364107541395,covid_onset
2020-05-16 18:00:00,NORMAL,-0.8130207151798137,-0.024756947617081873,0.14046274784060336,-1.3607364107541395,covid_onset
2020-05-16 19:00:00,NORMAL,-0.8091595812378969,-0.02181760847853074,0.4413566688334356,-1.3607364107541395,covid_onset
2020-05-16 20:00:00,NORMAL,-0.8038557792931611,-0.01913044472670235,0.8915421939611639,-1.3607364107541395,covid_onset
2020-05-16 21:00:00,NORMAL,-0.80052643259091,-0.01616348340792098,1.2807443717606772,-1.3607364107541395,covid_onset
2020-05-16 22:00:00,NORMAL,-0.7959440450082363,-0.011947590677734437,1.7706008604261403,-1.3607364107541395,covid_onset
2020-05-16 23:00:00,NORMAL,-0.7933230305590699,-0.00920101260829182,2.0316659499150695,-1.3607364107541395,covid_onset
2020-05-17 00:00:00,NORMAL,-0.7915011699648308,-0.004419613204686704,2.3750155742997503,-1.3607364107541395,covid_onset
2020-05-17 01:00:00,NORMAL,-0.7891270372725607,-0.0008290011033400315,2.717604691179544,-1.3607364107541395,covid_onset
2020-05-17 02:00:00,NORMAL,-0.7854685723244353,0.002005280155345752,2.670982004691555,-1.3607364107541395,covid_onset
2020-05-17 03:00:00,NORMAL,-0.7792466503778007,0.004937696370207415,2.8015199935223905,-1.3607364107541395,covid_onset
2020-05-17 04:00:00,NORMAL,-0.7720017540681907,0.007924807251057315,2.5125313406717256,-1.3607364107541395,covid_onset
2020-05-17 05:00:00,NORMAL,-0.7653050185413145,0.010657978054850796,1.8638104311803678,-1.3607364107541395,covid_onset
2020-05-17 06:00:00,NORMAL,-0.7613974609043793,0.012584714589785146,0.6915779718743095,-1.3607364107541395,covid_onset
2020-05-17 07:00:00,NORMAL,-0.7556577390934136,0.014268021211366798,-0.17848714621014988,-1.3607364107541395,covid_onset
2020-05-17 08:00:00,NORMAL,-0.7519384081678744,0.015907320217488096,-0.883556891817887,-1.3607364107541395,covid_onset
2020-05-17 09:00:00,NORMAL,-0.7490147963933722,0.016956652466480333,-1.2385565293684433,-1.3607364107541395,covid_onset
2020-05-17 10:00:00,NORMAL,-0.746065313385827,0.017804081379913347,-1.5693248535385635,-1.3607364107541395,covid_onset
2020-05-17 11:00:00,NORMAL,-0.7442599870303015,0.018519433450579825,-1.8191224831090538,-1.3607364107541395,covid_onset
2020-05-17 12:00:00,NORMAL,-0.744633187702523,0.01700210584837462,-2.226667458510978,-1.3607364107541395,covid_onset
2020-05-17 13:00:00,NORMAL,-0.7509440054763468,0.011240466956651896,-3.124074426938384,-1.3607364107541395,covid_onset
2020-05-17 14:00:00,NORMAL,-0.7596651891323772,0.0028323020287385954,-3.104420822602579,-1.3607364107541395,covid_onset
2020-05-17 15:00:00,NORMAL,-0.7699246152280951,-0.00736383783467461,-2.8885375385930767,-1.3607364107541395,covid_onset
2020-05-17 16:00:00,NORMAL,-0.7806336165817792,-0.017335939191114917,-2.956749932854702,-1.3607364107541395,covid_onset
2020-05-17 17:00:00,NORMAL,-0.7933064284880001,-0.02786328502494383,-3.1391057560877846,-1.3607364107541395,covid_onset
2020-05-17 18:00:00,NORMAL,-0.8057971371712463,-0.03669165113513627,-2.9874929429170827,-1.3607364107541395,covid_onset
2020-05-17 19:00:00,NORMAL,-0.8215083127918635,-0.04377027647119264,-2.5231066290047237,-1.3607364107541395,covid_onset
2020-05-17 20:00:00,NORMAL,-0.8379971872683603,-0.05098249587983685,-2.110864408301536,-1.3607364107541395,covid_onset
2020-05-17 21:00:00,NORMAL,-0.8538632382102664,-0.05809210416162109,-1.5609695355516076,-1.3607364107541395,covid_onset
2020-05-17 22:00:00,NORMAL,-0.8676544436574721,-0.06582173321038418,-1.0422211148241078,-1.3607364107541395,covid_onset
2020-05-17 23:00:00,NORMAL,-0.8816264333717838,-0.07197117849936734,-0.36306904252820016,-1.3607364107541395,covid_onset
2020-05-18 00:00:00,NORMAL,-0.8943771898193456,-0.08132816707806965,-0.8946345735033026,-1.3607364107541395,covid_onset
2020-05-18 01:00:00,NORMAL,-0.9082064856371336,-0.09017205989726602,-0.8910516328152956,-1.3607364107541395,covid_onset
2020-05-18 02:00:00,NORMAL,-0.9219268003482765,-0.09799743577842668,-0.7209214182499937,-1.3607364107541395,covid_onset
2020-05-18 03:00:00,NORMAL,-0.934376808584849,-0.1058246261154327,-0.6366524175200432,-1.3607364107541395,covid_onset
2020-05-18 04:00:00,NORMAL,-0.9480490705870404,-0.11324256208083518,-0.8095371721617454,-1.3607364107541395,covid_onset
2020-05-18 05:00:00,NORMAL,-0.9617370829900964,-0.11956273403851429,-1.3476530635388964,-1.3607364107541395,covid_onset
2020-05-18 06:00:00,NORMAL,-0.9743402470536326,-0.12227288899955652,-1.8561923916029148,-1.3607364107541395,covid_onset
2020-05-18 07:00:00,NORMAL,-0.9811756172121482,-0.1204785496354669,-2.1234882708952285,-1.3607364107541395,covid_onset
2020-05-18 08:00:00,NORMAL,-0.9854739838126544,-0.11343512457156613,-2.581918339967377,-1.3607364107541395,covid_onset
2020-05-18 09:00:00,NORMAL,-0.9890009204159933,-0.10378588913068008,-2.8414434578734293,-1.3607364107541395,covid_onset
2020-05-18 10:00:00,NORMAL,-0.9924043864261084,-0.09390453765547008,-3.318324179193602,-1.3607364107541395,covid_onset
2020-05-18 11:00:00,NORMAL,-0.9952178683360289,-0.08241672927708614,-3.263882539877878,-1.3607364107541395,covid_onset
2020-05-18 12:00:00,NORMAL,-0.9969369111704504,-0.06833314651362668,-3.097171928925539,-1.3607364107541395,covid_onset
2020-05-18 13:00:00,NORMAL,-0.9984954770125418,-0.0476692839572041,-2.866882786997069,-1.3607364107541395,covid_onset
2020-05-18 14:00:00,NORMAL,-0.9998603048414371,-0.02635826247301588,-2.8451596865221864,-1.3607364107541395,covid_onset
2020-05-18 15:00:00,NORMAL,-1.0025525815394911,-0.006133422646296467,-2.885507975282899,-1.3607364107541395,covid_onset
2020-05-18 16:00:00,NORMAL,-1.00890553276483,0.009125205646009714,-3.4284859197492965,-1.3607364107541395,covid_onset
2020-05-18 17:00:00,NORMAL,-1.0164294663762352,0.023515882008537853,-3.241627281872266,-1.3607364107541395,covid_onset
2020-05-18 18:00:00,NORMAL,-1.023418017246787,0.03505797715821411,-2.889635027332843,-1.3607364107541395,covid_onset
2020-05-18 19:00:00,NORMAL,-1.0339384158237894,0.0438759950595449,-2.9511657965986453,-1.3607364107541395,covid_onset
2020-05-18 20:00:00,NORMAL,-1.0448324338920998,0.05224533954252066,-2.363332089244209,-1.3607364107541395,covid_onset
2020-05-18 21:00:00,NORMAL,-1.0563558097431733,0.05960367960111298,-1.9459846288250744,-1.3607364107541395,covid_onset
2020-05-18 22:00:00,NORMAL,-1.0675872635047279,0.06708678884021288,-1.2484842103472538,-1.3607364107541395,covid_onset
2020-05-18 23:00:00,NORMAL,-1.07651844685943,0.07361477195660973,-0.4318676773647928,-1.3607364107541395,covid_onset
2020-05-19 00:00:00,NORMAL,-1.0826853382258312,0.08247270662041055,0.4667646465463548,-1.3607364107541395,covid_onset
2020-05-19 01:00:00,NORMAL,-1.0894507230986414,0.09148546466428088,0.484270628444405,-1.3607364107541395,covid_onset
2020-05-19 02:00:00,NORMAL,-1.0956085934885995,0.09917743015478041,0.38364203297007765,-1.3607364107541395,covid_onset
2020-05-19 03:00:00,NORMAL,-1.101053610351227,0.10656958058729842,0.41275061381690015,-1.3607364107541395,covid_onset
2020-05-19 04:00:00,NORMAL,-1.1050456575428727,0.1138244251294278,0.39294183281430056,-1.3607364107541395,covid_onset
2020-05-19 05:00:00,NORMAL,-1.1094836350671649,0.11974627571307307,-0.27224636671755664,-1.3607364107541395,covid_onset
2020-05-19 06:00:00,NORMAL,-1.113797518134417,0.12361802375203336,-0.8643101493876758,-1.3607364107541395,covid_onset
2020-05-19 07:00:00,NORMAL,-1.1163567972169843,0.12339188262004769,-1.6015521943686972,-1.3607364107541395,covid_onset
2020-05-19 08:00:00,NORMAL,-1.1185820128658843,0.1188974301525949,-2.349768600333425,-1.3607364107541395,covid_onset
2020-05-19 09:00:00,NORMAL,-1.1192955706806091,0.11308016380773082,-2.5595609327578477,-1.3607364107541395,covid_onset
2020-05-19 10:00:00,NORMAL,-1.1201529065296374,0.10757270293974049,-2.935855814636802,-1.3607364107541395,covid_onset
2020-05-19 11:00:00,NORMAL,-1.1206058404892991,0.09994279727746787,-3.1507162110842226,-1.3607364107541395,covid_onset
2020-05-19 12:00:00,NORMAL,-1.1233517499896413,0.09027065614715356,-3.2493620845924664,-1.3607364107541395,covid_onset
2020-05-19 13:00:00,NORMAL,-1.1310869592992896,0.07429593564498574,-3.762233690146753,-1.3607364107541395,covid_onset
2020-05-19 14:00:00,NORMAL,-1.139154130838036,0.05791709178319011,-3.866788008848444,-1.3607364107541395,covid_onset
2020-05-19 15:00:00,NORMAL,-1.1499105762067559,0.04161848412355366,-4.285258893254511,-1.3607364107541395,covid_onset
2020-05-19 16:00:00,NORMAL,-1.1618017475990052,0.03145234400329844,-4.2887070250165085,-1.3607364107541395,covid_onset
2020-05-19 17:00:00,NORMAL,-1.1759885187166337,0.02241855116413566,-4.175005656509078,-1.3607364107541395,covid_onset
2020-05-19 18:00:00,NORMAL,-1.1912768591862837,0.015567582692998889,-3.6490410305448986,-1.3607364107541395,covid_onset
2020-05-19 19:00:00,NORMAL,-1.2088656549914025,0.010293166201631225,-3.972825950503237,-1.3607364107541395,covid_onset
2020-05-19 20:00:00,NORMAL,-1.2254850193445879,0.005558380901739786,-3.3392262458929927,-1.3607364107541395,covid_onset
2020-05-19 21:00:00,NORMAL,-1.2430909602869042,0.0019854279300654584,-2.703219260461289,-1.3607364107541395,covid_onset
2020-05-19 22:00:00,NORMAL,-1.2604810604422823,-0.0022169921531303076,-2.251000591839854,-1.3607364107541395,covid_onset
2020-05-19 23:00:00,NORMAL,-1.2796611026185172,-0.007534247326169333,-2.06916735344649,-1.3607364107541395,covid_onset
2020-05-20 00:00:00,NORMAL,-1.2916421452405416,-0.01420898274112436,-1.1098411141277378,-1.3607364107541395,covid_onset
2020-05-20 01:00:00,NORMAL,-1.3089479965059594,-0.020714667235517664,-1.1385194431339347,-1.3607364107541395,covid_onset
2020-05-20 02:00:00,NORMAL,-1.3264309814457522,-0.02634256869653821,-1.2353386754684068,-1.3607364107541395,covid_onset
2020-05-20 03:00:00,NORMAL,-1.3433718561304953,-0.03179840627358211,-1.1648889588648141,-1.3607364107541395,covid_onset
2020-05-20 04:00:00,NORMAL,-1.3587037996867832,-0.03737803782518881,-1.20646530163364,-1.3607364107541395,covid_onset
2020-05-20 05:00:00,SHIFT,-1.3711797831784098,-0.042008711150915944,-1.6884841277035734,-1.3607364107541395,covid_onset
2020-05-20 06:00:00,SHIFT,-1.3808188982293583,-0.046450020245235,-2.0612340478133504,-1.3607364107541395,covid_onset
2020-05-20 07:00:00,SHIFT,-1.3897253947744592,-0.0504874207985354,-2.667516284579573,-1.3607364107541395,covid_onset
2020-05-20 08:00:00,SHIFT,-1.3971216558083575,-0.05397310781968764,-3.2721565478165937,-1.3607364107541395,covid_onset
2020-05-20 09:00:00,SHIFT,-1.402215063913094,-0.05695544704446639,-3.1968271393407903,-1.3607364107541395,covid_onset
2020-05-20 10:00:00,SHIFT,-1.4066529541541204,-0.06041305685624202,-3.6209518867366017,-1.3607364107541395,covid_onset
2020-05-20 11:00:00,SHIFT,-1.4107674877196008,-0.062094436890718585,-3.5855494411950337,-1.3607364107541395,covid_onset
2020-05-20 12:00:00,SHIFT,-1.4166174646534841,-0.06286696807939789,-3.6545068044493787,-1.3607364107541395,covid_onset
2020-05-20 13:00:00,SHIFT,-1.4196545082591874,-0.05850161913425359,-3.311074935105816,-1.3607364107541395,covid_onset
2020-05-20 14:00:00,SHIFT,-1.4198439814099693,-0.052117965822518375,-3.057291214401162,-1.3607364107541395,covid_onset
2020-05-20 15:00:00,SHIFT,-1.4173138511583456,-0.04273440407240526,-2.952331254823864,-1.3607364107541395,covid_onset
2020-05-20 16:00:00,SHIFT,-1.4122560309534207,-0.03483434952530759,-2.77297588265516,-1.3607364107541395,covid_onset
2020-05-20 17:00:00,SHIFT,-1.408045802102617,-0.02831976005489245,-2.694890256546376,-1.3607364107541395,covid_onset
2020-05-20 18:00:00,SHIFT,-1.4050789185324217,-0.024085535768580888,-2.4685559427415997,-1.3607364107541395,covid_onset
2020-05-20 19:00:00,SHIFT,-1.4007464537282015,-0.01692672464245843,-1.7884753251721008,-1.3607364107541395,covid_onset
2020-05-20 20:00:00,SHIFT,-1.3977484521599426,-0.01055289175282633,-1.397497484569955,-1.3607364107541395,covid_onset
2020-05-20 21:00:00,SHIFT,-1.3960931755253945,-0.0044935386672989635,-0.7762295469245957,-1.3607364107541395,covid_onset
2020-05-20 22:00:00,SHIFT,-1.3950151604242,0.0024569933578874963,-0.2781459554078253,-1.3607364107541395,covid_onset
2020-05-20 23:00:00,SHIFT,-1.3967999961880369,0.01043227911858037,-0.0973617207255193,-1.3607364107541395,covid_onset
2020-05-21 00:00:00,SHIFT,-1.3985613063591684,0.01745245184849956,0.37936319901271304,-1.3607364107541395,covid_onset
2020-05-21 01:00:00,SHIFT,-1.3998831075328417,0.02416107632892933,0.3072002488438372,-1.3607364107541395,covid_onset
2020-05-21 02:00:00,SHIFT,-1.404248159732753,0.03103442797970889,0.4082749473022831,-1.3607364107541395,covid_onset
2020-05-21 03:00:00,SHIFT,-1.4060132559858607,0.03793459739335302,0.5117734038711532,-1.3607364107541395,covid_onset
2020-05-21 04:00:00,SHIFT,-1.4067996081912424,0.0441016420809057,0.2523931178844097,-1.3607364107541395,covid_onset
2020-05-21 05:00:00,SHIFT,-1.4085589962628824,0.048869742846460784,-0.5590265938903036,-1.3607364107541395,covid_onset
2020-05-21 06:00:00,SHIFT,-1.4118758964693499,0.05321730123399912,-1.1240667343642878,-1.3607364107541395,covid_onset
2020-05-21 07:00:00,SHIFT,-1.4091223422402028,0.06010789281965881,-1.102120516080409,-1.3607364107541395,covid_onset
2020-05-21 08:00:00,SHIFT,-1.4058901198747402,0.0679758389974943,-1.6923079346182561,-1.3607364107541395,covid_onset
2020-05-21 09:00:00,SHIFT,-1.4034069952300934,0.0737486022337458,-2.0996639084165367,-1.3607364107541395,covid_onset
2020-05-21 10:00:00,SHIFT,-1.3996010579944582,0.08001955926471946,-2.4158383585484455,-1.3607364107541395,covid_onset
2020-05-21 11:00:00,SHIFT,-1.3954482686898257,0.08502650781249417,-2.4240319045018506,-1.3607364107541395,covid_onset
2020-05-21 12:00:00,SHIFT,-1.3901436129507034,0.09047595425070944,-2.304574891563699,-1.3607364107541395,covid_onset
2020-05-21 13:00:00,SHIFT,-1.3850519245701272,0.09290941859751285,-2.1003087529139624,-1.3607364107541395,covid_onset
2020-05-21 14:00:00,SHIFT,-1.3771072454180953,0.09401929377082462,-1.8650102844542467,-1.3607364107541395,covid_onset
2020-05-21 15:00:00,SHIFT,-1.3690017411139508,0.09297614156742932,-1.7845515383414396,-1.3607364107541395,covid_onset
2020-05-21 16:00:00,SHIFT,-1.3648583354082024,0.08978232036601869,-2.1233230714016122,-1.3607364107541395,covid_onset
2020-05-21 17:00:00,SHIFT,-1.3612690585702896,0.08747918966634116,-1.9854269392221533,-1.3607364107541395,covid_onset
2020-05-21 18:00:00,NORMAL,-1.3591147442357092,0.08623382250826926,-1.8111136260713592,-1.3607364107541395,covid_onset
2020-05-21 19:00:00,NORMAL,-1.3567300809630252,0.08319862378189581,-0.8396085828095519,-1.3607364107541395,covid_onset
2020-05-21 20:00:00,NORMAL,-1.3525556399286938,0.0815534001693404,-0.07207886729307086,-1.3607364107541395,covid_onset
2020-05-21 21:00:00,NORMAL,-1.3484622108833286,0.07975890062796134,0.4852230869339436,-1.3607364107541395,covid_onset
2020-05-21 22:00:00,NORMAL,-1.345651196417064,0.07796358715594177,1.0774580093952273,-1.3607364107541395,covid_onset
2020-05-21 23:00:00,NORMAL,-1.344062985651819,0.07627354534501153,1.272614739894081,-1.3607364107541395,covid_onset
2020-05-22 00:00:00,NORMAL,-1.3394181334884525,0.07511214270047313,1.4688152147942082,-1.3607364107541395,covid_onset
2020-05-22 01:00:00,NORMAL,-1.3359169736756458,0.07467425717268646,1.6607182181714266,-1.3607364107541395,covid_onset
2020-05-22 02:00:00,NORMAL,-1.3318195534739565,0.07377111946502675,1.7463893861323603,-1.3607364107541395,covid_onset
2020-05-22 03:00:00,NORMAL,-1.3290273584931416,0.0717820655548289,1.3539130731813809,-1.3607364107541395,covid_onset
2020-05-22 04:00:00,NORMAL,-1.325431946121185,0.07065245453802596,1.240538221249322,-1.3607364107541395,covid_onset
2020-05-22 05:00:00,NORMAL,-1.3198702611205841,0.07066694531641557,0.6376820189781824,-1.3607364107541395,covid_onset
2020-05-22 06:00:00,NORMAL,-1.3148973185297086,0.07086498886640415,-0.0439794786366086,-1.3607364107541395,covid_onset
2020-05-22 07:00:00,NORMAL,-1.3082430842296375,0.06746054651165774,-0.7726831233250454,-1.3607364107541395,covid_onset
2020-05-22 08:00:00,NORMAL,-1.3040182765596744,0.0624256904987259,-1.6721837558918438,-1.3607364107541395,covid_onset
2020-05-22 09:00:00,NORMAL,-1.3003690759683808,0.05917499273295424,-1.9491538049539432,-1.3607364107541395,covid_onset
2020-05-22 10:00:00,NORMAL,-1.2968829926075565,0.05518254486455337,-2.3887478438242455,-1.3607364107541395,covid_onset
2020-05-22 11:00:00,NORMAL,-1.292925497943168,0.05177597194285428,-2.331680034337088,-1.3607364107541395,covid_onset
2020-05-22 12:00:00,NORMAL,-1.2876757413237594,0.04813677118443032,-2.0998964304563574,-1.3607364107541395,covid_onset
2020-05-22 13:00:00,NORMAL,-1.281932047033155,0.04353066565604865,-2.3145630937949733,-1.3607364107541395,covid_onset
2020-05-22 14:00:00,NORMAL,-1.2798972342687598,0.03566888010079395,-3.0857076384889885,-1.3607364107541395,covid_onset
2020-05-22 15:00:00,NORMAL,-1.2808011318041037,0.025803286461407643,-3.815093824400434,-1.3607364107541395,covid_onset
2020-05-22 16:00:00,NORMAL,-1.283066581020429,0.018727971033952965,-3.887967619996726,-1.3607364107541395,covid_onset
2020-05-22 17:00:00,NORMAL,-1.2847918001053091,0.013056371045415729,-3.5974753964234556,-1.3607364107541395,covid_onset
2020-05-22 18:00:00,NORMAL,-1.2875572073061619,0.008066042364918322,-3.6037087529958387,-1.3607364107541395,covid_onset
2020-05-22 19:00:00,NORMAL,-1.2969749260235277,0.0007217123608952367,-3.63296614456754,-1.3607364107541395,covid_onset
2020-05-22 20:00:00,NORMAL,-1.3069127652931192,-0.007564403280362335,-3.0417464755870394,-1.3607364107541395,covid_onset
2020-05-22 21:00:00,NORMAL,-1.31626852945914,-0.015821505773216546,-2.4230093420295518,-1.3607364107541395,covid_onset
2020-05-22 22:00:00,NORMAL,-1.3246724127704925,-0.024464898502061818,-1.7956213378479728,-1.3607364107541395,covid_onset
2020-05-22 23:00:00,NORMAL,-1.334882405622146,-0.03238554820222889,-1.3491981912762616,-1.3607364107541395,covid_onset
2020-05-23 00:00:00,NORMAL,-1.3418313743717607,-0.03937580165388781,-0.8865632518827467,-1.3607364107541395,covid_onset
2020-05-23 01:00:00,NORMAL,-1.3498217372506065,-0.046177613017643004,-0.39191584983108213,-1.3607364107541395,covid_onset
2020-05-23 02:00:00,NORMAL,-1.359276807323545,-0.05290799997148676,-0.5055562369264129,-1.3607364107541395,covid_onset
2020-05-23 03:00:00,SHIFT,-1.3679190502334528,-0.057905984953709196,-0.42141799785030604,-1.3607364107541395,covid_onset
2020-05-23 04:00:00,SHIFT,-1.3738362204689107,-0.06277988584227094,-0.19812185323576473,-1.3607364107541395,covid_onset
2020-05-23 05:00:00,SHIFT,-1.379203736339201,-0.06829732017014584,-0.538062794157459,-1.3607364107541395,covid_onset
2020-05-23 06:00:00,SHIFT,-1.3832812962049768,-0.07421142244917577,-0.49233623694875717,-1.3607364107541395,covid_onset
2020-05-23 07:00:00,SHIFT,-1.3850407221543837,-0.08016701383129686,-0.3938241748620199,-1.3607364107541395,covid_onset
2020-05-23 08:00:00,SHIFT,-1.3844928188522507,-0.08524964327269385,-0.32909153347872894,-1.3607364107541395,covid_onset
2020-05-23 09:00:00,SHIFT,-1.3842572667892388,-0.0912161480555382,-0.586783575413945,-1.3607364107541395,covid_onset
2020-05-23 10:00:00,SHIFT,-1.3834695358166915,-0.09635642437475687,-0.7662740182839074,-1.3607364107541395,covid_onset
2020-05-23 11:00:00,SHIFT,-1.3819103630610254,-0.10161580889457185,-0.7356713482742198,-1.3607364107541395,covid_onset
2020-05-23 12:00:00,SHIFT,-1.381848959225336,-0.10778655398334401,-0.8468823513375935,-1.3607364107541395,covid_onset
2020-05-23 13:00:00,SHIFT,-1.3817308756888718,-0.1116600892724439,-0.6222121574361542,-1.3607364107541395,covid_onset
2020-05-23 14:00:00,SHIFT,-1.3815288863813766,-0.10889019520217497,-0.19652527917323728,-1.3607364107541395,covid_onset
2020-05-23 15:00:00,SHIFT,-1.3813118109187748,-0.10043418302149155,0.15179107624970087,-1.3607364107541395,covid_onset
2020-05-23 16:00:00,SHIFT,-1.381534550821467,-0.09196637078109676,0.15988299446666862,-1.3607364107541395,covid_onset
2020-05-23 17:00:00,SHIFT,-1.3829826741271434,-0.08512646306007489,-0.02494398075152001,-1.3607364107541395,covid_onset
2020-05-23 18:00:00,SHIFT,-1.3850900568712454,-0.07867432952178514,-0.21357755316854343,-1.3607364107541395,covid_onset
2020-05-23 19:00:00,SHIFT,-1.3866120335245573,-0.06883181524153478,0.1856645910770702,-1.3607364107541395,covid_onset
2020-05-23 20:00:00,SHIFT,-1.387384013265152,-0.05819027200000628,0.7618495975412233,-1.3607364107541395,covid_onset
2020-05-23 21:00:00,SHIFT,-1.3883906864806423,-0.0475640705693701,1.111623271558291,-1.3607364107541395,covid_onset
2020-05-23 22:00:00,SHIFT,-1.3890439019471732,-0.036425642405568,1.66086066204896,-1.3607364107541395,covid_onset
2020-05-23 23:00:00,SHIFT,-1.3889346195985892,-0.02588770735068986,2.0500253844771628,-1.3607364107541395,covid_onset
2020-05-24 00:00:00,SHIFT,-1.3903125742654854,-0.015640554912828685,2.143519190261229,-1.3607364107541395,covid_onset
2020-05-24 01:00:00,SHIFT,-1.3941835989320495,-0.007394164127052329,2.067272547196735,-1.3607364107541395,covid_onset
2020-05-24 02:00:00,SHIFT,-1.3983759310661734,0.0007607091483417169,1.9666702061587538,-1.3607364107541395,covid_onset
2020-05-24 03:00:00,SHIFT,-1.4035962457592623,0.007807699826123729,1.9245071250834418,-1.3607364107541395,covid_onset
2020-05-24 04:00:00,SHIFT,-1.4080796992552231,0.013871269657575272,1.759311153350305,-1.3607364107541395,covid_onset
2020-05-24 05:00:00,SHIFT,-1.4145332288656536,0.019415882855491506,0.779617456628063,-1.3607364107541395,covid_onset
2020-05-24 06:00:00,SHIFT,-1.4207806492907085,0.023410726519801445,-0.35798865953490605,-1.3607364107541395,covid_onset
2020-05-24 07:00:00,SHIFT,-1.4258006345444834,0.02686739665795393,-1.021844668844323,-1.3607364107541395,covid_onset
2020-05-24 08:00:00,SHIFT,-1.4268478468131038,0.02901345118992074,-1.05948855294614,-1.3607364107541395,covid_onset
2020-05-24 09:00:00,SHIFT,-1.4268406559127345,0.03144015296611813,-1.2373484581063516,-1.3607364107541395,covid_onset
2020-05-24 10:00:00,SHIFT,-1.4266027957476164,0.03300850822916545,-1.5293643457987434,-1.3607364107541395,covid_onset
2020-05-24 11:00:00,SHIFT,-1.426121572865362,0.03382955012174304,-1.7382770388903357,-1.3607364107541395,covid_onset
2020-05-24 12:00:00,SHIFT,-1.4225517941777146,0.03664877539854252,-1.6269446389861757,-1.3607364107541395,covid_onset
2020-05-24 13:00:00,SHIFT,-1.4126133161988537,0.038644426931089305,-1.4544101264898173,-1.3607364107541395,covid_onset
2020-05-24 14:00:00,SHIFT,-1.4015807759076466,0.036609443932959625,-1.250954053679762,-1.3607364107541395,covid_onset
2020-05-24 15:00:00,SHIFT,-1.390516513425397,0.030894403373089175,-1.0297414415751285,-1.3607364107541395,covid_onset
2020-05-24 16:00:00,SHIFT,-1.3766914602509444,0.0255575464719961,-0.6341409995466741,-1.3607364107541395,covid_onset
2020-05-24 17:00:00,SHIFT,-1.3611381274667878,0.02142712624443414,-0.5261458483494665,-1.3607364107541395,covid_onset
2020-05-24 18:00:00,NORMAL,-1.3470393577829125,0.017762492293779058,-0.6188996360260391,-1.3607364107541395,covid_onset
2020-05-24 19:00:00,NORMAL,-1.3281734807051853,0.014241602642276365,0.6463607200534287,-1.3607364107541395,covid_onset
2020-05-24 20:00:00,NORMAL,-1.3075583050243977,0.010345161869589581,1.352485106070788,-1.3607364107541395,covid_onset
2020-05-24 21:00:00,NORMAL,-1.2890221341305352,0.00622375039470308,1.5531071746173064,-1.3607364107541395,covid_onset
2020-05-24 22:00:00,NORMAL,-1.2729118056280142,0.000836581840177837,1.6643140735994002,-1.3607364107541395,covid_onset
2020-05-24 23:00:00,NORMAL,-1.2580802397654165,-0.00446505766539984,2.1286340223882143,-1.3607364107541395,covid_onset
2020-05-25 00:00:00,NORMAL,-1.242864882346544,-0.010165351825305487,1.6615454728673005,-1.3607364107541395,covid_onset
2020-05-25 01:00:00,NORMAL,-1.2294096372045833,-0.01501989690643384,1.369429551034096,-1.3607364107541395,covid_onset
2020-05-25 02:00:00,NORMAL,-1.2179100208608182,-0.01985865711973517,1.2110141275025035,-1.3607364107541395,covid_onset
2020-05-25 03:00:00,NORMAL,-1.2078288544606546,-0.024347718038530128,1.0569835377074865,-1.3607364107541395,covid_onset
2020-05-25 04:00:00,NORMAL,-1.1975706834104143,-0.02803823950234935,0.913835564278601,-1.3607364107541395,covid_onset
2020-05-25 05:00:00,NORMAL,-1.1875735435406798,-0.02952657233302489,0.3318664345765071,-1.3607364107541395,covid_onset
2020-05-25 06:00:00,NORMAL,-1.17821139641196,-0.026437671014538384,-0.2833516739780141,-1.3607364107541395,covid_onset
2020-05-25 07:00:00,NORMAL,-1.1703505795356919,-0.016936157960046664,-0.8028710356821565,-1.3607364107541395,covid_onset
2020-05-25 08:00:00,NORMAL,-1.1633838550587698,-0.0039136109018412255,-1.4115086278444926,-1.3607364107541395,covid_onset
2020-05-25 09:00:00,NORMAL,-1.156675980802188,0.0102096386015705,-1.714520582767665,-1.3607364107541395,covid_onset
2020-05-25 10:00:00,NORMAL,-1.150038701732609,0.02449487889922632,-2.2032612955043036,-1.3607364107541395,covid_onset
2020-05-25 11:00:00,NORMAL,-1.1426783096280981,0.040708747308589054,-2.027336666320092,-1.3607364107541395,covid_onset
2020-05-25 12:00:00,NORMAL,-1.1360996074179,0.05373658675925657,-1.9919499576121964,-1.3607364107541395,covid_onset
2020-05-25 13:00:00,NORMAL,-1.131069212174813,0.06538579848982722,-2.021776386158471,-1.3607364107541395,covid_onset
2020-05-25 14:00:00,NORMAL,-1.1248814391978925,0.07772333652832535,-1.8056138263995571,-1.3607364107541395,covid_onset
2020-05-25 15:00:00,NORMAL,-1.1192672786181053,0.08891333645310952,-1.9423289978786384,-1.3607364107541395,covid_onset
2020-05-25 16:00:00,NORMAL,-1.1099486678650212,0.0961851199025731,-1.8629593132311861,-1.3607364107541395,covid_onset
2020-05-25 17:00:00,NORMAL,-1.1001348088091862,0.10086159441035368,-1.592898960492011,-1.3607364107541395,covid_onset
2020-05-25 18:00:00,NORMAL,-1.0873345057858135,0.10588677480065888,-0.7391841194062294,-1.3607364107541395,covid_onset
2020-05-25 19:00:00,NORMAL,-1.0847867453009041,0.10237520158176117,-2.5231420351338696,-1.3607364107541395,covid_onset
2020-05-25 20:00:00,NORMAL,-1.074756082334161,0.1002767495445971,-0.678180710831373,-1.3607364107541395,covid_onset
2020-05-25 21:00:00,NORMAL,-1.0610199996373824,0.09971570217807905,0.36167726423376667,-1.3607364107541395,covid_onset
2020-05-25 22:00:00,NORMAL,-1.0462851938919935,0.10113236056504922,1.2269631548780866,-1.3607364107541395,covid_onset
2020-05-25 23:00:00,NORMAL,-1.0365559265351896,0.1009867357537114,1.2026492385782643,-1.3607364107541395,covid_onset
2020-05-26 00:00:00,NORMAL,-1.0334996846770241,0.09962348240347683,0.9802132787181714,-1.3607364107541395,covid_onset
2020-05-26 01:00:00,NORMAL,-1.0300036249287077,0.09956955882247953,1.0716086661615483,-1.3607364107541395,covid_onset
2020-05-26 02:00:00,NORMAL,-1.026048493845512,0.09996762468524072,1.0481040549469332,-1.3607364107541395,covid_onset
2020-05-26 03:00:00,NORMAL,-1.0224965771162464,0.1006102191777928,1.0094726243335357,-1.3607364107541395,covid_onset
2020-05-26 04:00:00,NORMAL,-1.0204041393041328,0.10085844109328479,0.744471385249381,-1.3607364107541395,covid_onset
2020-05-26 05:00:00,NORMAL,-1.0187239512026345,0.09954361239102055,0.010025234334174076,-1.3607364107541395,covid_onset
2020-05-26 06:00:00,NORMAL,-1.016918683755907,0.09566746626836065,-0.5610252183374361,-1.3607364107541395,covid_onset
2020-05-26 07:00:00,NORMAL,-1.0148538067796313,0.08677610716257518,-1.2546528623544368,-1.3607364107541395,covid_onset
2020-05-26 08:00:00,NORMAL,-1.0090121619918204,0.07675388291690473,-1.3683722759811627,-1.3607364107541395,covid_onset
2020-05-26 09:00:00,NORMAL,-1.0044052890694346,0.06548702550310419,-1.785606281797025,-1.3607364107541395,covid_onset
2020-05-26 10:00:00,NORMAL,-0.9996752600184787,0.054878452628708836,-2.1412109340762107,-1.3607364107541395,covid_onset
2020-05-26 11:00:00,NORMAL,-0.9934400655985559,0.042619757709259916,-2.103203548537211,-1.3607364107541395,covid_onset
2020-05-26 12:00:00,NORMAL,-0.9855641375938384,0.03254514788917483,-1.926206179799938,-1.3607364107541395,covid_onset
2020-05-26 13:00:00,NORMAL,-0.974045603293256,0.023993403327574662,-1.8271199276488892,-1.3607364107541395,covid_onset
2020-05-26 14:00:00,NORMAL,-0.9632780236300614,0.013934627828177443,-2.0578346254317506,-1.3607364107541395,covid_onset
2020-05-26 15:00:00,NORMAL,-0.953727389607342,0.003835564291244368,-2.680752377437656,-1.3607364107541395,covid_onset
2020-05-26 16:00:00,NORMAL,-0.9453611228775158,-0.0043605097693731635,-2.88317421440574,-1.3607364107541395,covid_onset
2020-05-26 17:00:00,NORMAL,-0.9369078213285358,-0.01059881805726453,-2.7548509962803926,-1.3607364107541395,covid_onset
2020-05-26 18:00:00,NORMAL,-0.9289337688253486,-0.017805973608467408,-2.3094002100094717,-1.3607364107541395,covid_onset
2020-05-26 19:00:00,NORMAL,-0.9160093282862652,-0.013678532268535418,-1.8015199399372201,-1.3607364107541395,covid_onset
2020-05-26 20:00:00,NORMAL,-0.9026856787722496,-0.013529338285424852,-1.1008531275383682,-1.3607364107541395,covid_onset
2020-05-26 21:00:00,NORMAL,-0.8898053861101568,-0.015582165848851701,-0.5393300932297311,-1.3607364107541395,covid_onset
2020-05-26 22:00:00,NORMAL,-0.8773472427153401,-0.019755089108679378,-0.15803250151063203,-1.3607364107541395,covid_onset
2020-05-26 23:00:00,NORMAL,-0.8617948895410357,-0.021044228354772983,0.5436279798366757,-1.3607364107541395,covid_onset
2020-05-27 00:00:00,NORMAL,-0.8488558745857756,-0.019459470465482583,1.0639133983559712,-1.3607364107541395,covid_onset
2020-05-27 01:00:00,NORMAL,-0.8340009259337131,-0.01827935941978379,1.3571119304125638,-1.3607364107541395,covid_onset
2020-05-27 02:00:00,NORMAL,-0.8182541646752052,-0.017254508783740977,1.4101172159608875,-1.3607364107541395,covid_onset
2020-05-27 03:00:00,NORMAL,-0.8042134299435624,-0.016796427665730612,1.1939544760512137,-1.3607364107541395,covid_onset
2020-05-27 04:00:00,NORMAL,-0.7896491760699609,-0.015527945680362561,1.2403293491313896,-1.3607364107541395,covid_onset
2020-05-27 05:00:00,NORMAL,-0.7748740560688263,-0.013548515351441198,0.7937360324870453,-1.3607364107541395,covid_onset
2020-05-27 06:00:00,NORMAL,-0.7622919862974449,-0.011811991287772335,0.05255367377872042,-1.3607364107541395,covid_onset
2020-05-27 07:00:00,NORMAL,-0.7507036484769047,-0.009411962505493246,-0.7206755307288235,-1.3607364107541395,covid_onset
2020-05-27 08:00:00,NORMAL,-0.7425801800688201,-0.011048054202265525,-1.9074138552583768,-1.3607364107541395,covid_onset
2020-05-27 09:00:00,NORMAL,-0.7389468910012125,-0.013268050157210656,-2.586434575982706,-1.3607364107541395,covid_onset
2020-05-27 10:00:00,NORMAL,-0.7354437472030829,-0.016147269478677964,-3.0324237286508438,-1.3607364107541395,covid_onset
2020-05-27 11:00:00,NORMAL,-0.7363000111448246,-0.020557398578182496,-3.7294017834076474,-1.3607364107541395,covid_onset
2020-05-27 12:00:00,NORMAL,-0.7358227256203529,-0.025301120316169785,-3.574322836338109,-1.3607364107541395,covid_onset
2020-05-27 13:00:00,NORMAL,-0.739454398411222,-0.03202187693579973,-3.9211959639718295,-1.3607364107541395,covid_onset
2020-05-27 14:00:00,NORMAL,-0.7466724010774439,-0.03821730795203206,-4.2699156623264445,-1.3607364107541395,covid_onset
2020-05-27 15:00:00,NORMAL,-0.7567193667831058,-0.042238377797288874,-4.640221493375074,-1.3607364107541395,covid_onset
2020-05-27 16:00:00,NORMAL,-0.7682654756938818,-0.044927821241407005,-4.712722179665509,-1.3607364107541395,covid_onset
2020-05-27 17:00:00,NORMAL,-0.7785077685078686,-0.04637956100202722,-4.415595449296163,-1.3607364107541395,covid_onset
2020-05-27 18:00:00,NORMAL,-0.7856782347314363,-0.04618746054664815,-3.673194268300977,-1.3607364107541395,covid_onset
2020-05-27 19:00:00,NORMAL,-0.797011757845178,-0.05154648460471953,-3.692507208280721,-1.3607364107541395,covid_onset
2020-05-27 20:00:00,NORMAL,-0.8072197597852392,-0.05471627983227048,-3.1124418105002065,-1.3607364107541395,covid_onset
2020-05-27 21:00:00,NORMAL,-0.8193347047185313,-0.05759271197684312,-2.8115402957177005,-1.3607364107541395,covid_onset
2020-05-27 22:00:00,NORMAL,-0.8296733129279937,-0.05879015292757298,-2.015032134597493,-1.3607364107541395,covid_onset
2020-05-27 23:00:00,NORMAL,-0.8386968868640183,-0.061837202826804494,-1.6133221419776598,-1.3607364107541395,covid_onset
2020-05-28 00:00:00,NORMAL,-0.8465592894141704,-0.06628061403158521,-0.9415204294128434,-1.3607364107541395,covid_onset
2020-05-28 01:00:00,NORMAL,-0.8525058152838363,-0.0709807200159475,-0.6918160972600198,-1.3607364107541395,covid_onset
2020-05-28 02:00:00,NORMAL,-0.8583126070362889,-0.0754942075716628,-0.5672660671097777,-1.3607364107541395,covid_onset
2020-05-28 03:00:00,NORMAL,-0.8635339708314123,-0.0789124051081193,-0.3654157137095415,-1.3607364107541395,covid_onset
2020-05-28 04:00:00,NORMAL,-0.8686515096646026,-0.08331149927968484,-0.6073534060915683,-1.3607364107541395,covid_onset
2020-05-28 05:00:00,NORMAL,-0.870710751645152,-0.08767406730793248,-0.9049792466226126,-1.3607364107541395,covid_onset
2020-05-28 06:00:00,NORMAL,-0.8721066935153255,-0.09155762761302931,-1.358584968553448,-1.3607364107541395,covid_onset
2020-05-28 07:00:00,NORMAL,-0.8775168972976084,-0.09595562204585685,-2.0110347515039213,-1.3607364107541395,covid_onset
2020-05-28 08:00:00,NORMAL,-0.8844314592202638,-0.09720088238050956,-2.8539543376243643,-1.3607364107541395,covid_onset
2020-05-28 09:00:00,NORMAL,-0.8914033607382786,-0.09697638177525447,-3.270943363443037,-1.3607364107541395,covid_onset
2020-05-28 10:00:00,NORMAL,-0.8986087041473438,-0.09620250118303965,-3.6263360512714016,-1.3607364107541395,covid_onset
2020-05-28 11:00:00,NORMAL,-0.9063008186476367,-0.09153583463437266,-3.7163071405510384,-1.3607364107541395,covid_onset
2020-05-28 12:00:00,NORMAL,-0.9144633429690523,-0.08729044108397317,-3.6758789775615193,-1.3607364107541395,covid_onset
2020-05-28 13:00:00,NORMAL,-0.9244974800915129,-0.08068360762504802,-3.7860437894873673,-1.3607364107541395,covid_onset
2020-05-28 14:00:00,NORMAL,-0.9350078294107756,-0.07128670942543533,-3.6307489700903566,-1.3607364107541395,covid_onset
2020-05-28 15:00:00,NORMAL,-0.9469417418759621,-0.06184330406010419,-3.789448832492797,-1.3607364107541395,covid_onset
2020-05-28 16:00:00,NORMAL,-0.9567921842791546,-0.05295670320499216,-3.7781973951379344,-1.3607364107541395,covid_onset
2020-05-28 17:00:00,NORMAL,-0.965663953488996,-0.04612813816081012,-3.475884166475498,-1.3607364107541395,covid_onset
2020-05-28 18:00:00,NORMAL,-0.9739928957186494,-0.04227938467258955,-3.210375920653152,-1.3607364107541395,covid_onset
2020-05-28 19:00:00,NORMAL,-0.9860014093953906,-0.036570341356897317,-2.857038880502084,-1.3607364107541395,covid_onset
2020-05-28 20:00:00,NORMAL,-0.9988073938343758,-0.030627205948380615,-2.2234842530425856,-1.3607364107541395,covid_onset
2020-05-28 21:00:00,NORMAL,-1.010197197698645,-0.02281255713860573,-1.428263962263237,-1.3607364107541395,covid_onset
2020-05-28 22:00:00,NORMAL,-1.020792278956446,-0.015784161120408164,-0.702515641915339,-1.3607364107541395,covid_onset
2020-05-28 23:00:00,NORMAL,-1.0295408572097688,-0.008283328371805038,-0.197146406664208,-1.3607364107541395,covid_onset
2020-05-29 00:00:00,NORMAL,-1.0376882441540682,-0.0015511584243762223,0.10005420815191679,-1.3607364107541395,covid_onset
2020-05-29 01:00:00,NORMAL,-1.0477468922919084,0.004045130297242663,-0.029134668985708222,-1.3607364107541395,covid_onset
2020-05-29 02:00:00,NORMAL,-1.0567990863916403,0.009529226525562576,0.22562077737741681,-1.3607364107541395,covid_onset
2020-05-29 03:00:00,NORMAL,-1.0644948329315806,0.013484151152949209,0.06102765447137517,-1.3607364107541395,covid_onset
2020-05-29 04:00:00,NORMAL,-1.0732157200074697,0.017715533082757855,-0.2245708075000212,-1.3607364107541395,covid_onset
2020-05-29 05:00:00,NORMAL,-1.0807848541702836,0.02117655457620533,-0.6339325203745572,-1.3607364107541395,covid_onset
2020-05-29 06:00:00,NORMAL,-1.0873997406142224,0.024272986827373885,-1.1552804012183262,-1.3607364107541395,covid_onset
2020-05-29 07:00:00,NORMAL,-1.09332127037171,0.027983404392497996,-1.767500122582921,-1.3607364107541395,covid_onset
2020-05-29 08:00:00,NORMAL,-1.0992742077484015,0.03131048766604361,-2.6722772351760375,-1.3607364107541395,covid_onset
2020-05-29 09:00:00,NORMAL,-1.105924117644598,0.03421877346428954,-3.066338667514975,-1.3607364107541395,covid_onset
2020-05-29 10:00:00,NORMAL,-1.1134050412038552,0.036070915425195506,-3.645543001779438,-1.3607364107541395,covid_onset
2020-05-29 11:00:00,NORMAL,-1.1223469485708313,0.035653159757542845,-3.8339204719891002,-1.3607364107541395,covid_onset
2020-05-29 12:00:00,NORMAL,-1.1323607455694287,0.03563578615804484,-3.782214326220684,-1.3607364107541395,covid_onset
2020-05-29 13:00:00,NORMAL,-1.14059706371435,0.03546948748390263,-3.6982645421417892,-1.3607364107541395,covid_onset
2020-05-29 14:00:00,NORMAL,-1.142770031946652,0.033692799623210215,-3.4507663015157206,-1.3607364107541395,covid_onset
2020-05-29 15:00:00,NORMAL,-1.1418543205332785,0.030946794401121618,-3.6612543069536554,-1.3607364107541395,covid_onset
2020-05-29 16:00:00,NORMAL,-1.1419972094633237,0.027212104746486405,-3.9119729602443387,-1.3607364107541395,covid_onset
2020-05-29 17:00:00,NORMAL,-1.1411363573151927,0.024635876807390652,-3.4528522355374403,-1.3607364107541395,covid_onset
2020-05-29 18:00:00,NORMAL,-1.1379169120604844,0.023928304484895913,-3.0628419502048225,-1.3607364107541395,covid_onset
2020-05-29 19:00:00,NORMAL,-1.1316358653067973,0.022657348828232282,-2.577750289948136,-1.3607364107541395,covid_onset
2020-05-29 20:00:00,NORMAL,-1.126874645901187,0.020667728676077034,-2.2418616154444737,-1.3607364107541395,covid_onset
2020-05-29 21:00:00,NORMAL,-1.1226753934110991,0.016873482548424874,-1.7175349236948192,-1.3607364107541395,covid_onset
2020-05-29 22:00:00,NORMAL,-1.1190868065515502,0.012720272461479595,-1.1927387454437528,-1.3607364107541395,covid_onset
2020-05-29 23:00:00,NORMAL,-1.1145503359035032,0.008736916830050541,-0.587071122404373,-1.3607364107541395,covid_onset
2020-05-30 00:00:00,NORMAL,-1.1098423572839242,0.005814588863654578,-0.09562284379347755,-1.3607364107541395,covid_onset
2020-05-30 01:00:00,NORMAL,-1.1067505669035502,0.004592845345500061,0.1275049340717566,-1.3607364107541395,covid_onset
2020-05-30 02:00:00,NORMAL,-1.1029120753487012,0.002723401894025526,0.13931034428820938,-1.3607364107541395,covid_onset
2020-05-30 03:00:00,NORMAL,-1.0998561580884814,0.0017958358383014727,0.09197610186662049,-1.3607364107541395,covid_onset
2020-05-30 04:00:00,NORMAL,-1.0979225162098163,0.001311597237709532,0.12672998237997457,-1.3607364107541395,covid_onset
2020-05-30 05:00:00,NORMAL,-1.0980268615602629,-0.0003723262720530185,-0.555592813032488,-1.3607364107541395,covid_onset
2020-05-30 06:00:00,NORMAL,-1.098901823990329,-0.0027572866851251093,-0.6393299251998534,-1.3607364107541395,covid_onset
2020-05-30 07:00:00,NORMAL,-1.099363966067742,-0.0065158159205721084,-0.47146404386735535,-1.3607364107541395,covid_onset
2020-05-30 08:00:00,NORMAL,-1.1006203272173731,-0.010184295901929106,-0.5401602066167769,-1.3607364107541395,covid_onset
2020-05-30 09:00:00,NORMAL,-1.1021550135809324,-0.01427911732521285,-0.8446108844919674,-1.3607364107541395,covid_onset
2020-05-30 10:00:00,NORMAL,-1.1041609772840626,-0.017020646343446303,-1.1032759204097347,-1.3607364107541395,covid_onset
2020-05-30 11:00:00,NORMAL,-1.1081234455944036,-0.02009172933446174,-1.401366024411512,-1.3607364107541395,covid_onset
2020-05-30 12:00:00,NORMAL,-1.111854178274462,-0.022923675438501868,-1.4736454415874096,-1.3607364107541395,covid_onset
2020-05-30 13:00:00,NORMAL,-1.1183911013523555,-0.02686496921756781,-1.7204152345222514,-1.3607364107541395,covid_onset
2020-05-30 14:00:00,NORMAL,-1.1275773191632386,-0.031780674994337295,-1.7398098714015775,-1.3607364107541395,covid_onset
2020-05-30 15:00:00,NORMAL,-1.1386302422798036,-0.03584193021516365,-1.7051000073332128,-1.3607364107541395,covid_onset
2020-05-30 16:00:00,NORMAL,-1.148710556780304,-0.036519590913201075,-1.5336098416174595,-1.3607364107541395,covid_onset
2020-05-30 17:00:00,NORMAL,-1.1561821802268986,-0.037166399989819125,-1.2801767197793914,-1.3607364107541395,covid_onset
2020-05-30 18:00:00,NORMAL,-1.162656116425114,-0.03821180462245308,-1.3011988344687295,-1.3607364107541395,covid_onset
2020-05-30 19:00:00,NORMAL,-1.1742102807391357,-0.040833166509820086,-1.7554350136785941,-1.3607364107541395,covid_onset
2020-05-30 20:00:00,NORMAL,-1.1891057098536355,-0.04278726058815633,-1.7405824936947338,-1.3607364107541395,covid_onset
2020-05-30 21:00:00,NORMAL,-1.2053596016734105,-0.04459303365172727,-1.6190305541639056,-1.3607364107541395,covid_onset
2020-05-30 22:00:00,NORMAL,-1.2216985524825137,-0.0455906906510346,-1.0840830738803806,-1.3607364107541395,covid_onset
2020-05-30 23:00:00,NORMAL,-1.2380389826032807,-0.04695445517902939,-0.6951668758117061,-1.3607364107541395,covid_onset
2020-05-31 00:00:00,NORMAL,-1.256125774959382,-0.04794120253530704,-0.8950619255637833,-1.3607364107541395,covid_onset
2020-05-31 01:00:00,NORMAL,-1.2703850512908992,-0.04897928588620159,-0.32828587649812435,-1.3607364107541395,covid_onset
2020-05-31 02:00:00,NORMAL,-1.2862117834392102,-0.05014119855766234,-0.6922207947574969,-1.3607364107541395,covid_onset
2020-05-31 03:00:00,NORMAL,-1.3005749712119006,-0.051025458120609074,-0.48850842072856276,-1.3607364107541395,covid_onset
2020-05-31 04:00:00,NORMAL,-1.3161483462348875,-0.05287025608086029,-0.8570158505114899,-1.3607364107541395,covid_onset
2020-05-31 05:00:00,NORMAL,-1.328929212197774,-0.053070300839565786,-1.3675680251368831,-1.3607364107541395,covid_onset
2020-05-31 06:00:00,NORMAL,-1.3366409321070507,-0.05300624275624877,-1.6535576042933708,-1.3607364107541395,covid_onset
2020-05-31 07:00:00,NORMAL,-1.3427962681277177,-0.05417246432405756,-2.055941120316355,-1.3607364107541395,covid_onset
2020-05-31 08:00:00,NORMAL,-1.3488445906659374,-0.057246330511663,-2.0756067393670707,-1.3607364107541395,covid_onset
2020-05-31 09:00:00,NORMAL,-1.3543714836399117,-0.06027484715280593,-2.1658664777340526,-1.3607364107541395,covid_onset
2020-05-31 10:00:00,NORMAL,-1.3604682241669264,-0.06435310894121138,-2.5536167543371873,-1.3607364107541395,covid_onset
2020-05-31 11:00:00,SHIFT,-1.3668283662444924,-0.06716728992791117,-2.806780907921465,-1.3607364107541395,covid_onset
2020-05-31 12:00:00,SHIFT,-1.3750073109430438,-0.0697331696851393,-3.001007348342773,-1.3607364107541395,covid_onset
2020-05-31 13:00:00,SHIFT,-1.3857644438220982,-0.07115918142935056,-3.26160845017094,-1.3607364107541395,covid_onset
2020-05-31 14:00:00,SHIFT,-1.396076528742933,-0.07093020320138717,-2.983384320380064,-1.3607364107541395,covid_onset
2020-05-31 15:00:00,SHIFT,-1.4056888276581583,-0.07033407072843602,-2.644607659332947,-1.3607364107541395,covid_onset
2020-05-31 16:00:00,SHIFT,-1.4162383152630451,-0.0716350113329551,-2.4064549171676655,-1.3607364107541395,covid_onset
2020-05-31 17:00:00,SHIFT,-1.4272234895813978,-0.07380977288960576,-2.371655133832697,-1.3607364107541395,covid_onset
2020-05-31 18:00:00,SHIFT,-1.438155505143281,-0.07558668707516146,-2.45547825042245,-1.3607364107541395,covid_onset
2020-05-31 19:00:00,SHIFT,-1.4525300417918854,-0.07359156998614437,-1.7685614369120892,-1.3607364107541395,covid_onset
2020-05-31 20:00:00,SHIFT,-1.4674584053393989,-0.07033799147045362,-1.1554799699115066,-1.3607364107541395,covid_onset
2020-05-31 21:00:00,SHIFT,-1.481460138289501,-0.06610217957879232,-0.7991839609998463,-1.3607364107541395,covid_onset
2020-05-31 22:00:00,SHIFT,-1.4943780804651041,-0.06271728215366631,-0.5059002119019042,-1.3607364107541395,covid_onset
2020-05-31 23:00:00,SHIFT,-1.507557903664542,-0.05918303775237133,-0.08557627511731432,-1.3607364107541395,covid_onset
2020-06-01 00:00:00,SHIFT,-1.5209265584321616,-0.05780165665660477,-0.5843885280928404,-1.3607364107541395,covid_onset
2020-06-01 01:00:00,SHIFT,-1.5290602317134883,-0.056740359024025744,0.002972439771227017,-1.3607364107541395,covid_onset
2020-06-01 02:00:00,SHIFT,-1.53555632298436,-0.05441145173992574,0.11967079399601098,-1.3607364107541395,covid_onset
2020-06-01 03:00:00,SHIFT,-1.5413463066069415,-0.05283746457851842,0.08426628911381798,-1.3607364107541395,covid_onset
2020-06-01 04:00:00,SHIFT,-1.5473448845532278,-0.050124280987313474,-0.09392553069747551,-1.3607364107541395,covid_onset
2020-06-01 05:00:00,SHIFT,-1.551938580420951,-0.04642011254971945,-0.43987447120103274,-1.3607364107541395,covid_onset
2020-06-01 06:00:00,SHIFT,-1.554358298979546,-0.03956013018282301,-0.689864391821939,-1.3607364107541395,covid_onset
2020-06-01 07:00:00,SHIFT,-1.557504465214289,-0.024594301233612784,-1.3314269631189999,-1.3607364107541395,covid_onset
2020-06-01 08:00:00,SHIFT,-1.5639546046729786,-0.003545318937744839,-2.4951320569043642,-1.3607364107541395,covid_onset
2020-06-01 09:00:00,SHIFT,-1.573983000541662,0.018623087570659773,-3.399291088706419,-1.3607364107541395,covid_onset
2020-06-01 10:00:00,SHIFT,-1.5834757800099455,0.04232635027719931,-3.7980482461759393,-1.3607364107541395,covid_onset
2020-06-01 11:00:00,SHIFT,-1.5925889653807248,0.06524031881999637,-3.5583518086110444,-1.3607364107541395,covid_onset
2020-06-01 12:00:00,SHIFT,-1.5899425012173982,0.08617850717681252,-1.5473439781733094,-1.3607364107541395,covid_onset
2020-06-01 13:00:00,SHIFT,-1.5909855536321367,0.10646050439104877,-2.1970091918344963,-1.3607364107541395,covid_onset
2020-06-01 14:00:00,SHIFT,-1.598839871561303,0.12402829927776327,-3.1251392384995347,-1.3607364107541395,covid_onset
2020-06-01 15:00:00,SHIFT,-1.6064870116195797,0.1388313782715955,-3.227048527669109,-1.3607364107541395,covid_onset
2020-06-01 16:00:00,SHIFT,-1.6161040930725137,0.1483528590776218,-3.478628997324129,-1.3607364107541395,covid_onset
2020-06-01 17:00:00,SHIFT,-1.6230963628174107,0.1568376755915556,-2.7676002776346933,-1.3607364107541395,covid_onset
2020-06-01 18:00:00,SHIFT,-1.6320478131406904,0.16416705880382224,-2.2430277737171735,-1.3607364107541395,covid_onset
2020-06-01 19:00:00,SHIFT,-1.6269377817532036,0.16774257980170296,-1.664656762036089,-1.3607364107541395,covid_onset
2020-06-01 20:00:00,SHIFT,-1.6322040144806234,0.16815859773168848,-1.5629078090379152,-1.3607364107541395,covid_onset
2020-06-01 21:00:00,SHIFT,-1.6392332353001562,0.16859220571252817,-0.81923183344777,-1.3607364107541395,covid_onset
2020-06-01 22:00:00,SHIFT,-1.648644953089311,0.16979146153896071,-0.3542054336999292,-1.3607364107541395,covid_onset
2020-06-01 23:00:00,SHIFT,-1.6560207886614844,0.17036036827996218,-0.036491137546867766,-1.3607364107541395,covid_onset
2020-06-02 00:00:00,SHIFT,-1.6600781022827202,0.17283974955243553,0.2985845903505857,-1.3607364107541395,covid_onset
2020-06-02 01:00:00,SHIFT,-1.6649363633228622,0.1732500845746082,0.2554208114176878,-1.3607364107541395,covid_onset
2020-06-02 02:00:00,SHIFT,-1.6671674953321824,0.1738051992611328,0.6732738773810907,-1.3607364107541395,covid_onset
2020-06-02 03:00:00,SHIFT,-1.6698091285952483,0.1745178818709414,0.5656782361385457,-1.3607364107541395,covid_onset
2020-06-02 04:00:00,SHIFT,-1.671393303053579,0.1749322795992295,0.4783300762497913,-1.3607364107541395,covid_onset
2020-06-02 05:00:00,SHIFT,-1.6705453173355975,0.17416101605044865,0.1524868349550872,-1.3607364107541395,covid_onset
2020-06-02 06:00:00,SHIFT,-1.6710087221558299,0.16932866803425525,-0.6388772281365142,-1.3607364107541395,covid_onset
2020-06-02 07:00:00,SHIFT,-1.6729081005842077,0.15816930767339074,-1.5737484383219251,-1.3607364107541395,covid_onset
2020-06-02 08:00:00,SHIFT,-1.681707725970153,0.14260911538439647,-2.8467093408199537,-1.3607364107541395,covid_onset
2020-06-02 09:00:00,SHIFT,-1.6924126804677024,0.12649860252168146,-3.5840386373853446,-1.3607364107541395,covid_onset
2020-06-02 10:00:00,SHIFT,-1.7013684039699875,0.10998232137760332,-3.6457724824600724,-1.3607364107541395,covid_onset
2020-06-02 11:00:00,SHIFT,-1.7098909923925736,0.09337990965934646,-3.5349984035316737,-1.3607364107541395,covid_onset
2020-06-02 12:00:00,SHIFT,-1.70877915925014,0.07731162772837895,-1.7394182118711143,-1.3607364107541395,covid_onset
2020-06-02 13:00:00,SHIFT,-1.7146713688673831,0.060032383254761436,-2.8170111433457463,-1.3607364107541395,covid_onset
2020-06-02 14:00:00,SHIFT,-1.7273304868421984,0.04378795913942368,-4.184566445200745,-1.3607364107541395,covid_onset
2020-06-02 15:00:00,SHIFT,-1.7373694596661178,0.029225704490672553,-4.367299811856074,-1.3607364107541395,covid_onset
2020-06-02 16:00:00,SHIFT,-1.7460577238696604,0.019943738774227,-4.342802600600923,-1.3607364107541395,covid_onset
2020-06-02 17:00:00,SHIFT,-1.7521300613477293,0.011837755766077304,-3.7750036925959716,-1.3607364107541395,covid_onset
2020-06-02 18:00:00,SHIFT,-1.7557778847367658,0.005612131222690109,-2.922234539367597,-1.3607364107541395,covid_onset
2020-06-02 19:00:00,SHIFT,-1.7625044357447013,-0.0006828646859799165,-2.9315805092703697,-1.3607364107541395,covid_onset
2020-06-02 20:00:00,SHIFT,-1.7725608333553633,-0.005076317268761686,-2.790327926129619,-1.3607364107541395,covid_onset
2020-06-02 21:00:00,SHIFT,-1.7820699500154669,-0.010281726429664873,-2.1368616921270607,-1.3607364107541395,covid_onset
2020-06-02 22:00:00,SHIFT,-1.7919827692529493,-0.016174000100023476,-1.8233861334077104,-1.3607364107541395,covid_onset
2020-06-02 23:00:00,SHIFT,-1.8022308500018793,-0.020847746765857045,-1.1780495859835844,-1.3607364107541395,covid_onset
2020-06-03 00:00:00,SHIFT,-1.810315948226658,-0.02480243167359801,-0.29438310340686097,-1.3607364107541395,covid_onset
2020-06-03 01:00:00,SHIFT,-1.8206998734064883,-0.027220234224093243,-0.3873874997988589,-1.3607364107541395,covid_onset
2020-06-03 02:00:00,SHIFT,-1.8308645592700976,-0.03134283768703742,-0.29755000912553486,-1.3607364107541395,covid_onset
2020-06-03 03:00:00,SHIFT,-1.8395289535295143,-0.03500801759968258,-0.2616637595307377,-1.3607364107541395,covid_onset
2020-06-03 04:00:00,SHIFT,-1.8492162698825965,-0.03888600341226509,-0.3871397981864393,-1.3607364107541395,covid_onset
2020-06-03 05:00:00,SHIFT,-1.8573491304757686,-0.042278461243149316,-0.5725845471658851,-1.3607364107541395,covid_onset
2020-06-03 06:00:00,SHIFT,-1.866651268584454,-0.04444181531713959,-1.5102055284804319,-1.3607364107541395,covid_onset
2020-06-03 07:00:00,SHIFT,-1.8767622170408262,-0.04568222434645797,-2.419314871399371,-1.3607364107541395,covid_onset
2020-06-03 08:00:00,SHIFT,-1.8842804420918122,-0.04563852135961813,-3.170475663824005,-1.3607364107541395,covid_onset
2020-06-03 09:00:00,SHIFT,-1.8903993454776167,-0.045331821077088504,-3.6144103447978577,-1.3607364107541395,covid_onset
2020-06-03 10:00:00,SHIFT,-1.8979615838978467,-0.04692870361451853,-4.30287978324948,-1.3607364107541395,covid_onset
2020-06-03 11:00:00,SHIFT,-1.8969960397385004,-0.04704855824101773,-3.5671903646374417,-1.3607364107541395,covid_onset
2020-06-03 12:00:00,SHIFT,-1.8857965916491009,-0.045974392111357655,-1.6928155573190367,-1.3607364107541395,covid_onset
2020-06-03 13:00:00,SHIFT,-1.8772658249712508,-0.04275507369589677,-2.4880271620930268,-1.3607364107541395,covid_onset
2020-06-03 14:00:00,SHIFT,-1.8722100939556459,-0.03793822898164007,-3.420552851704767,-1.3607364107541395,covid_onset
2020-06-03 15:00:00,SHIFT,-1.8672134591931047,-0.03368231672053019,-3.80078685326814,-1.3607364107541395,covid_onset
2020-06-03 16:00:00,SHIFT,-1.8622028203738432,-0.030251912538339348,-3.8709348580296443,-1.3607364107541395,covid_onset
2020-06-03 17:00:00,SHIFT,-1.8574840014580734,-0.027488347410063643,-3.622833871446785,-1.3607364107541395,covid_onset
2020-06-03 18:00:00,SHIFT,-1.851766860730321,-0.025642764954333677,-2.7127146260386454,-1.3607364107541395,covid_onset
2020-06-03 19:00:00,SHIFT,-1.8410514507254068,-0.020481813693743835,-1.8923183274550575,-1.3607364107541395,covid_onset
2020-06-03 20:00:00,SHIFT,-1.8314235724074126,-0.014698526711165436,-1.4949582530772214,-1.3607364107541395,covid_onset
2020-06-03 21:00:00,SHIFT,-1.8197390358029826,-0.008625043856728033,-0.8485381461733923,-1.3607364107541395,covid_onset
2020-06-03 22:00:00,SHIFT,-1.8103697395278275,-0.0017892983895509789,-0.44099036037149913,-1.3607364107541395,covid_onset
2020-06-03 23:00:00,SHIFT,-1.801142817742809,0.0038274499800708905,-0.06319928209449441,-1.3607364107541395,covid_onset
2020-06-04 00:00:00,SHIFT,-1.7927525149516885,0.0074127862536436705,0.4680504394953688,-1.3607364107541395,covid_onset
2020-06-04 01:00:00,SHIFT,-1.7842062653111335,0.012313510324969622,0.743953842353188,-1.3607364107541395,covid_onset
2020-06-04 02:00:00,SHIFT,-1.7766207901573408,0.017763278255301097,0.7070937587274436,-1.3607364107541395,covid_onset
2020-06-04 03:00:00,SHIFT,-1.769860313856849,0.023073913231320253,0.7703443047730925,-1.3607364107541395,covid_onset
2020-06-04 04:00:00,SHIFT,-1.7629887691159465,0.028001112086785657,0.5470661103800277,-1.3607364107541395,covid_onset
2020-06-04 05:00:00,SHIFT,-1.755765188092273,0.03217182729712604,0.3085823653545385,-1.3607364107541395,covid_onset
2020-06-04 06:00:00,SHIFT,-1.7489700624851419,0.03740447989887673,-0.2170038665554579,-1.3607364107541395,covid_onset
2020-06-04 07:00:00,SHIFT,-1.7449916800490617,0.041433882207207215,-1.3426665022424171,-1.3607364107541395,covid_onset
2020-06-04 08:00:00,SHIFT,-1.742875605377979,0.043431081892340385,-2.4984537928825254,-1.3607364107541395,covid_onset
2020-06-04 09:00:00,SHIFT,-1.7442614297577603,0.04371456428801995,-3.5037618592462265,-1.3607364107541395,covid_onset
2020-06-04 10:00:00,SHIFT,-1.7458011567072238,0.04585896628651228,-3.885010178781322,-1.3607364107541395,covid_onset
2020-06-04 11:00:00,SHIFT,-1.7435574264336318,0.04642057078051303,-3.3393604545875206,-1.3607364107541395,covid_onset
2020-06-04 12:00:00,SHIFT,-1.730498463925791,0.047167315481678025,-1.4819732762443085,-1.3607364107541395,covid_onset
2020-06-04 13:00:00,SHIFT,-1.7188864919014668,0.04824093127341548,-1.8352324894009022,-1.3607364107541395,covid_onset
2020-06-04 14:00:00,SHIFT,-1.7123006001240262,0.048486016826986646,-2.5243191514803556,-1.3607364107541395,covid_onset
2020-06-04 15:00:00,SHIFT,-1.7064143780356182,0.04952845407435565,-2.8005635216402442,-1.3607364107541395,covid_onset
2020-06-04 16:00:00,SHIFT,-1.6996130085354946,0.05146144910544411,-2.635567319117149,-1.3607364107541395,covid_onset
2020-06-04 17:00:00,SHIFT,-1.6940848806171207,0.053752943514355646,-2.5471586761886593,-1.3607364107541395,covid_onset
2020-06-04 18:00:00,SHIFT,-1.687477498092867,0.05459773766317147,-2.100335656578539,-1.3607364107541395,covid_onset
2020-06-04 19:00:00,SHIFT,-1.6759269155537402,0.0543262869581094,-0.9165410139287938,-1.3607364107541395,covid_onset
2020-06-04 20:00:00,SHIFT,-1.6653866110199718,0.05355784382707004,-0.4527130913694917,-1.3607364107541395,covid_onset
2020-06-04 21:00:00,SHIFT,-1.6577192587480856,0.05203679853539565,-0.14014878058638017,-1.3607364107541395,covid_onset
2020-06-04 22:00:00,SHIFT,-1.6526306957103016,0.04994912532554211,0.15236294843236942,-1.3607364107541395,covid_onset
2020-06-04 23:00:00,SHIFT,-1.6484202362158447,0.048459683987103486,0.5102107884045648,-1.3607364107541395,covid_onset
2020-06-05 00:00:00,SHIFT,-1.6445908800444389,0.04711537835354252,0.7433860449481323,-1.3607364107541395,covid_onset
2020-06-05 01:00:00,SHIFT,-1.6388694740280505,0.04443281501793431,0.9320615417675203,-1.3607364107541395,covid_onset
2020-06-05 02:00:00,SHIFT,-1.6333267535508353,0.0427714652794117,1.1567978175495353,-1.3607364107541395,covid_onset
2020-06-05 03:00:00,SHIFT,-1.6280693787423162,0.040224775756455056,0.9442666223026437,-1.3607364107541395,covid_onset
2020-06-05 04:00:00,SHIFT,-1.6211239216645996,0.03864290189460155,0.9422659815563943,-1.3607364107541395,covid_onset
2020-06-05 05:00:00,SHIFT,-1.613953870844635,0.03696586609028538,0.5706360173794343,-1.3607364107541395,covid_onset
2020-06-05 06:00:00,SHIFT,-1.609262114983797,0.03343288752178664,-0.3670654165975459,-1.3607364107541395,covid_onset
2020-06-05 07:00:00,SHIFT,-1.6057324929807526,0.03147423830645867,-1.1745236260714476,-1.3607364107541395,covid_onset
2020-06-05 08:00:00,SHIFT,-1.6006172305257902,0.03145797691715665,-1.8129131427423704,-1.3607364107541395,covid_onset
2020-06-05 09:00:00,SHIFT,-1.5995605501930386,0.03246547913224277,-2.88881637161267,-1.3607364107541395,covid_onset
2020-06-05 10:00:00,SHIFT,-1.5982899881513504,0.03251834911868607,-3.43208857877587,-1.3607364107541395,covid_onset
2020-06-05 11:00:00,SHIFT,-1.5960712413597005,0.03176609942035898,-3.461171010991917,-1.3607364107541395,covid_onset
2020-06-05 12:00:00,SHIFT,-1.582509088894533,0.03070904937919934,-1.5037727120725326,-1.3607364107541395,covid_onset
2020-06-05 13:00:00,SHIFT,-1.5740179248737822,0.02706840822149667,-2.2717489866556515,-1.3607364107541395,covid_onset
2020-06-05 14:00:00,SHIFT,-1.572248561370103,0.023168323111663114,-3.1535132328975566,-1.3607364107541395,covid_onset
2020-06-05 15:00:00,SHIFT,-1.5691706318859422,0.019830830041016715,-3.1441621536147046,-1.3607364107541395,covid_onset
2020-06-05 16:00:00,SHIFT,-1.5622512346043265,0.016370839591873448,-2.7495142169328695,-1.3607364107541395,covid_onset
2020-06-05 17:00:00,SHIFT,-1.5569557829132976,0.013660233638761933,-2.5632163514446193,-1.3607364107541395,covid_onset
2020-06-05 18:00:00,SHIFT,-1.5516600560368528,0.012219927281338467,-2.1731598349620835,-1.3607364107541395,covid_onset
2020-06-05 19:00:00,SHIFT,-1.545384456365693,0.008811249561415262,-1.5234495451933088,-1.3607364107541395,covid_onset
2020-06-05 20:00:00,SHIFT,-1.5371730411135565,0.005656789970017155,-0.8623438530855558,-1.3607364107541395,covid_onset
2020-06-05 21:00:00,SHIFT,-1.5292579816921705,0.0035268773102219222,-0.38780494090190726,-1.3607364107541395,covid_onset
2020-06-05 22:00:00,SHIFT,-1.521203251121954,0.0021743680663226755,0.16045599035256808,-1.3607364107541395,covid_onset
2020-06-05 23:00:00,SHIFT,-1.517421778289856,-0.0002843191932819719,0.04821631338810929,-1.3607364107541395,covid_onset
2020-06-06 00:00:00,SHIFT,-1.514910482841437,-0.0015263511478758804,0.32627479154092853,-1.3607364107541395,covid_onset
2020-06-06 01:00:00,SHIFT,-1.5128962377960977,-0.0025901085934780976,0.4658981016887242,-1.3607364107541395,covid_onset
2020-06-06 02:00:00,SHIFT,-1.5111931005993258,-0.0048132588399543924,0.4254373933459097,-1.3607364107541395,covid_onset
2020-06-06 03:00:00,SHIFT,-1.508576861240912,-0.005976698477998528,0.5315043140801616,-1.3607364107541395,covid_onset
2020-06-06 04:00:00,SHIFT,-1.5067336972132321,-0.008272949661240883,0.43638153903019783,-1.3607364107541395,covid_onset
2020-06-06 05:00:00,SHIFT,-1.5013504152714472,-0.010354774367386401,0.3487985531873827,-1.3607364107541395,covid_onset
2020-06-06 06:00:00,SHIFT,-1.4973573224961831,-0.011673966766055309,0.03150966104448341,-1.3607364107541395,covid_onset
2020-06-06 07:00:00,SHIFT,-1.4926755015566797,-0.01434537232549443,0.3150818739692359,-1.3607364107541395,covid_onset
2020-06-06 08:00:00,SHIFT,-1.488670108806174,-0.019437841418247743,0.13274577546814662,-1.3607364107541395,covid_onset
2020-06-06 09:00:00,SHIFT,-1.4842219789402755,-0.023619848519053178,-0.0973250670209921,-1.3607364107541395,covid_onset
2020-06-06 10:00:00,SHIFT,-1.4800310064082354,-0.027477453291189165,-0.3991925350270027,-1.3607364107541395,covid_onset
2020-06-06 11:00:00,SHIFT,-1.4768600525177435,-0.030994071149759397,-0.868645770808889,-1.3607364107541395,covid_onset
2020-06-06 12:00:00,SHIFT,-1.4733873032873674,-0.034590616005239876,-0.8902235708842425,-1.3607364107541395,covid_onset
2020-06-06 13:00:00,SHIFT,-1.4665862039184094,-0.035713055329568685,-0.5778305405373235,-1.3607364107541395,covid_onset
2020-06-06 14:00:00,SHIFT,-1.460618015389175,-0.03715904368145874,-0.7371541984901696,-1.3607364107541395,covid_onset
2020-06-06 15:00:00,SHIFT,-1.4532444317649418,-0.03859372763123379,-0.46633795846201775,-1.3607364107541395,covid_onset
2020-06-06 16:00:00,SHIFT,-1.448336038255855,-0.0407754401122157,-0.7089997320908858,-1.3607364107541395,covid_onset
2020-06-06 17:00:00,SHIFT,-1.4449093315762787,-0.041198929326050994,-0.704489997610575,-1.3607364107541395,covid_onset
2020-06-06 18:00:00,SHIFT,-1.436500809750806,-0.0397986210229599,0.11143283221068724,-1.3607364107541395,covid_onset
2020-06-06 19:00:00,SHIFT,-1.4229682250489866,-0.03684466734939276,0.5180392162270845,-1.3607364107541395,covid_onset
2020-06-06 20:00:00,SHIFT,-1.4059779628174087,-0.03376296204237198,1.113781561210324,-1.3607364107541395,covid_onset
2020-06-06 21:00:00,SHIFT,-1.3880871649014725,-0.031141504136638427,1.3866234957133874,-1.3607364107541395,covid_onset
2020-06-06 22:00:00,SHIFT,-1.3735473158573177,-0.029908794906586354,1.3586115655376259,-1.3607364107541395,covid_onset
2020-06-06 23:00:00,NORMAL,-1.3570909218673932,-0.024879805907022268,2.0695073144956075,-1.3607364107541395,covid_onset
2020-06-07 00:00:00,NORMAL,-1.338797231115705,-0.020015562095960972,2.178278120719852,-1.3607364107541395,covid_onset
2020-06-07 01:00:00,NORMAL,-1.3254325854584577,-0.016136534743406695,1.9169745939194114,-1.3607364107541395,covid_onset
2020-06-07 02:00:00,NORMAL,-1.310740301044124,-0.011830418327049973,1.7760829868505672,-1.3607364107541395,covid_onset
2020-06-07 03:00:00,NORMAL,-1.297856525912999,-0.008602412863612933,1.6759658013004144,-1.3607364107541395,covid_onset
2020-06-07 04:00:00,NORMAL,-1.2827244434392502,-0.004645332925019475,1.6851740050783581,-1.3607364107541395,covid_onset
2020-06-07 05:00:00,NORMAL,-1.2679932685560396,-0.0015147812204168094,1.107269355242481,-1.3607364107541395,covid_onset
2020-06-07 06:00:00,NORMAL,-1.256263154686447,0.0008640644255149857,0.3171015257981897,-1.3607364107541395,covid_onset
2020-06-07 07:00:00,NORMAL,-1.2482960408505483,0.00035199615769815974,-0.7174659958854066,-1.3607364107541395,covid_onset
2020-06-07 08:00:00,NORMAL,-1.2418907128109415,-7.255564614694343e-05,-0.9995116287131419,-1.3607364107541395,covid_onset
2020-06-07 09:00:00,NORMAL,-1.2365191578822792,-0.0020739115166724022,-1.2634452497187671,-1.3607364107541395,covid_onset
2020-06-07 10:00:00,NORMAL,-1.230847202033785,-0.004552790335407884,-1.600728171790164,-1.3607364107541395,covid_onset
2020-06-07 11:00:00,NORMAL,-1.2250822810007727,-0.0050051731850475996,-1.8382741743753683,-1.3607364107541395,covid_onset
2020-06-07 12:00:00,NORMAL,-1.217570359495954,-0.0045608312615832034,-1.7390045355332542,-1.3607364107541395,covid_onset
2020-06-07 13:00:00,NORMAL,-1.2070924862586527,-0.0050435172493263625,-1.501325746304333,-1.3607364107541395,covid_onset
2020-06-07 14:00:00,NORMAL,-1.1947419981440732,-0.0025913336538079365,-0.9085023171306863,-1.3607364107541395,covid_onset
2020-06-07 15:00:00,NORMAL,-1.1859621849031772,-0.002452511463113124,-1.1695990348623786,-1.3607364107541395,covid_onset
2020-06-07 16:00:00,NORMAL,-1.178617398131983,-0.0013285074248642322,-1.1725307396070626,-1.3607364107541395,covid_onset
2020-06-07 17:00:00,NORMAL,-1.171148613497323,-0.001921651286619072,-1.116899315209816,-1.3607364107541395,covid_onset
2020-06-07 18:00:00,NORMAL,-1.1601807464723297,-0.004808358728208804,-0.6128765902236181,-1.3607364107541395,covid_onset
2020-06-07 19:00:00,NORMAL,-1.1508282892222208,-0.008131142082220414,-0.19734861889375288,-1.3607364107541395,covid_onset
2020-06-07 20:00:00,NORMAL,-1.1422228582979668,-0.012004221597078308,0.29023242536317434,-1.3607364107541395,covid_onset
2020-06-07 21:00:00,NORMAL,-1.1318238371237879,-0.01493079368206357,0.9478515962621912,-1.3607364107541395,covid_onset
2020-06-07 22:00:00,NORMAL,-1.1209371465575917,-0.01625240090616364,1.3230638032190236,-1.3607364107541395,covid_onset
2020-06-07 23:00:00,NORMAL,-1.1125006812540614,-0.021748491252631452,1.3317498958757727,-1.3607364107541395,covid_onset
2020-06-08 00:00:00,NORMAL,-1.1041055035214395,-0.02931340517712433,0.8260013309876353,-1.3607364107541395,covid_onset
2020-06-08 01:00:00,NORMAL,-1.0967980793045726,-0.03442017923959812,1.2306197082048846,-1.3607364107541395,covid_onset
2020-06-08 02:00:00,NORMAL,-1.0901377591912311,-0.03956577156439525,1.2386045730374011,-1.3607364107541395,covid_onset
2020-06-08 03:00:00,NORMAL,-1.0838503421530812,-0.04333082171340116,1.1405523515229983,-1.3607364107541395,covid_onset
2020-06-08 04:00:00,NORMAL,-1.0779120435471596,-0.04746411292517555,0.9037086350973337,-1.3607364107541395,covid_onset
2020-06-08 05:00:00,NORMAL,-1.0702929332741593,-0.04873043474734329,0.8401360546629957,-1.3607364107541395,covid_onset
2020-06-08 06:00:00,NORMAL,-1.0650019182467285,-0.04710835922590934,0.19902613278646905,-1.3607364107541395,covid_onset
2020-06-08 07:00:00,NORMAL,-1.0584378671240249,-0.036405235508556864,-0.22866637450477567,-1.3607364107541395,covid_onset
2020-06-08 08:00:00,NORMAL,-1.0525068470812013,-0.02227047742690604,-1.4987206897100078,-1.3607364107541395,covid_onset
2020-06-08 09:00:00,NORMAL,-1.0484444946056424,-0.007681521684601029,-2.716815872812517,-1.3607364107541395,covid_onset
2020-06-08 10:00:00,NORMAL,-1.0415288233554332,0.00958026638714331,-2.636215476140767,-1.3607364107541395,covid_onset
2020-06-08 11:00:00,NORMAL,-1.0330440272685166,0.026631115295513846,-2.132906066009111,-1.3607364107541395,covid_onset
2020-06-08 12:00:00,NORMAL,-1.028267817591274,0.04182867733042491,-0.7449407523965518,-1.3607364107541395,covid_onset
2020-06-08 13:00:00,NORMAL,-1.0228270035174423,0.054818418434138344,-1.2829524274307569,-1.3607364107541395,covid_onset
2020-06-08 14:00:00,NORMAL,-1.0149315553882374,0.0630118773068798,-1.798703952793136,-1.3607364107541395,covid_onset
2020-06-08 15:00:00,NORMAL,-1.009558429641048,0.07206948079236929,-2.3243634021412505,-1.3607364107541395,covid_onset
2020-06-08 16:00:00,NORMAL,-1.0034885054674016,0.07823899896825638,-2.458881736151572,-1.3607364107541395,covid_onset
2020-06-08 17:00:00,NORMAL,-1.000906422699498,0.08140913826384823,-2.3338103726268757,-1.3607364107541395,covid_onset
2020-06-08 18:00:00,NORMAL,-0.997411965286434,0.0845549549957179,-1.6559589283224199,-1.3607364107541395,covid_onset
2020-06-08 19:00:00,NORMAL,-0.9931135620461843,0.08745700090930804,-0.9425250176741089,-1.3607364107541395,covid_onset
2020-06-08 20:00:00,NORMAL,-0.9868529733775724,0.0893607275559455,-0.5111289127111348,-1.3607364107541395,covid_onset
2020-06-08 21:00:00,NORMAL,-0.9824180214398461,0.0897039451067261,-0.07415990790977779,-1.3607364107541395,covid_onset
2020-06-08 22:00:00,NORMAL,-0.977188318230809,0.08942040347562828,0.5243847054183289,-1.3607364107541395,covid_onset
2020-06-08 23:00:00,NORMAL,-0.9731582779799505,0.09016518936484451,0.6405556245973645,-1.3607364107541395,covid_onset
2020-06-09 00:00:00,NORMAL,-0.9724129444841093,0.09239390408068399,0.4238006176519073,-1.3607364107541395,covid_onset
2020-06-09 01:00:00,NORMAL,-0.9690134851269759,0.09317325038806255,0.8265299834160921,-1.3607364107541395,covid_onset
2020-06-09 02:00:00,NORMAL,-0.9673190099179885,0.09431549886951224,0.9579457124909934,-1.3607364107541395,covid_onset
2020-06-09 03:00:00,NORMAL,-0.9651913601605486,0.0949617277006774,0.9231233953884431,-1.3607364107541395,covid_onset
2020-06-09 04:00:00,NORMAL,-0.9631402669675301,0.09617960908604783,0.8229137326768984,-1.3607364107541395,covid_onset
2020-06-09 05:00:00,NORMAL,-0.9614484232278296,0.0947591035601633,0.4367165832247647,-1.3607364107541395,covid_onset
2020-06-09 06:00:00,NORMAL,-0.9576137251978807,0.09198738827644025,0.005352040894884203,-1.3607364107541395,covid_onset
2020-06-09 07:00:00,NORMAL,-0.9567903751499396,0.08181083707672018,-1.4354256302678026,-1.3607364107541395,covid_onset
2020-06-09 08:00:00,NORMAL,-0.953771802447467,0.07028657290860778,-2.3395891268045474,-1.3607364107541395,covid_onset
2020-06-09 09:00:00,NORMAL,-0.9487224725941227,0.06061448397288082,-2.7357512220235236,-1.3607364107541395,covid_onset
2020-06-09 10:00:00,NORMAL,-0.9452947994983838,0.047971000485040154,-3.0699234023759345,-1.3607364107541395,covid_onset
2020-06-09 11:00:00,NORMAL,-0.9408550316800224,0.033829744744735504,-2.7891174100469596,-1.3607364107541395,covid_onset
2020-06-09 12:00:00,NORMAL,-0.9371228458212019,0.020365257533420108,-1.1124109875892643,-1.3607364107541395,covid_onset
2020-06-09 13:00:00,NORMAL,-0.9314519528203631,0.00858909958249845,-1.8643011192048102,-1.3607364107541395,covid_onset
2020-06-09 14:00:00,NORMAL,-0.9243080859705483,-0.0018666085541205492,-2.984396814431878,-1.3607364107541395,covid_onset
2020-06-09 15:00:00,NORMAL,-0.9221696829610989,-0.012707337812767594,-4.0080481062685855,-1.3607364107541395,covid_onset
2020-06-09 16:00:00,NORMAL,-0.9185824739981769,-0.02058568097695058,-3.7401514948300396,-1.3607364107541395,covid_onset
2020-06-09 17:00:00,NORMAL,-0.918010534057182,-0.02580571479727277,-3.678917782508808,-1.3607364107541395,covid_onset
2020-06-09 18:00:00,NORMAL,-0.9199451789287663,-0.030501470438080686,-3.24725487779375,-1.3607364107541395,covid_onset
2020-06-09 19:00:00,NORMAL,-0.9179425803748722,-0.035222181393709716,-2.59514395221617,-1.3607364107541395,covid_onset
2020-06-09 20:00:00,NORMAL,-0.9138846473941684,-0.03882682865687965,-2.1085951853713634,-1.3607364107541395,covid_onset
2020-06-09 21:00:00,NORMAL,-0.9109409681426002,-0.04171412832236371,-1.642323577863613,-1.3607364107541395,covid_onset
2020-06-09 22:00:00,NORMAL,-0.9088859047611825,-0.04575049571750736,-1.4781354853295243,-1.3607364107541395,covid_onset
2020-06-09 23:00:00,NORMAL,-0.9069295820603778,-0.04839999286490937,-0.8493873722484045,-1.3607364107541395,covid_onset
2020-06-10 00:00:00,NORMAL,-0.9055553120211008,-0.04864368338827154,-0.06350573680834012,-1.3607364107541395,covid_onset
2020-06-10 01:00:00,NORMAL,-0.9043037939726365,-0.05022383452909223,-0.17713246765685825,-1.3607364107541395,covid_onset
2020-06-10 02:00:00,NORMAL,-0.9022065075269445,-0.05186811580672168,0.05479411375072494,-1.3607364107541395,covid_onset
2020-06-10 03:00:00,NORMAL,-0.8996292084380928,-0.05332056058799212,0.1713224873963698,-1.3607364107541395,covid_onset
2020-06-10 04:00:00,NORMAL,-0.8990593539683154,-0.056008884445759514,-0.29140424726384345,-1.3607364107541395,covid_onset
2020-06-10 05:00:00,NORMAL,-0.8983746111068094,-0.057254488023111616,-0.4575477464328758,-1.3607364107541395,covid_onset
2020-06-10 06:00:00,NORMAL,-0.8950323737249659,-0.05897990950454496,-0.9487096483307509,-1.3607364107541395,covid_onset
2020-06-10 07:00:00,NORMAL,-0.8922848504723737,-0.05772497531627254,-1.957730964963889,-1.3607364107541395,covid_onset
2020-06-10 08:00:00,NORMAL,-0.8937521139180743,-0.058244641400584114,-3.4169759227016794,-1.3607364107541395,covid_onset
2020-06-10 09:00:00,NORMAL,-0.8986676907224452,-0.061496179783746545,-4.440227247932192,-1.3607364107541395,covid_onset
2020-06-10 10:00:00,NORMAL,-0.9018310598176141,-0.06406479595445778,-4.83432579123784,-1.3607364107541395,covid_onset
2020-06-10 11:00:00,NORMAL,-0.9070101366418677,-0.0661677375158674,-4.437275271112031,-1.3607364107541395,covid_onset
2020-06-10 12:00:00,NORMAL,-0.9091583160714737,-0.06868196227469515,-2.0537097014928576,-1.3607364107541395,covid_onset
2020-06-10 13:00:00,NORMAL,-0.9130974276124465,-0.07104920368796365,-3.149797900976442,-1.3607364107541395,covid_onset
2020-06-10 14:00:00,NORMAL,-0.9203297107277137,-0.07243733249180107,-4.635576415069667,-1.3607364107541395,covid_onset
2020-06-10 15:00:00,NORMAL,-0.9283880716766886,-0.07146813688950852,-5.154591492695911,-1.3607364107541395,covid_onset
2020-06-10 16:00:00,NORMAL,-0.9360583534152443,-0.07206077962358019,-5.159542190107026,-1.3607364107541395,covid_onset
2020-06-10 17:00:00,NORMAL,-0.9406510021919459,-0.07074072766215603,-4.3943988659326445,-1.3607364107541395,covid_onset
2020-06-10 18:00:00,NORMAL,-0.9446875346294735,-0.06786666841506045,-3.3908520755432656,-1.3607364107541395,covid_onset
2020-06-10 19:00:00,NORMAL,-0.9525136748266915,-0.06580703799817177,-3.207109880587673,-1.3607364107541395,covid_onset
2020-06-10 20:00:00,NORMAL,-0.9611758543486204,-0.06437686398414363,-2.950204412761322,-1.3607364107541395,covid_onset
2020-06-10 21:00:00,NORMAL,-0.9709134084695237,-0.06297012095399791,-2.4844472384851066,-1.3607364107541395,covid_onset
2020-06-10 22:00:00,NORMAL,-0.9787956648074331,-0.059282989531899886,-1.7652094251402906,-1.3607364107541395,covid_onset
2020-06-10 23:00:00,NORMAL,-0.986442097098774,-0.057091807904340104,-1.3477999070397546,-1.3607364107541395,covid_onset
2020-06-11 00:00:00,NORMAL,-0.9946576446505285,-0.058087853003717715,-0.9121615491994118,-1.3607364107541395,covid_onset
2020-06-11 01:00:00,NORMAL,-1.0051095512361865,-0.05779431832737805,-1.0119664640373638,-1.3607364107541395,covid_onset
2020-06-11 02:00:00,NORMAL,-1.013839325256287,-0.05769000018608594,-0.7595082766494178,-1.3607364107541395,covid_onset
2020-06-11 03:00:00,NORMAL,-1.0227645907534846,-0.05821644990878889,-0.7291002987560921,-1.3607364107541395,covid_onset
2020-06-11 04:00:00,NORMAL,-1.0306423552262243,-0.05667438171014091,-0.7763983210402255,-1.3607364107541395,covid_onset
2020-06-11 05:00:00,NORMAL,-1.0383220769755148,-0.055826404421290964,-0.981610888526299,-1.3607364107541395,covid_onset
2020-06-11 06:00:00,NORMAL,-1.045101501536951,-0.054639237550876595,-1.3559471928767524,-1.3607364107541395,covid_onset
2020-06-11 07:00:00,NORMAL,-1.0504891326794181,-0.054182553366411895,-2.2477885341769057,-1.3607364107541395,covid_onset
2020-06-11 08:00:00,NORMAL,-1.0549785898739636,-0.05175955793653885,-3.252682601566139,-1.3607364107541395,covid_onset
2020-06-11 09:00:00,NORMAL,-1.0580380779908065,-0.04758673063865792,-4.017755862875842,-1.3607364107541395,covid_onset
2020-06-11 10:00:00,NORMAL,-1.0604101440240488,-0.04305265648642245,-4.283517272366029,-1.3607364107541395,covid_onset
2020-06-11 11:00:00,NORMAL,-1.0642229974756265,-0.038595541906566215,-3.979919834452596,-1.3607364107541395,covid_onset
2020-06-11 12:00:00,NORMAL,-1.0658374961418502,-0.03314072086798076,-1.7532090521698642,-1.3607364107541395,covid_onset
2020-06-11 13:00:00,NORMAL,-1.0700280890249634,-0.02676610574939753,-2.5392520937639187,-1.3607364107541395,covid_onset
2020-06-11 14:00:00,NORMAL,-1.0757421515162469,-0.019306726286083407,-3.484281650015993,-1.3607364107541395,covid_onset
2020-06-11 15:00:00,NORMAL,-1.0816984581595392,-0.012665158100471209,-3.8012230377133416,-1.3607364107541395,covid_onset
2020-06-11 16:00:00,NORMAL,-1.0872081409091106,-0.004552107225416367,-3.561194021045145,-1.3607364107541395,covid_onset
2020-06-11 17:00:00,NORMAL,-1.0914947233844638,0.000167859330501286,-3.2673045320479908,-1.3607364107541395,covid_onset
2020-06-11 18:00:00,NORMAL,-1.0964854817064906,0.00146627135730968,-2.9387830546790528,-1.3607364107541395,covid_onset
2020-06-11 19:00:00,NORMAL,-1.10702392441469,0.004087629111515768,-2.6869993889062975,-1.3607364107541395,covid_onset
2020-06-11 20:00:00,NORMAL,-1.119181871682405,0.007092836137065336,-2.495248232345587,-1.3607364107541395,covid_onset
2020-06-11 21:00:00,NORMAL,-1.1303537179970584,0.010225052321667677,-2.017018961448153,-1.3607364107541395,covid_onset
2020-06-11 22:00:00,NORMAL,-1.1418015818280849,0.010914496957733643,-1.7708781751800922,-1.3607364107541395,covid_onset
2020-06-11 23:00:00,NORMAL,-1.152515151644689,0.012323687447140921,-1.2896689407849187,-1.3607364107541395,covid_onset
2020-06-12 00:00:00,NORMAL,-1.1628073896183324,0.014365913422787499,-0.9857099346239652,-1.3607364107541395,covid_onset
2020-06-12 01:00:00,NORMAL,-1.173296409936189,0.01720691187205418,-0.8300938716323951,-1.3607364107541395,covid_onset
2020-06-12 02:00:00,NORMAL,-1.1850476969208945,0.019299543500499398,-0.81741839588097,-1.3607364107541395,covid_onset
2020-06-12 03:00:00,NORMAL,-1.196232860905432,0.021235106928211733,-0.9348409270996839,-1.3607364107541395,covid_onset
2020-06-12 04:00:00,NORMAL,-1.2079751647581065,0.02185661489555719,-1.030441065692932,-1.3607364107541395,covid_onset
2020-06-12 05:00:00,NORMAL,-1.2202913560783137,0.021829018226636115,-1.4984841244153613,-1.3607364107541395,covid_onset
2020-06-12 06:00:00,NORMAL,-1.2291011399437504,0.021600704958060393,-1.84710910599087,-1.3607364107541395,covid_onset
2020-06-12 07:00:00,NORMAL,-1.2390156165401145,0.020951911348841654,-2.840155694260653,-1.3607364107541395,covid_onset
2020-06-12 08:00:00,NORMAL,-1.249821657937694,0.019856506883748827,-3.6283280975356895,-1.3607364107541395,covid_onset
2020-06-12 09:00:00,NORMAL,-1.2555050179844038,0.019328825827645408,-3.843620859459955,-1.3607364107541395,covid_onset
2020-06-12 10:00:00,NORMAL,-1.260419830049099,0.01823124872968281,-4.2577770056446615,-1.3607364107541395,covid_onset
2020-06-12 11:00:00,NORMAL,-1.2631104775919175,0.01734384203164843,-3.9131997981854214,-1.3607364107541395,covid_onset
2020-06-12 12:00:00,NORMAL,-1.2630538142578076,0.017106332143375393,-1.494253271942055,-1.3607364107541395,covid_onset
2020-06-12 13:00:00,NORMAL,-1.262653055516597,0.016051214726837303,-2.204421518132276,-1.3607364107541395,covid_onset
2020-06-12 14:00:00,NORMAL,-1.2604065799251385,0.014651930835220631,-2.7761053335325445,-1.3607364107541395,covid_onset
2020-06-12 15:00:00,NORMAL,-1.2600064997234977,0.0127622086058716,-3.0769486797390204,-1.3607364107541395,covid_onset
2020-06-12 16:00:00,NORMAL,-1.2618771274185532,0.009540454131802366,-3.063779669702234,-1.3607364107541395,covid_onset
2020-06-12 17:00:00,NORMAL,-1.2646435539880454,0.007186855973233164,-3.02797601511927,-1.3607364107541395,covid_onset
2020-06-12 18:00:00,NORMAL,-1.2669964277945858,0.006989668683066418,-2.5684426344608906,-1.3607364107541395,covid_onset
2020-06-12 19:00:00,NORMAL,-1.2669210780917373,0.008457567612681566,-1.5107907951147768,-1.3607364107541395,covid_onset
2020-06-12 20:00:00,NORMAL,-1.2685617407415521,0.010530952742103084,-1.1379751782544243,-1.3607364107541395,covid_onset
2020-06-12 21:00:00,NORMAL,-1.2710324377934181,0.01229254040988975,-0.8028820456154234,-1.3607364107541395,covid_onset
2020-06-12 22:00:00,NORMAL,-1.27474508451113,0.015567583944602307,-0.46326865822301094,-1.3607364107541395,covid_onset
2020-06-12 23:00:00,NORMAL,-1.274785593804259,0.018867774375711462,0.04141075214246156,-1.3607364107541395,covid_onset
2020-06-13 00:00:00,NORMAL,-1.2770683873241107,0.022352480696940357,-0.057234519794164336,-1.3607364107541395,covid_onset
2020-06-13 01:00:00,NORMAL,-1.2803886090697811,0.024863670168867633,-0.09189915158391926,-1.3607364107541395,covid_onset
2020-06-13 02:00:00,NORMAL,-1.2841587304553055,0.02797937260584322,-0.2079429994222009,-1.3607364107541395,covid_onset
2020-06-13 03:00:00,NORMAL,-1.2890549566016591,0.03154906930990697,-0.2910616785072226,-1.3607364107541395,covid_onset
2020-06-13 04:00:00,NORMAL,-1.2935730398547562,0.034840372089538045,-0.3226564474901299,-1.3607364107541395,covid_onset
2020-06-13 05:00:00,NORMAL,-1.297844914659333,0.03867017731418445,-0.36887641398150073,-1.3607364107541395,covid_onset
2020-06-13 06:00:00,NORMAL,-1.3033056967051262,0.03937792412286226,-0.8859017226488118,-1.3607364107541395,covid_onset
2020-06-13 07:00:00,NORMAL,-1.3068950187890356,0.04002785650760367,-0.28792423612752915,-1.3607364107541395,covid_onset
2020-06-13 08:00:00,NORMAL,-1.3104980674693802,0.038223910147682894,-0.47256640282973256,-1.3607364107541395,covid_onset
2020-06-13 09:00:00,NORMAL,-1.3141448844543986,0.03418796942558631,-0.7099903205040767,-1.3607364107541395,covid_onset
2020-06-13 10:00:00,NORMAL,-1.3172723710590373,0.030440740011469947,-0.9246102846062727,-1.3607364107541395,covid_onset
2020-06-13 11:00:00,NORMAL,-1.319007693420382,0.026237103410539534,-1.1601799275148192,-1.3607364107541395,covid_onset
2020-06-13 12:00:00,NORMAL,-1.320722404780241,0.020313946415723542,-1.1782950793405966,-1.3607364107541395,covid_onset
2020-06-13 13:00:00,NORMAL,-1.3246193242731492,0.014421015875316592,-1.232513015345882,-1.3607364107541395,covid_onset
2020-06-13 14:00:00,NORMAL,-1.3272930632265836,0.007369311383613547,-1.186342342667152,-1.3607364107541395,covid_onset
2020-06-13 15:00:00,NORMAL,-1.33191088667865,0.0009432222648755219,-1.2421322984091656,-1.3607364107541395,covid_onset
2020-06-13 16:00:00,NORMAL,-1.334923911031004,-0.0034369335986801377,-1.2151878232863456,-1.3607364107541395,covid_onset
2020-06-13 17:00:00,NORMAL,-1.33941619364011,-0.005336047514394039,-1.459193475940394,-1.3607364107541395,covid_onset
2020-06-13 18:00:00,NORMAL,-1.3471531235338436,-0.00710520023133538,-1.188371389936552,-1.3607364107541395,covid_onset
2020-06-13 19:00:00,NORMAL,-1.3533268751774716,-0.010607012273604869,-0.519151059902406,-1.3607364107541395,covid_onset
2020-06-13 20:00:00,SHIFT,-1.3617874711040021,-0.013951527725214173,-0.307598554446827,-1.3607364107541395,covid_onset
2020-06-13 21:00:00,SHIFT,-1.3723575126356677,-0.017460133776621808,-0.3891434816064452,-1.3607364107541395,covid_onset
2020-06-13 22:00:00,SHIFT,-1.382631580758934,-0.02164785976916671,-0.36743187917108505,-1.3607364107541395,covid_onset
2020-06-13 23:00:00,SHIFT,-1.3947617617047006,-0.025802159577592004,0.031636915606816876,-1.3607364107541395,covid_onset
2020-06-14 00:00:00,SHIFT,-1.4081616161341273,-0.029118322107270122,-0.07289742342385085,-1.3607364107541395,covid_onset
2020-06-14 01:00:00,SHIFT,-1.418790503479276,-0.031637464235870306,0.13132151993445074,-1.3607364107541395,covid_onset
2020-06-14 02:00:00,SHIFT,-1.430358361845498,-0.03448054758716796,-0.16731721867473753,-1.3607364107541395,covid_onset
2020-06-14 03:00:00,SHIFT,-1.4416155288122283,-0.03725148634659662,-0.2152382491102973,-1.3607364107541395,covid_onset
2020-06-14 04:00:00,SHIFT,-1.4522667627921462,-0.03931619578794986,-0.10423330354781372,-1.3607364107541395,covid_onset
2020-06-14 05:00:00,SHIFT,-1.4609355949680656,-0.04169380500662126,-0.3490944503119962,-1.3607364107541395,covid_onset
2020-06-14 06:00:00,SHIFT,-1.4692186279758221,-0.04170147395575885,-1.0744480195049242,-1.3607364107541395,covid_onset
2020-06-14 07:00:00,SHIFT,-1.4741851723153419,-0.044722361933134135,-1.5518454449247086,-1.3607364107541395,covid_onset
2020-06-14 08:00:00,SHIFT,-1.478345649264821,-0.046938754252594576,-1.6984717562256,-1.3607364107541395,covid_onset
2020-06-14 09:00:00,SHIFT,-1.481806724046564,-0.04840189883831056,-1.8449058130516038,-1.3607364107541395,covid_onset
2020-06-14 10:00:00,SHIFT,-1.484575798840762,-0.05018070142302378,-2.065932737215457,-1.3607364107541395,covid_onset
2020-06-14 11:00:00,SHIFT,-1.4871262619327235,-0.051102631344663745,-2.266751973824861,-1.3607364107541395,covid_onset
2020-06-14 12:00:00,SHIFT,-1.489521876366853,-0.050153777865427775,-2.14146776046706,-1.3607364107541395,covid_onset
2020-06-14 13:00:00,SHIFT,-1.4922197068572718,-0.047895979287933856,-1.954561268694698,-1.3607364107541395,covid_onset
2020-06-14 14:00:00,SHIFT,-1.497618480469821,-0.044798892234997285,-1.8154962840389086,-1.3607364107541395,covid_onset
2020-06-14 15:00:00,SHIFT,-1.5004280019463576,-0.04146926870860063,-1.6415986429205107,-1.3607364107541395,covid_onset
2020-06-14 16:00:00,SHIFT,-1.502683829168878,-0.0393486239457972,-1.5515097129905198,-1.3607364107541395,covid_onset
2020-06-14 17:00:00,SHIFT,-1.5050056566217223,-0.03815994102412242,-1.5069663272876546,-1.3607364107541395,covid_onset
2020-06-14 18:00:00,SHIFT,-1.509551788423246,-0.03763803223902458,-1.3766267328796291,-1.3607364107541395,covid_onset
2020-06-14 19:00:00,SHIFT,-1.5107810625844766,-0.03655112873788765,-0.40386667798046116,-1.3607364107541395,covid_onset
2020-06-14 20:00:00,SHIFT,-1.5131410282679032,-0.03593468234657898,-0.10624180945252769,-1.3607364107541395,covid_onset
2020-06-14 21:00:00,SHIFT,-1.5158123888708008,-0.03348545946275664,0.4990630149754419,-1.3607364107541395,covid_onset
2020-06-14 22:00:00,SHIFT,-1.5198239516797278,-0.030351958581896085,0.6491212513192444,-1.3607364107541395,covid_onset
2020-06-14 23:00:00,SHIFT,-1.5215929406640203,-0.027310198531551932,1.0345597465146168,-1.3607364107541395,covid_onset
2020-06-15 00:00:00,SHIFT,-1.5210334583468916,-0.025301568269570165,0.9199943602652647,-1.3607364107541395,covid_onset
2020-06-15 01:00:00,SHIFT,-1.5230646653982234,-0.024570862188000694,0.8893769235811733,-1.3607364107541395,covid_onset
2020-06-15 02:00:00,SHIFT,-1.5249988009855182,-0.022761291901620753,0.9136697943719125,-1.3607364107541395,covid_onset
2020-06-15 03:00:00,SHIFT,-1.5270554174628228,-0.020909001850941845,0.7950407833357449,-1.3607364107541395,covid_onset
2020-06-15 04:00:00,SHIFT,-1.529775110525612,-0.020226058078853876,0.44680020054878034,-1.3607364107541395,covid_onset
2020-06-15 05:00:00,SHIFT,-1.5318187738069236,-0.017304642988088693,0.49680062340267606,-1.3607364107541395,covid_onset
2020-06-15 06:00:00,SHIFT,-1.5331680894264959,-0.01110418653998578,-0.027658891301727873,-1.3607364107541395,covid_onset
2020-06-15 07:00:00,SHIFT,-1.5376585992554628,0.0016660759340003373,-0.9830720257711718,-1.3607364107541395,covid_onset
2020-06-15 08:00:00,SHIFT,-1.538058272248794,0.02005079114749273,-1.5658657525896795,-1.3607364107541395,covid_onset
2020-06-15 09:00:00,SHIFT,-1.5362014695396513,0.03932231230477062,-2.4048730176765027,-1.3607364107541395,covid_onset
2020-06-15 10:00:00,SHIFT,-1.5399608693594344,0.058302773872379476,-3.2677946458643614,-1.3607364107541395,covid_onset
2020-06-15 11:00:00,SHIFT,-1.5492471713709268,0.07464787902329294,-3.693004803939846,-1.3607364107541395,covid_onset
2020-06-15 12:00:00,SHIFT,-1.5554137710985774,0.08689364089367575,-1.7809295066418314,-1.3607364107541395,covid_onset
2020-06-15 13:00:00,SHIFT,-1.5641644064219926,0.09552829960751318,-2.753059161764477,-1.3607364107541395,covid_onset
2020-06-15 14:00:00,SHIFT,-1.576454736662188,0.10279142452128444,-3.863479433146001,-1.3607364107541395,covid_onset
2020-06-15 15:00:00,SHIFT,-1.58692151956288,0.10789170226479962,-4.082782929457468,-1.3607364107541395,covid_onset
2020-06-15 16:00:00,SHIFT,-1.597582130818549,0.11014643971744832,-4.249864427103986,-1.3607364107541395,covid_onset
2020-06-15 17:00:00,SHIFT,-1.6049132953955971,0.11043071075034165,-3.5654460215709607,-1.3607364107541395,covid_onset
2020-06-15 18:00:00,SHIFT,-1.6137360674348815,0.11112914037515091,-3.138184630922208,-1.3607364107541395,covid_onset
2020-06-15 19:00:00,SHIFT,-1.6239073787058582,0.10890403621155999,-2.651305311198178,-1.3607364107541395,covid_onset
2020-06-15 20:00:00,SHIFT,-1.6324290073525671,0.10649534468349499,-1.942762525358302,-1.3607364107541395,covid_onset
2020-06-15 21:00:00,SHIFT,-1.639805967889968,0.10232757599719321,-1.313489278193022,-1.3607364107541395,covid_onset
2020-06-15 22:00:00,SHIFT,-1.6500735355338176,0.097269122523517,-1.2005666587485104,-1.3607364107541395,covid_onset
2020-06-15 23:00:00,SHIFT,-1.658578453229543,0.09147901449779024,-0.7882705482844616,-1.3607364107541395,covid_onset
2020-06-16 00:00:00,SHIFT,-1.6636603836527173,0.08614207037344111,-0.4299636934413466,-1.3607364107541395,covid_onset
2020-06-16 01:00:00,SHIFT,-1.670912610986081,0.08157812246842801,-0.39184420858905766,-1.3607364107541395,covid_onset
2020-06-16 02:00:00,SHIFT,-1.679192012302648,0.07612670480484239,-0.43299370869224246,-1.3607364107541395,covid_onset
2020-06-16 03:00:00,SHIFT,-1.687649744688207,0.07057504197086839,-0.49777564538546004,-1.3607364107541395,covid_onset
2020-06-16 04:00:00,SHIFT,-1.6957418070745132,0.06678099964973679,-0.5365527482225441,-1.3607364107541395,covid_onset
2020-06-16 05:00:00,SHIFT,-1.7046486508774836,0.05995238752025669,-1.0596331756742714,-1.3607364107541395,covid_onset
2020-06-16 06:00:00,SHIFT,-1.7132023471040025,0.0510689989989011,-1.4316689251603019,-1.3607364107541395,covid_onset
2020-06-16 07:00:00,SHIFT,-1.7195427790779798,0.03890533492918894,-2.50061820189595,-1.3607364107541395,covid_onset
2020-06-16 08:00:00,SHIFT,-1.7245861901288184,0.022269002655851855,-3.1868821833454155,-1.3607364107541395,covid_onset
2020-06-16 09:00:00,SHIFT,-1.729318137374354,0.00600040068023023,-3.5307183592735596,-1.3607364107541395,covid_onset
2020-06-16 10:00:00,SHIFT,-1.7331573833767022,-0.008371805275201599,-3.714916730770423,-1.3607364107541395,covid_onset
2020-06-16 11:00:00,SHIFT,-1.7353595171288259,-0.018577619677368575,-3.159075880403729,-1.3607364107541395,covid_onset
2020-06-16 12:00:00,SHIFT,-1.7364146613319658,-0.02477744087686466,-1.2896752137167256,-1.3607364107541395,covid_onset
2020-06-16 13:00:00,SHIFT,-1.736323229740224,-0.02777123061062356,-1.848940611792239,-1.3607364107541395,covid_onset
2020-06-16 14:00:00,SHIFT,-1.7326952060002299,-0.028935849536866384,-2.3748888261128367,-1.3607364107541395,covid_onset
2020-06-16 15:00:00,SHIFT,-1.72186980840667,-0.027910291988693856,-2.189381310550535,-1.3607364107541395,covid_onset
2020-06-16 16:00:00,SHIFT,-1.712956773746475,-0.023862379950470483,-2.242761671917315,-1.3607364107541395,covid_onset
2020-06-16 17:00:00,SHIFT,-1.7048428188521492,-0.020923707132433814,-2.3157733602619825,-1.3607364107541395,covid_onset
2020-06-16 18:00:00,SHIFT,-1.6970553809943358,-0.01858038000039847,-1.9389653176811454,-1.3607364107541395,covid_onset
2020-06-16 19:00:00,SHIFT,-1.6876791897670935,-0.012905034962111537,-1.0199438260394558,-1.3607364107541395,covid_onset
2020-06-16 20:00:00,SHIFT,-1.6782077712657386,-0.007709124612766065,-0.5173968771437518,-1.3607364107541395,covid_onset
2020-06-16 21:00:00,SHIFT,-1.6686088718663536,-0.002434841014950253,-0.029708478766979025,-1.3607364107541395,covid_onset
2020-06-16 22:00:00,SHIFT,-1.6572645689268786,0.0043434814349886325,0.42770740850234684,-1.3607364107541395,covid_onset
2020-06-16 23:00:00,SHIFT,-1.6475449228859969,0.011746948557028283,0.7835131626196637,-1.3607364107541395,covid_onset
2020-06-17 00:00:00,SHIFT,-1.640710482132432,0.019220828983196894,1.0846803097905555,-1.3607364107541395,covid_onset
2020-06-17 01:00:00,SHIFT,-1.6337343029858824,0.02641969343694041,0.9948656289634688,-1.3607364107541395,covid_onset
2020-06-17 02:00:00,SHIFT,-1.628098919114974,0.03407942107001317,1.0015386040633714,-1.3607364107541395,covid_onset
2020-06-17 03:00:00,SHIFT,-1.6237287984315372,0.041780610825535865,0.9055027622137368,-1.3607364107541395,covid_onset
2020-06-17 04:00:00,SHIFT,-1.6178124539373446,0.047919315299713654,0.7025416277605291,-1.3607364107541395,covid_onset
2020-06-17 05:00:00,SHIFT,-1.6127725111079918,0.0557411429813801,0.3891626488983941,-1.3607364107541395,covid_onset
2020-06-17 06:00:00,SHIFT,-1.6084870547231895,0.06187714698453856,-0.2287529756839622,-1.3607364107541395,covid_onset
2020-06-17 07:00:00,SHIFT,-1.603891271051429,0.0677148700149976,-1.1856393081081495,-1.3607364107541395,covid_onset
2020-06-17 08:00:00,SHIFT,-1.5940675047209616,0.0736123063144332,-1.7665831791831565,-1.3607364107541395,covid_onset
2020-06-17 09:00:00,SHIFT,-1.5808999906138943,0.07836023546694719,-2.2280848779448568,-1.3607364107541395,covid_onset
2020-06-17 10:00:00,SHIFT,-1.5696552122961305,0.08074724124385467,-2.9452030338535415,-1.3607364107541395,covid_onset
2020-06-17 11:00:00,SHIFT,-1.5590047404969294,0.08066742998921396,-2.6479960088462255,-1.3607364107541395,covid_onset
2020-06-17 12:00:00,SHIFT,-1.552488066262038,0.07985138558657483,-0.9589084300310876,-1.3607364107541395,covid_onset
2020-06-17 13:00:00,SHIFT,-1.541513002639997,0.07845874724707418,-1.3059872124735858,-1.3607364107541395,covid_onset
2020-06-17 14:00:00,SHIFT,-1.5246076843985774,0.07587755805614459,-1.7954829505111836,-1.3607364107541395,covid_onset
2020-06-17 15:00:00,SHIFT,-1.5075142428208164,0.07080796670254352,-2.2828933076320364,-1.3607364107541395,covid_onset
2020-06-17 16:00:00,SHIFT,-1.4913454318875932,0.06503609074655729,-2.44318195332556,-1.3607364107541395,covid_onset
2020-06-17 17:00:00,SHIFT,-1.4787061045191745,0.06204442008693115,-2.2709918680383043,-1.3607364107541395,covid_onset
2020-06-17 18:00:00,SHIFT,-1.4702357545652265,0.05940133165579234,-1.9678332832800136,-1.3607364107541395,covid_onset
2020-06-17 19:00:00,SHIFT,-1.4590067560165099,0.05504058277824899,-1.3206381244032577,-1.3607364107541395,covid_onset
2020-06-17 20:00:00,SHIFT,-1.4462280678938815,0.051221420107214234,-0.8033848081597535,-1.3607364107541395,covid_onset
2020-06-17 21:00:00,SHIFT,-1.433559946323073,0.04755617738407247,-0.3562028145892522,-1.3607364107541395,covid_onset
2020-06-17 22:00:00,SHIFT,-1.4224929957930275,0.042894280944642295,0.09403826390731665,-1.3607364107541395,covid_onset
2020-06-17 23:00:00,SHIFT,-1.4117008424259805,0.03821111749436556,0.4652818586241832,-1.3607364107541395,covid_onset
2020-06-18 00:00:00,SHIFT,-1.4050804420305927,0.03191895456952109,0.2000657172257305,-1.3607364107541395,covid_onset
2020-06-18 01:00:00,SHIFT,-1.3982063210926394,0.025842901110512958,0.14288585353880337,-1.3607364107541395,covid_onset
2020-06-18 02:00:00,SHIFT,-1.3897863926508787,0.020816892485103034,0.6550397015663534,-1.3607364107541395,covid_onset
2020-06-18 03:00:00,SHIFT,-1.381263293223716,0.01609059702690643,0.7027804050072499,-1.3607364107541395,covid_onset
2020-06-18 04:00:00,SHIFT,-1.3735221599055654,0.012102719888126895,0.524112076409053,-1.3607364107541395,covid_onset
2020-06-18 05:00:00,SHIFT,-1.36482413502358,0.008367726684389346,0.47965729164727283,-1.3607364107541395,covid_onset
2020-06-18 06:00:00,NORMAL,-1.3568776876517135,0.00589124881199233,-0.02094403440318474,-1.3607364107541395,covid_onset
2020-06-18 07:00:00,NORMAL,-1.3500783618947982,0.003232645365348116,-1.1055018070151321,-1.3607364107541395,covid_onset
2020-06-18 08:00:00,NORMAL,-1.3455969747761616,-0.0010166085349509885,-2.4998095656352004,-1.3607364107541395,covid_onset
2020-06-18 09:00:00,NORMAL,-1.3438314303295893,-0.006439542419362602,-3.7211443958517,-1.3607364107541395,covid_onset
2020-06-18 10:00:00,NORMAL,-1.3460667466643668,-0.011229536874575867,-4.6590504166086335,-1.3607364107541395,covid_onset
2020-06-18 11:00:00,NORMAL,-1.351003343911204,-0.01676730360651425,-4.8092681719212225,-1.3607364107541395,covid_onset
2020-06-18 12:00:00,NORMAL,-1.3529837005700063,-0.022960394605368972,-2.0859089708486906,-1.3607364107541395,covid_onset
2020-06-18 13:00:00,NORMAL,-1.3541004975633353,-0.02914021680441263,-2.7268739886431916,-1.3607364107541395,covid_onset
2020-06-18 14:00:00,NORMAL,-1.352503990645036,-0.03393159198235023,-3.216068487741709,-1.3607364107541395,covid_onset
2020-06-18 15:00:00,NORMAL,-1.348268371956055,-0.03557913457608212,-3.089639097964513,-1.3607364107541395,covid_onset
2020-06-18 16:00:00,NORMAL,-1.3453229821537438,-0.036586536834194466,-3.066368534256885,-1.3607364107541395,covid_onset
2020-06-18 17:00:00,NORMAL,-1.3404423100126053,-0.03709533746100275,-2.4473516123367114,-1.3607364107541395,covid_onset
2020-06-18 18:00:00,NORMAL,-1.3367301682589454,-0.037742539363837826,-2.3151432400641854,-1.3607364107541395,covid_onset
2020-06-18 19:00:00,NORMAL,-1.3287708420607016,-0.03717375389599723,-1.3498325876013761,-1.3607364107541395,covid_onset
2020-06-18 20:00:00,NORMAL,-1.3219802219980283,-0.03774636380901082,-1.3544240618164354,-1.3607364107541395,covid_onset
2020-06-18 21:00:00,NORMAL,-1.3140712057608084,-0.03777072406675313,-0.6883042335952303,-1.3607364107541395,covid_onset
2020-06-18 22:00:00,NORMAL,-1.3054704324880329,-0.037977578587795595,-0.3259482653537818,-1.3607364107541395,covid_onset
2020-06-18 23:00:00,NORMAL,-1.2968881440949522,-0.037978693965740586,0.1521555092526222,-1.3607364107541395,covid_onset
2020-06-19 00:00:00,NORMAL,-1.287725248140618,-0.03487343190326779,0.5536565857041653,-1.3607364107541395,covid_onset
2020-06-19 01:00:00,NORMAL,-1.2784201048644572,-0.031089114355022197,0.7331701987626174,-1.3607364107541395,covid_onset
2020-06-19 02:00:00,NORMAL,-1.2683784216731677,-0.029610210353306517,0.8695843802556542,-1.3607364107541395,covid_onset
2020-06-19 03:00:00,NORMAL,-1.2584645298557902,-0.028985141972670995,0.7306928982197961,-1.3607364107541395,covid_onset
2020-06-19 04:00:00,NORMAL,-1.2484514249698702,-0.02817948909273507,0.6517605551415979,-1.3607364107541395,covid_onset
2020-06-19 05:00:00,NORMAL,-1.237763493473702,-0.02885876372213402,0.2970883669409035,-1.3607364107541395,covid_onset
2020-06-19 06:00:00,NORMAL,-1.2282439829380045,-0.02984933090945233,-0.2478313359936753,-1.3607364107541395,covid_onset
2020-06-19 07:00:00,NORMAL,-1.2170208036225263,-0.02970850596686585,-0.9546615692603267,-1.3607364107541395,covid_onset
2020-06-19 08:00:00,NORMAL,-1.2072252328787496,-0.027314837341947226,-1.982672212581232,-1.3607364107541395,covid_onset
2020-06-19 09:00:00,NORMAL,-1.2033755328406068,-0.023441080794708757,-3.196871253051922,-1.3607364107541395,covid_onset
2020-06-19 10:00:00,NORMAL,-1.2024831109682137,-0.019031937835583927,-4.107850131082617,-1.3607364107541395,covid_onset
2020-06-19 11:00:00,NORMAL,-1.2022964925854578,-0.01243398070879227,-3.8818479098824388,-1.3607364107541395,covid_onset
2020-06-19 12:00:00,NORMAL,-1.2029889896738741,-0.00542202150364271,-1.610592782796012,-1.3607364107541395,covid_onset
2020-06-19 13:00:00,NORMAL,-1.2033852960012994,0.000583848854287256,-2.2710009811397103,-1.3607364107541395,covid_onset
2020-06-19 14:00:00,NORMAL,-1.2039847321543466,0.004829463917433067,-2.876810607244494,-1.3607364107541395,covid_onset
2020-06-19 15:00:00,NORMAL,-1.2029822261376097,0.0071293953601157594,-2.9085276689272104,-1.3607364107541395,covid_onset
2020-06-19 16:00:00,NORMAL,-1.200825462074493,0.009503223239913221,-2.7014433070986197,-1.3607364107541395,covid_onset
2020-06-19 17:00:00,NORMAL,-1.1955912599360266,0.010602491916486935,-2.148630055856919,-1.3607364107541395,covid_onset
2020-06-19 18:00:00,NORMAL,-1.1916072305897265,0.012168248885461993,-1.89912570428247,-1.3607364107541395,covid_onset
2020-06-19 19:00:00,NORMAL,-1.1908569265072904,0.01215596565016176,-1.3847397092655371,-1.3607364107541395,covid_onset
2020-06-19 20:00:00,NORMAL,-1.1899446946934913,0.014137466902315439,-0.9847202335361558,-1.3607364107541395,covid_onset
2020-06-19 21:00:00,NORMAL,-1.19010747062494,0.014548630174826993,-0.8302284020988241,-1.3607364107541395,covid_onset
2020-06-19 22:00:00,NORMAL,-1.1920933997086864,0.01440984048572265,-0.7969047442924005,-1.3607364107541395,covid_onset
2020-06-19 23:00:00,NORMAL,-1.1948719435065533,0.013767583465731939,-0.4253846058991955,-1.3607364107541395,covid_onset
2020-06-20 00:00:00,NORMAL,-1.1948862373651774,0.011886730405266983,-0.059635888042957504,-1.3607364107541395,covid_onset
2020-06-20 01:00:00,NORMAL,-1.1929541387146483,0.009695897655214133,0.23269342170491206,-1.3607364107541395,covid_onset
2020-06-20 02:00:00,NORMAL,-1.1901544406989977,0.008442159861838933,0.26240626720713006,-1.3607364107541395,covid_onset
2020-06-20 03:00:00,NORMAL,-1.1859237713121151,0.008004414619139671,0.4196907784890322,-1.3607364107541395,covid_onset
2020-06-20 04:00:00,NORMAL,-1.184360591706431,0.006093418511616905,-0.060042273735185,-1.3607364107541395,covid_onset
2020-06-20 05:00:00,NORMAL,-1.1799729669680215,0.005828555783503313,0.3682445420712838,-1.3607364107541395,covid_onset
2020-06-20 06:00:00,NORMAL,-1.173103899857915,0.004982783161676133,0.2681015518490748,-1.3607364107541395,covid_onset
2020-06-20 07:00:00,NORMAL,-1.171054597406448,0.001272103287609105,0.05635857571895104,-1.3607364107541395,covid_onset
2020-06-20 08:00:00,NORMAL,-1.1718495669791598,-0.005697628996428864,-0.6061212910452892,-1.3607364107541395,covid_onset
2020-06-20 09:00:00,NORMAL,-1.1726443120452232,-0.012133074834785623,-0.843507491602767,-1.3607364107541395,covid_onset
2020-06-20 10:00:00,NORMAL,-1.1730346144088801,-0.01752840803909482,-0.9901810817006554,-1.3607364107541395,covid_onset
2020-06-20 11:00:00,NORMAL,-1.174178042247649,-0.024567082471533025,-1.3522758044279937,-1.3607364107541395,covid_onset
2020-06-20 12:00:00,NORMAL,-1.17543553396798,-0.03184492605903281,-1.389553688356166,-1.3607364107541395,covid_onset
2020-06-20 13:00:00,NORMAL,-1.1764776528964858,-0.03851668022643909,-1.407588995334863,-1.3607364107541395,covid_onset
2020-06-20 14:00:00,NORMAL,-1.177050411135326,-0.044644797399475196,-1.2825657267923007,-1.3607364107541395,covid_onset
2020-06-20 15:00:00,NORMAL,-1.1771390226496365,-0.05008305624490633,-1.2570190328133435,-1.3607364107541395,covid_onset
2020-06-20 16:00:00,NORMAL,-1.1786212774396465,-0.055578165362530164,-1.4642066280079982,-1.3607364107541395,covid_onset
2020-06-20 17:00:00,NORMAL,-1.179105942701332,-0.05973487129624419,-1.5406172399035825,-1.3607364107541395,covid_onset
2020-06-20 18:00:00,NORMAL,-1.1796351162584138,-0.06310174750047087,-1.2772725475262874,-1.3607364107541395,covid_onset
2020-06-20 19:00:00,NORMAL,-1.1823570137352513,-0.06517908485957691,-0.9764298360111234,-1.3607364107541395,covid_onset
2020-06-20 20:00:00,NORMAL,-1.1857426740987147,-0.06770627183708226,-0.8763894955086914,-1.3607364107541395,covid_onset
2020-06-20 21:00:00,NORMAL,-1.1859385099237467,-0.06799084461604986,-0.4220439002117671,-1.3607364107541395,covid_onset
2020-06-20 22:00:00,NORMAL,-1.1858423569037082,-0.0670330381549042,-0.35127817180466997,-1.3607364107541395,covid_onset
2020-06-20 23:00:00,NORMAL,-1.1862337668489564,-0.06538730366068403,-0.03411995519484906,-1.3607364107541395,covid_onset
2020-06-21 00:00:00,NORMAL,-1.185180838687371,-0.06403688059533012,0.10399450772252083,-1.3607364107541395,covid_onset
2020-06-21 01:00:00,NORMAL,-1.184597257976635,-0.06345209822070415,0.2293630793380549,-1.3607364107541395,covid_onset
2020-06-21 02:00:00,NORMAL,-1.1813842113419903,-0.06250168841211408,0.372474615945569,-1.3607364107541395,covid_onset
2020-06-21 03:00:00,NORMAL,-1.1786879576541174,-0.06254662628618153,0.2377323704523858,-1.3607364107541395,covid_onset
2020-06-21 04:00:00,NORMAL,-1.1769855442245212,-0.06043588459832441,0.18177215262433966,-1.3607364107541395,covid_onset
2020-06-21 05:00:00,NORMAL,-1.1739793330544988,-0.060194725490725014,0.15594902625175905,-1.3607364107541395,covid_onset
2020-06-21 06:00:00,NORMAL,-1.1701460233592866,-0.06056123004986686,-0.4304519907092839,-1.3607364107541395,covid_onset
2020-06-21 07:00:00,NORMAL,-1.1679956829843177,-0.0606456323701115,-1.1905882619299122,-1.3607364107541395,covid_onset
2020-06-21 08:00:00,NORMAL,-1.1680161481386429,-0.059012816205073156,-1.7019099021522535,-1.3607364107541395,covid_onset
2020-06-21 09:00:00,NORMAL,-1.1669450252902187,-0.0574136480892986,-1.6649571745163292,-1.3607364107541395,covid_onset
2020-06-21 10:00:00,NORMAL,-1.1670998830936983,-0.05848320602314019,-2.0919488482000115,-1.3607364107541395,covid_onset
2020-06-21 11:00:00,NORMAL,-1.1668892625454468,-0.0576245723310889,-2.231367721718655,-1.3607364107541395,covid_onset
2020-06-21 12:00:00,NORMAL,-1.1667313853927073,-0.05551851595227714,-2.1149443988067897,-1.3607364107541395,covid_onset
2020-06-21 13:00:00,NORMAL,-1.1684967824399795,-0.053382447915282905,-2.2511479726364003,-1.3607364107541395,covid_onset
2020-06-21 14:00:00,NORMAL,-1.1694162365658107,-0.05043767541044428,-1.9699645771785894,-1.3607364107541395,covid_onset
2020-06-21 15:00:00,NORMAL,-1.1659644865633028,-0.044814909561904336,-1.0617046424991805,-1.3607364107541395,covid_onset
2020-06-21 16:00:00,NORMAL,-1.1582351869980974,-0.03654830851689616,-0.2529873860360021,-1.3607364107541395,covid_onset
2020-06-21 17:00:00,NORMAL,-1.150489809595278,-0.02948885603654251,-0.20574292361402127,-1.3607364107541395,covid_onset
2020-06-21 18:00:00,NORMAL,-1.1407723875681102,-0.023238661879371996,0.25590016768458757,-1.3607364107541395,covid_onset
2020-06-21 19:00:00,NORMAL,-1.1327985859293987,-0.01632388683914462,0.9357319973230276,-1.3607364107541395,covid_onset
2020-06-21 20:00:00,NORMAL,-1.123698965013804,-0.00952130881877471,1.422494504367396,-1.3607364107541395,covid_onset
2020-06-21 21:00:00,NORMAL,-1.1142183695593828,-0.0036602280101825403,2.0918030513182213,-1.3607364107541395,covid_onset
2020-06-21 22:00:00,NORMAL,-1.1059398977882826,0.0016492547641812107,2.039904508864091,-1.3607364107541395,covid_onset
2020-06-21 23:00:00,NORMAL,-1.106741367847695,0.0035640840920383478,0.899912776533327,-1.3607364107541395,covid_onset
2020-06-22 00:00:00,NORMAL,-1.1090718242719342,0.0036940562943159456,0.5284776809930875,-1.3607364107541395,covid_onset
2020-06-22 01:00:00,NORMAL,-1.1114721553573734,0.00365689364783201,0.4861213012273624,-1.3607364107541395,covid_onset
2020-06-22 02:00:00,NORMAL,-1.115637245486416,0.002060761432766465,0.21393465269273942,-1.3607364107541395,covid_onset
2020-06-22 03:00:00,NORMAL,-1.1199631129381697,0.0013982353695674698,0.06829505144115544,-1.3607364107541395,covid_onset
2020-06-22 04:00:00,NORMAL,-1.1230380931815656,-2.8067230415256862e-06,-0.06979648034170213,-1.3607364107541395,covid_onset
2020-06-22 05:00:00,NORMAL,-1.1269227074673533,0.0005257484866466565,-0.1558145766097024,-1.3607364107541395,covid_onset
2020-06-22 06:00:00,NORMAL,-1.1298727902566899,0.004838374449993611,-0.5232727999102349,-1.3607364107541395,covid_onset
2020-06-22 07:00:00,NORMAL,-1.130313592292078,0.015955181842502723,-1.057126767716408,-1.3607364107541395,covid_onset
2020-06-22 08:00:00,NORMAL,-1.1314419235893856,0.033436154871717645,-1.7554254105373517,-1.3607364107541395,covid_onset
2020-06-22 09:00:00,NORMAL,-1.1293690243385668,0.05099068769164152,-2.0566259435389447,-1.3607364107541395,covid_onset
2020-06-22 10:00:00,NORMAL,-1.1224765197846125,0.07299073632526194,-2.1098538808000145,-1.3607364107541395,covid_onset
2020-06-22 11:00:00,NORMAL,-1.1120245826863158,0.0930059217518452,-1.9370793714260235,-1.3607364107541395,covid_onset
2020-06-22 12:00:00,NORMAL,-1.1049091618907187,0.11083047395458717,-0.5855388129815119,-1.3607364107541395,covid_onset
2020-06-22 13:00:00,NORMAL,-1.0951724621656937,0.12792817437724743,-1.1172936079602904,-1.3607364107541395,covid_onset
2020-06-22 14:00:00,NORMAL,-1.0810813124850935,0.14326911369995118,-1.4961662868051813,-1.3607364107541395,covid_onset
2020-06-22 15:00:00,NORMAL,-1.0665015793409713,0.15104710329069967,-1.6333877612449297,-1.3607364107541395,covid_onset
2020-06-22 16:00:00,NORMAL,-1.0495619132060416,0.15198239952439418,-1.4040005164358027,-1.3607364107541395,covid_onset
2020-06-22 17:00:00,NORMAL,-1.0394623696521492,0.14919398433847894,-1.8687227045170287,-1.3607364107541395,covid_onset
2020-06-22 18:00:00,NORMAL,-1.029175153467209,0.14543079440202333,-1.4099323118522342,-1.3607364107541395,covid_onset
2020-06-22 19:00:00,NORMAL,-1.0156314315488153,0.14047039392269148,-0.3759600289080409,-1.3607364107541395,covid_onset
2020-06-22 20:00:00,NORMAL,-1.003649842529445,0.13455653632529363,0.0701444298959141,-1.3607364107541395,covid_onset
2020-06-22 21:00:00,NORMAL,-0.9911056776977613,0.1284555565449388,0.7939304135298374,-1.3607364107541395,covid_onset
2020-06-22 22:00:00,NORMAL,-0.97846576728524,0.12238167900502367,0.9229382905550388,-1.3607364107541395,covid_onset
2020-06-22 23:00:00,NORMAL,-0.9705298736100633,0.12011570161615943,0.544959589145233,-1.3607364107541395,covid_onset
2020-06-23 00:00:00,NORMAL,-0.9610093563050719,0.12123139460388249,1.1694832137972233,-1.3607364107541395,covid_onset
2020-06-23 01:00:00,NORMAL,-0.9511798927400819,0.12332471122926209,1.2595056703292715,-1.3607364107541395,covid_onset
2020-06-23 02:00:00,NORMAL,-0.9410276169230742,0.12756184611601779,1.2725886285650463,-1.3607364107541395,covid_onset
2020-06-23 03:00:00,NORMAL,-0.9311149021504151,0.13177596934639924,1.1675604364212278,-1.3607364107541395,covid_onset
2020-06-23 04:00:00,NORMAL,-0.9210623048768325,0.13600405333856877,1.1522835937393527,-1.3607364107541395,covid_onset
2020-06-23 05:00:00,NORMAL,-0.9095314239501853,0.13861955465612238,0.8775548200024935,-1.3607364107541395,covid_onset
2020-06-23 06:00:00,NORMAL,-0.8987601582057336,0.13813318884223413,0.377903719907528,-1.3607364107541395,covid_onset
2020-06-23 07:00:00,NORMAL,-0.885775280344714,0.1319826196029462,-0.3191587212446365,-1.3607364107541395,covid_onset
2020-06-23 08:00:00,NORMAL,-0.8773682042482671,0.11879292618888439,-1.7744933991423264,-1.3607364107541395,covid_onset
2020-06-23 09:00:00,NORMAL,-0.8707615512516272,0.1043338736041951,-2.4208006558380633,-1.3607364107541395,covid_onset
2020-06-23 10:00:00,NORMAL,-0.8665742956472956,0.0860019206336552,-3.0114577892426926,-1.3607364107541395,covid_onset
2020-06-23 11:00:00,NORMAL,-0.8651304688642332,0.06807442238267368,-2.916512980849273,-1.3607364107541395,covid_onset
2020-06-23 12:00:00,NORMAL,-0.8639411561536247,0.05111176437038744,-1.089870678334473,-1.3607364107541395,covid_onset
2020-06-23 13:00:00,NORMAL,-0.8625080539934825,0.03545783472494821,-1.6081794488883634,-1.3607364107541395,covid_onset
2020-06-23 14:00:00,NORMAL,-0.8654120703137453,0.01923701964985951,-2.8627635679169763,-1.3607364107541395,covid_onset
2020-06-23 15:00:00,NORMAL,-0.8731516382944795,0.006700767932597221,-3.4896287313139127,-1.3607364107541395,covid_onset
2020-06-23 16:00:00,NORMAL,-0.8790349060076995,-0.001991783139881973,-3.2311506477382665,-1.3607364107541395,covid_onset
2020-06-23 17:00:00,NORMAL,-0.8827766129474248,-0.005219718945071332,-2.944380126135813,-1.3607364107541395,covid_onset
2020-06-23 18:00:00,NORMAL,-0.8859901719155188,-0.00731446115804982,-2.478843224320958,-1.3607364107541395,covid_onset
2020-06-23 19:00:00,NORMAL,-0.8937341654498877,-0.01107021924437393,-2.320934739813427,-1.3607364107541395,covid_onset
2020-06-23 20:00:00,NORMAL,-0.9043862897483097,-0.015081998805897777,-2.3069537592786107,-1.3607364107541395,covid_onset
2020-06-23 21:00:00,NORMAL,-0.9149235605280966,-0.019600304601357373,-1.7999699697712273,-1.3607364107541395,covid_onset
2020-06-23 22:00:00,NORMAL,-0.9254940803240227,-0.023589987493133513,-1.3481399172131963,-1.3607364107541395,covid_onset
2020-06-23 23:00:00,NORMAL,-0.9367751067818003,-0.027365830163617485,-1.1116992822869767,-1.3607364107541395,covid_onset
2020-06-24 00:00:00,NORMAL,-0.9465945489192064,-0.033263101657392276,-0.5649859692936702,-1.3607364107541395,covid_onset
2020-06-24 01:00:00,NORMAL,-0.9553240102908934,-0.039682117250548876,-0.4716838814799558,-1.3607364107541395,covid_onset
2020-06-24 02:00:00,NORMAL,-0.9640415228744978,-0.04705363475348547,-0.46300350998217726,-1.3607364107541395,covid_onset
2020-06-24 03:00:00,NORMAL,-0.9716028307761978,-0.05427601434855561,-0.3647969652718634,-1.3607364107541395,covid_onset
2020-06-24 04:00:00,NORMAL,-0.9789506276096718,-0.06193184192432543,-0.5318882402630859,-1.3607364107541395,covid_onset
2020-06-24 05:00:00,NORMAL,-0.9844650688218882,-0.06803066919453779,-0.537263474753952,-1.3607364107541395,covid_onset
2020-06-24 06:00:00,NORMAL,-0.9887338375378041,-0.07306697847060516,-0.9459061199578519,-1.3607364107541395,covid_onset
2020-06-24 07:00:00,NORMAL,-0.9921223890874786,-0.07730770008419953,-1.754915968453474,-1.3607364107541395,covid_onset
2020-06-24 08:00:00,NORMAL,-0.9998380882018972,-0.07970438783998253,-3.0628206304054864,-1.3607364107541395,covid_onset
2020-06-24 09:00:00,NORMAL,-1.0056892748290547,-0.08052588176166396,-3.2110842313072845,-1.3607364107541395,covid_onset
2020-06-24 10:00:00,NORMAL,-1.0099951744677012,-0.08012679112941261,-3.668594173146169,-1.3607364107541395,covid_onset
2020-06-24 11:00:00,NORMAL,-1.0119566151692405,-0.07830331394805855,-2.9775180467048408,-1.3607364107541395,covid_onset
2020-06-24 12:00:00,NORMAL,-1.0133845587233112,-0.07672015598547424,-1.198802947114961,-1.3607364107541395,covid_onset
2020-06-24 13:00:00,NORMAL,-1.0155250492398156,-0.07539717108085135,-1.6655896192463289,-1.3607364107541395,covid_onset
2020-06-24 14:00:00,NORMAL,-1.0181037565950801,-0.07060811896621098,-2.228705786195619,-1.3607364107541395,covid_onset
2020-06-24 15:00:00,NORMAL,-1.016812812823986,-0.06295028437050214,-2.0660147540882043,-1.3607364107541395,covid_onset
2020-06-24 16:00:00,NORMAL,-1.0151463400840481,-0.05621123945705609,-2.163214533015989,-1.3607364107541395,covid_onset
2020-06-24 17:00:00,NORMAL,-1.0146070332373707,-0.051966616367601866,-2.1803883177965315,-1.3607364107541395,covid_onset
2020-06-24 18:00:00,NORMAL,-1.0141079616555702,-0.04861225075505402,-1.8839892575375066,-1.3607364107541395,covid_onset
2020-06-24 19:00:00,NORMAL,-1.0123652727338812,-0.04175535517312386,-1.0278663855595538,-1.3607364107541395,covid_onset
2020-06-24 20:00:00,NORMAL,-1.0109717699269867,-0.03291035810084637,-0.5692763366014304,-1.3607364107541395,covid_onset
2020-06-24 21:00:00,NORMAL,-1.0095476330441875,-0.023560510807486463,-0.11694781827900685,-1.3607364107541395,covid_onset
2020-06-24 22:00:00,NORMAL,-1.0080642722609707,-0.014569377158865908,0.34324287548772603,-1.3607364107541395,covid_onset
2020-06-24 23:00:00,NORMAL,-1.0086823142055403,-0.006935860723578255,0.3614508119365335,-1.3607364107541395,covid_onset
2020-06-25 00:00:00,NORMAL,-1.0040282471712847,0.0015578635857668225,0.98194897898067,-1.3607364107541395,covid_onset
2020-06-25 01:00:00,NORMAL,-0.9990560911347606,0.010017736155457375,0.9782080676748296,-1.3607364107541395,covid_onset
2020-06-25 02:00:00,NORMAL,-0.9973935878519145,0.01850018871468942,0.9343402530845175,-1.3607364107541395,covid_onset
2020-06-25 03:00:00,NORMAL,-0.9962562068026347,0.026289054767785345,0.8938604212862122,-1.3607364107541395,covid_onset
2020-06-25 04:00:00,NORMAL,-0.994467360380701,0.03443273384016735,0.8246382752939252,-1.3607364107541395,covid_onset
2020-06-25 05:00:00,NORMAL,-0.9955204936277947,0.040084944481119045,0.30273090613553777,-1.3607364107541395,covid_onset
2020-06-25 06:00:00,NORMAL,-0.995574922659759,0.04520702200118073,-0.03008811177318924,-1.3607364107541395,covid_onset
2020-06-25 07:00:00,NORMAL,-0.9940981983938654,0.04982810978045287,-0.8574121303449891,-1.3607364107541395,covid_onset
2020-06-25 08:00:00,NORMAL,-0.9894208000607825,0.05496556193771465,-1.7140066456772878,-1.3607364107541395,covid_onset
2020-06-25 09:00:00,NORMAL,-0.9802065191260139,0.05851545446770653,-2.1731451988105555,-1.3607364107541395,covid_onset
2020-06-25 10:00:00,NORMAL,-0.9672004812694096,0.06212863867516654,-2.474036056699122,-1.3607364107541395,covid_onset
2020-06-25 11:00:00,NORMAL,-0.951643000422917,0.06389515485218773,-2.1956113897104728,-1.3607364107541395,covid_onset
2020-06-25 12:00:00,NORMAL,-0.9436894117165708,0.06630062497708764,-0.7497060681825353,-1.3607364107541395,covid_onset
2020-06-25 13:00:00,NORMAL,-0.9337440473369659,0.0684315695662674,-1.0560527728695561,-1.3607364107541395,covid_onset
2020-06-25 14:00:00,NORMAL,-0.9247549143316887,0.068101717865259,-1.7058941428551302,-1.3607364107541395,covid_onset
2020-06-25 15:00:00,NORMAL,-0.9179585749825131,0.0648495240537723,-1.9478540873030235,-1.3607364107541395,covid_onset
2020-06-25 16:00:00,NORMAL,-0.9120056818646377,0.06242564915771715,-2.0662824904538155,-1.3607364107541395,covid_onset
2020-06-25 17:00:00,NORMAL,-0.9089472597916125,0.061165771530864325,-1.9335367040684799,-1.3607364107541395,covid_onset
2020-06-25 18:00:00,NORMAL,-0.9046092675892354,0.06052840708547841,-1.5863605500648534,-1.3607364107541395,covid_onset
2020-06-25 19:00:00,NORMAL,-0.8987708223444476,0.059007922432982064,-0.3689737864769816,-1.3607364107541395,covid_onset
2020-06-25 20:00:00,NORMAL,-0.8896934093118379,0.05655925665051013,0.1705813276619803,-1.3607364107541395,covid_onset
2020-06-25 21:00:00,NORMAL,-0.8825743861640516,0.053920298330299966,0.5076916552328609,-1.3607364107541395,covid_onset
2020-06-25 22:00:00,NORMAL,-0.8756577798549071,0.05089732572168663,0.8360415945824892,-1.3607364107541395,covid_onset
2020-06-25 23:00:00,NORMAL,-0.8693937855018326,0.0491016535500746,1.2045065605691399,-1.3607364107541395,covid_onset
2020-06-26 00:00:00,NORMAL,-0.8664544319347859,0.0450314542742829,1.0474679849680273,-1.3607364107541395,covid_onset
